{
"type": "FeatureCollection",
"name": "field_parcels",
"crs": { "type": "name", "properties": { "name": "urn:ogc:def:crs:OGC:1.3:CRS84" } },
"features": [
{ "type": "Feature", "properties": { "parcel_id": 1, "area_ha": 14.09, "pixels": 1409 }, "geometry": { "type": "Polygon", "coordinates": [ [ [ 18.233756243582746, 45.98091819432053 ], [ 18.233756243582746, 45.976549609491556 ], [ 18.233974672824196, 45.976549609491556 ], [ 18.233974672824196, 45.976440394870835 ], [ 18.234411531307092, 45.976440394870835 ], [ 18.234411531307092, 45.976331180250114 ], [ 18.234848389789988, 45.976331180250114 ], [ 18.234848389789988, 45.976221965629385 ], [ 18.235285248272888, 45.976221965629385 ], [ 18.235285248272888, 45.976112751008664 ], [ 18.235503677514334, 45.976112751008664 ], [ 18.235503677514334, 45.976003536387935 ], [ 18.235612892135059, 45.976003536387935 ], [ 18.235612892135059, 45.975894321767214 ], [ 18.235722106755784, 45.975894321767214 ], [ 18.235722106755784, 45.978406258043869 ], [ 18.235831321376509, 45.978406258043869 ], [ 18.235831321376509, 45.979061545768218 ], [ 18.235940535997234, 45.979061545768218 ], [ 18.235940535997234, 45.979279975009668 ], [ 18.236049750617955, 45.979279975009668 ], [ 18.236049750617955, 45.979389189630389 ], [ 18.23615896523868, 45.979389189630389 ], [ 18.23615896523868, 45.979498404251117 ], [ 18.237906399170267, 45.979498404251117 ], [ 18.237906399170267, 45.979389189630389 ], [ 18.238124828411717, 45.979389189630389 ], [ 18.238124828411717, 45.979279975009668 ], [ 18.238234043032442, 45.979279975009668 ], [ 18.238234043032442, 45.978952331147497 ], [ 18.238452472273892, 45.978952331147497 ], [ 18.238452472273892, 45.979061545768218 ], [ 18.238561686894613, 45.979061545768218 ], [ 18.238561686894613, 45.979170760388939 ], [ 18.238670901515338, 45.979170760388939 ], [ 18.238670901515338, 45.979279975009668 ], [ 18.238780116136063, 45.979279975009668 ], [ 18.238780116136063, 45.979389189630389 ], [ 18.238889330756788, 45.979389189630389 ], [ 18.238889330756788, 45.979607618871839 ], [ 18.240855193929825, 45.979607618871839 ], [ 18.240855193929825, 45.97971683349256 ], [ 18.24096440855055, 45.97971683349256 ], [ 18.24096440855055, 45.97993526273401 ], [ 18.241073623171271, 45.97993526273401 ], [ 18.241073623171271, 45.980044477354738 ], [ 18.24096440855055, 45.980044477354738 ], [ 18.24096440855055, 45.98091819432053 ], [ 18.233756243582746, 45.98091819432053 ] ] ] } },
{ "type": "Feature", "properties": { "parcel_id": 2, "area_ha": 11.61, "pixels": 1161 }, "geometry": { "type": "Polygon", "coordinates": [ [ [ 18.24096440855055, 45.98091819432053 ], [ 18.24096440855055, 45.980044477354738 ], [ 18.241073623171271, 45.980044477354738 ], [ 18.241073623171271, 45.97993526273401 ], [ 18.24096440855055, 45.97993526273401 ], [ 18.24096440855055, 45.97971683349256 ], [ 18.240855193929825, 45.97971683349256 ], [ 18.240855193929825, 45.979607618871839 ], [ 18.241292052412721, 45.979607618871839 ], [ 18.241292052412721, 45.979498404251117 ], [ 18.243585559447929, 45.979498404251117 ], [ 18.243585559447929, 45.979389189630389 ], [ 18.244350061793, 45.979389189630389 ], [ 18.244350061793, 45.979498404251117 ], [ 18.244677705655175, 45.979498404251117 ], [ 18.244677705655175, 45.979607618871839 ], [ 18.245114564138071, 45.979607618871839 ], [ 18.245114564138071, 45.979498404251117 ], [ 18.245005349517346, 45.979498404251117 ], [ 18.245005349517346, 45.979279975009668 ], [ 18.245114564138071, 45.979279975009668 ], [ 18.245114564138071, 45.979170760388939 ], [ 18.24533299337952, 45.979170760388939 ], [ 18.24533299337952, 45.979279975009668 ], [ 18.247189641931833, 45.979279975009668 ], [ 18.247189641931833, 45.979170760388939 ], [ 18.247298856552554, 45.979170760388939 ], [ 18.247298856552554, 45.979389189630389 ], [ 18.247626500414729, 45.979389189630389 ], [ 18.247626500414729, 45.979279975009668 ], [ 18.248500217380524, 45.979279975009668 ], [ 18.248500217380524, 45.979389189630389 ], [ 18.249046290484145, 45.979389189630389 ], [ 18.249046290484145, 45.979498404251117 ], [ 18.249264719725591, 45.979498404251117 ], [ 18.249264719725591, 45.979607618871839 ], [ 18.249920007449937, 45.979607618871839 ], [ 18.249920007449937, 45.97971683349256 ], [ 18.250138436691387, 45.97971683349256 ], [ 18.250138436691387, 45.979826048113289 ], [ 18.250247651312112, 45.979826048113289 ], [ 18.250247651312112, 45.98091819432053 ], [ 18.24096440855055, 45.98091819432053 ] ] ] } },
{ "type": "Feature", "properties": { "parcel_id": 3, "area_ha": 16.4, "pixels": 1640 }, "geometry": { "type": "Polygon", "coordinates": [ [ [ 18.250247651312112, 45.98091819432053 ], [ 18.250247651312112, 45.979826048113289 ], [ 18.250138436691387, 45.979826048113289 ], [ 18.250138436691387, 45.97971683349256 ], [ 18.249920007449937, 45.97971683349256 ], [ 18.249920007449937, 45.979607618871839 ], [ 18.249264719725591, 45.979607618871839 ], [ 18.249264719725591, 45.979498404251117 ], [ 18.249046290484145, 45.979498404251117 ], [ 18.249046290484145, 45.979389189630389 ], [ 18.248500217380524, 45.979389189630389 ], [ 18.248500217380524, 45.979279975009668 ], [ 18.247626500414729, 45.979279975009668 ], [ 18.247626500414729, 45.979389189630389 ], [ 18.247298856552554, 45.979389189630389 ], [ 18.247298856552554, 45.979061545768218 ], [ 18.247408071173279, 45.979061545768218 ], [ 18.247408071173279, 45.979170760388939 ], [ 18.247626500414729, 45.979170760388939 ], [ 18.247626500414729, 45.979061545768218 ], [ 18.247735715035454, 45.979061545768218 ], [ 18.247735715035454, 45.978843116526768 ], [ 18.247844929656178, 45.978843116526768 ], [ 18.247844929656178, 45.978733901906047 ], [ 18.2479541442769, 45.978733901906047 ], [ 18.2479541442769, 45.978515472664597 ], [ 18.248063358897625, 45.978515472664597 ], [ 18.248063358897625, 45.978406258043869 ], [ 18.24817257351835, 45.978406258043869 ], [ 18.24817257351835, 45.978187828802426 ], [ 18.248281788139074, 45.978187828802426 ], [ 18.248281788139074, 45.978078614181698 ], [ 18.248391002759799, 45.978078614181698 ], [ 18.248391002759799, 45.977969399560976 ], [ 18.248500217380524, 45.977969399560976 ], [ 18.248500217380524, 45.977860184940248 ], [ 18.248609432001246, 45.977860184940248 ], [ 18.248609432001246, 45.977750970319526 ], [ 18.24871864662197, 45.977750970319526 ], [ 18.24871864662197, 45.977641755698805 ], [ 18.248827861242695, 45.977641755698805 ], [ 18.248827861242695, 45.977532541078077 ], [ 18.249046290484145, 45.977532541078077 ], [ 18.249046290484145, 45.977750970319526 ], [ 18.24915550510487, 45.977750970319526 ], [ 18.24915550510487, 45.977860184940248 ], [ 18.249483148967041, 45.977860184940248 ], [ 18.249483148967041, 45.977750970319526 ], [ 18.249592363587766, 45.977750970319526 ], [ 18.249592363587766, 45.977532541078077 ], [ 18.249701578208491, 45.977532541078077 ], [ 18.249701578208491, 45.977423326457355 ], [ 18.249810792829212, 45.977423326457355 ], [ 18.249810792829212, 45.977204897215906 ], [ 18.249920007449937, 45.977204897215906 ], [ 18.249920007449937, 45.977095682595184 ], [ 18.250029222070662, 45.977095682595184 ], [ 18.250029222070662, 45.976768038733006 ], [ 18.250138436691387, 45.976768038733006 ], [ 18.250138436691387, 45.976549609491556 ], [ 18.250247651312112, 45.976549609491556 ], [ 18.250247651312112, 45.976331180250114 ], [ 18.250356865932837, 45.976331180250114 ], [ 18.250356865932837, 45.976112751008664 ], [ 18.250466080553558, 45.976112751008664 ], [ 18.250466080553558, 45.975894321767214 ], [ 18.250575295174283, 45.975894321767214 ], [ 18.250575295174283, 45.975785107146493 ], [ 18.250684509795008, 45.975785107146493 ], [ 18.250684509795008, 45.975566677905043 ], [ 18.250793724415733, 45.975566677905043 ], [ 18.250793724415733, 45.975457463284314 ], [ 18.251012153657182, 45.975457463284314 ], [ 18.251012153657182, 45.975348248663593 ], [ 18.251230582898629, 45.975348248663593 ], [ 18.251230582898629, 45.975457463284314 ], [ 18.251121368277904, 45.975457463284314 ], [ 18.251121368277904, 45.975566677905043 ], [ 18.251012153657182, 45.975566677905043 ], [ 18.251012153657182, 45.975675892525764 ], [ 18.250902939036457, 45.975675892525764 ], [ 18.250902939036457, 45.975894321767214 ], [ 18.250793724415733, 45.975894321767214 ], [ 18.250793724415733, 45.976112751008664 ], [ 18.250684509795008, 45.976112751008664 ], [ 18.250684509795008, 45.976440394870835 ], [ 18.250575295174283, 45.976440394870835 ], [ 18.250575295174283, 45.976658824112285 ], [ 18.250466080553558, 45.976658824112285 ], [ 18.250466080553558, 45.976986467974456 ], [ 18.250356865932837, 45.976986467974456 ], [ 18.250356865932837, 45.977204897215906 ], [ 18.250247651312112, 45.977204897215906 ], [ 18.250247651312112, 45.977423326457355 ], [ 18.250138436691387, 45.977423326457355 ], [ 18.250138436691387, 45.977750970319526 ], [ 18.250029222070662, 45.977750970319526 ], [ 18.250029222070662, 45.978078614181698 ], [ 18.249920007449937, 45.978078614181698 ], [ 18.249920007449937, 45.978406258043869 ], [ 18.250029222070662, 45.978406258043869 ], [ 18.250029222070662, 45.978515472664597 ], [ 18.250356865932837, 45.978515472664597 ], [ 18.250356865932837, 45.978624687285318 ], [ 18.250684509795008, 45.978624687285318 ], [ 18.250684509795008, 45.978733901906047 ], [ 18.251121368277904, 45.978733901906047 ], [ 18.251121368277904, 45.978843116526768 ], [ 18.251667441381528, 45.978843116526768 ], [ 18.251667441381528, 45.978952331147497 ], [ 18.251995085243699, 45.978952331147497 ], [ 18.251995085243699, 45.979061545768218 ], [ 18.25232272910587, 45.979061545768218 ], [ 18.25232272910587, 45.979170760388939 ], [ 18.25254115834732, 45.979170760388939 ], [ 18.25254115834732, 45.979061545768218 ], [ 18.252650372968045, 45.979061545768218 ], [ 18.252650372968045, 45.978952331147497 ], [ 18.25275958758877, 45.978952331147497 ], [ 18.25275958758877, 45.979279975009668 ], [ 18.252868802209495, 45.979279975009668 ], [ 18.252868802209495, 45.979389189630389 ], [ 18.254725450761807, 45.979389189630389 ], [ 18.254725450761807, 45.979279975009668 ], [ 18.255380738486153, 45.979279975009668 ], [ 18.255380738486153, 45.979498404251117 ], [ 18.255489953106874, 45.979498404251117 ], [ 18.255489953106874, 45.979607618871839 ], [ 18.255817596969049, 45.979607618871839 ], [ 18.255817596969049, 45.979498404251117 ], [ 18.256909743176291, 45.979498404251117 ], [ 18.256909743176291, 45.979389189630389 ], [ 18.257237387038465, 45.979389189630389 ], [ 18.257237387038465, 45.979279975009668 ], [ 18.257346601659187, 45.979279975009668 ], [ 18.257346601659187, 45.979389189630389 ], [ 18.257674245521361, 45.979389189630389 ], [ 18.257674245521361, 45.979498404251117 ], [ 18.259421679452949, 45.979498404251117 ], [ 18.259421679452949, 45.97971683349256 ], [ 18.259312464832224, 45.97971683349256 ], [ 18.259312464832224, 45.98091819432053 ], [ 18.250247651312112, 45.98091819432053 ] ] ] } },
{ "type": "Feature", "properties": { "parcel_id": 4, "area_ha": 11.71, "pixels": 1171 }, "geometry": { "type": "Polygon", "coordinates": [ [ [ 18.259312464832224, 45.98091819432053 ], [ 18.259312464832224, 45.97971683349256 ], [ 18.259421679452949, 45.97971683349256 ], [ 18.259421679452949, 45.979498404251117 ], [ 18.259640108694398, 45.979498404251117 ], [ 18.259640108694398, 45.979389189630389 ], [ 18.26051382566019, 45.979389189630389 ], [ 18.26051382566019, 45.979498404251117 ], [ 18.262588903453953, 45.979498404251117 ], [ 18.262588903453953, 45.979389189630389 ], [ 18.26455476662699, 45.979389189630389 ], [ 18.26455476662699, 45.979498404251117 ], [ 18.264663981247715, 45.979498404251117 ], [ 18.264663981247715, 45.979389189630389 ], [ 18.265865342075681, 45.979389189630389 ], [ 18.265865342075681, 45.979498404251117 ], [ 18.267285132145098, 45.979498404251117 ], [ 18.267285132145098, 45.979607618871839 ], [ 18.267940419869444, 45.979607618871839 ], [ 18.267940419869444, 45.979498404251117 ], [ 18.268268063731615, 45.979498404251117 ], [ 18.268268063731615, 45.979389189630389 ], [ 18.26914178069741, 45.979389189630389 ], [ 18.26914178069741, 45.979498404251117 ], [ 18.269032566076685, 45.979498404251117 ], [ 18.269032566076685, 45.979607618871839 ], [ 18.26892335145596, 45.979607618871839 ], [ 18.26892335145596, 45.97971683349256 ], [ 18.268814136835235, 45.97971683349256 ], [ 18.268814136835235, 45.98091819432053 ], [ 18.259312464832224, 45.98091819432053 ] ] ] } },
{ "type": "Feature", "properties": { "parcel_id": 5, "area_ha": 11.43, "pixels": 1143 }, "geometry": { "type": "Polygon", "coordinates": [ [ [ 18.268814136835235, 45.98091819432053 ], [ 18.268814136835235, 45.97971683349256 ], [ 18.26892335145596, 45.97971683349256 ], [ 18.26892335145596, 45.979607618871839 ], [ 18.269032566076685, 45.979607618871839 ], [ 18.269032566076685, 45.979498404251117 ], [ 18.26914178069741, 45.979498404251117 ], [ 18.26914178069741, 45.979389189630389 ], [ 18.270343141525377, 45.979389189630389 ], [ 18.270343141525377, 45.979498404251117 ], [ 18.270780000008273, 45.979498404251117 ], [ 18.270780000008273, 45.979607618871839 ], [ 18.273510365526381, 45.979607618871839 ], [ 18.273510365526381, 45.97971683349256 ], [ 18.275913087182314, 45.97971683349256 ], [ 18.275913087182314, 45.979607618871839 ], [ 18.276459160285935, 45.979607618871839 ], [ 18.276459160285935, 45.97971683349256 ], [ 18.279517169666214, 45.97971683349256 ], [ 18.279517169666214, 45.97993526273401 ], [ 18.279407955045489, 45.97993526273401 ], [ 18.279407955045489, 45.98091819432053 ], [ 18.268814136835235, 45.98091819432053 ] ] ] } },
{ "type": "Feature", "properties": { "parcel_id": 6, "area_ha": 33.24, "pixels": 3324 }, "geometry": { "type": "Polygon", "coordinates": [ [ [ 18.279407955045489, 45.98091819432053 ], [ 18.279407955045489, 45.97993526273401 ], [ 18.279517169666214, 45.97993526273401 ], [ 18.279517169666214, 45.97971683349256 ], [ 18.276459160285935, 45.97971683349256 ], [ 18.276459160285935, 45.979607618871839 ], [ 18.275913087182314, 45.979607618871839 ], [ 18.275913087182314, 45.97971683349256 ], [ 18.273510365526381, 45.97971683349256 ], [ 18.273510365526381, 45.979607618871839 ], [ 18.270889214628998, 45.979607618871839 ], [ 18.270889214628998, 45.979498404251117 ], [ 18.270998429249723, 45.979498404251117 ], [ 18.270998429249723, 45.979170760388939 ], [ 18.271216858491169, 45.979170760388939 ], [ 18.271216858491169, 45.979061545768218 ], [ 18.271544502353343, 45.979061545768218 ], [ 18.271544502353343, 45.978952331147497 ], [ 18.271872146215514, 45.978952331147497 ], [ 18.271872146215514, 45.978843116526768 ], [ 18.27252743393986, 45.978843116526768 ], [ 18.27252743393986, 45.978733901906047 ], [ 18.27274586318131, 45.978733901906047 ], [ 18.27274586318131, 45.978843116526768 ], [ 18.273182721664206, 45.978843116526768 ], [ 18.273182721664206, 45.978733901906047 ], [ 18.273291936284931, 45.978733901906047 ], [ 18.273291936284931, 45.978624687285318 ], [ 18.273510365526381, 45.978624687285318 ], [ 18.273510365526381, 45.978515472664597 ], [ 18.273838009388552, 45.978515472664597 ], [ 18.273838009388552, 45.978187828802426 ], [ 18.273947224009277, 45.978187828802426 ], [ 18.273947224009277, 45.978078614181698 ], [ 18.274056438630002, 45.978078614181698 ], [ 18.274056438630002, 45.977969399560976 ], [ 18.274165653250726, 45.977969399560976 ], [ 18.274165653250726, 45.977860184940248 ], [ 18.274384082492173, 45.977860184940248 ], [ 18.274384082492173, 45.977750970319526 ], [ 18.274602511733622, 45.977750970319526 ], [ 18.274602511733622, 45.977641755698805 ], [ 18.274820940975072, 45.977641755698805 ], [ 18.274820940975072, 45.977532541078077 ], [ 18.274930155595797, 45.977532541078077 ], [ 18.274930155595797, 45.977423326457355 ], [ 18.275148584837243, 45.977423326457355 ], [ 18.275148584837243, 45.977314111836627 ], [ 18.275257799457968, 45.977314111836627 ], [ 18.275257799457968, 45.977204897215906 ], [ 18.275476228699418, 45.977204897215906 ], [ 18.275476228699418, 45.977095682595184 ], [ 18.275585443320139, 45.977095682595184 ], [ 18.275585443320139, 45.976986467974456 ], [ 18.275803872561589, 45.976986467974456 ], [ 18.275803872561589, 45.976877253353734 ], [ 18.275913087182314, 45.976877253353734 ], [ 18.275913087182314, 45.976768038733006 ], [ 18.276022301803039, 45.976768038733006 ], [ 18.276022301803039, 45.976658824112285 ], [ 18.276131516423764, 45.976658824112285 ], [ 18.276131516423764, 45.976549609491556 ], [ 18.276240731044485, 45.976549609491556 ], [ 18.276240731044485, 45.976440394870835 ], [ 18.27634994566521, 45.976440394870835 ], [ 18.27634994566521, 45.976331180250114 ], [ 18.276459160285935, 45.976331180250114 ], [ 18.276459160285935, 45.976221965629385 ], [ 18.27656837490666, 45.976221965629385 ], [ 18.27656837490666, 45.976112751008664 ], [ 18.276677589527385, 45.976112751008664 ], [ 18.276677589527385, 45.976003536387935 ], [ 18.276786804148109, 45.976003536387935 ], [ 18.276786804148109, 45.975894321767214 ], [ 18.276896018768831, 45.975894321767214 ], [ 18.276896018768831, 45.975785107146493 ], [ 18.277223662631005, 45.975785107146493 ], [ 18.277223662631005, 45.975675892525764 ], [ 18.27733287725173, 45.975675892525764 ], [ 18.27733287725173, 45.975566677905043 ], [ 18.277442091872455, 45.975566677905043 ], [ 18.277442091872455, 45.975675892525764 ], [ 18.277660521113901, 45.975675892525764 ], [ 18.277660521113901, 45.975785107146493 ], [ 18.277551306493176, 45.975785107146493 ], [ 18.277551306493176, 45.975894321767214 ], [ 18.277442091872455, 45.975894321767214 ], [ 18.277442091872455, 45.976003536387935 ], [ 18.27733287725173, 45.976003536387935 ], [ 18.27733287725173, 45.976112751008664 ], [ 18.277223662631005, 45.976112751008664 ], [ 18.277223662631005, 45.976221965629385 ], [ 18.277114448010281, 45.976221965629385 ], [ 18.277114448010281, 45.976331180250114 ], [ 18.277005233389556, 45.976331180250114 ], [ 18.277005233389556, 45.976440394870835 ], [ 18.276896018768831, 45.976440394870835 ], [ 18.276896018768831, 45.976549609491556 ], [ 18.276786804148109, 45.976549609491556 ], [ 18.276786804148109, 45.976658824112285 ], [ 18.276677589527385, 45.976658824112285 ], [ 18.276677589527385, 45.976768038733006 ], [ 18.27656837490666, 45.976768038733006 ], [ 18.27656837490666, 45.976986467974456 ], [ 18.276786804148109, 45.976986467974456 ], [ 18.276786804148109, 45.977095682595184 ], [ 18.277005233389556, 45.977095682595184 ], [ 18.277005233389556, 45.977204897215906 ], [ 18.277988164976076, 45.977204897215906 ], [ 18.277988164976076, 45.977095682595184 ], [ 18.278861881941868, 45.977095682595184 ], [ 18.278861881941868, 45.977204897215906 ], [ 18.279407955045489, 45.977204897215906 ], [ 18.279407955045489, 45.977314111836627 ], [ 18.279954028149113, 45.977314111836627 ], [ 18.279954028149113, 45.977423326457355 ], [ 18.283121252150117, 45.977423326457355 ], [ 18.283121252150117, 45.977314111836627 ], [ 18.283230466770839, 45.977314111836627 ], [ 18.283230466770839, 45.977204897215906 ], [ 18.283339681391563, 45.977204897215906 ], [ 18.283339681391563, 45.976877253353734 ], [ 18.283448896012288, 45.976877253353734 ], [ 18.283448896012288, 45.976440394870835 ], [ 18.283667325253738, 45.976440394870835 ], [ 18.283667325253738, 45.976768038733006 ], [ 18.283558110633013, 45.976768038733006 ], [ 18.283558110633013, 45.977423326457355 ], [ 18.283448896012288, 45.977423326457355 ], [ 18.283448896012288, 45.977750970319526 ], [ 18.283339681391563, 45.977750970319526 ], [ 18.283339681391563, 45.977969399560976 ], [ 18.283230466770839, 45.977969399560976 ], [ 18.283230466770839, 45.978297043423147 ], [ 18.283339681391563, 45.978297043423147 ], [ 18.283339681391563, 45.979170760388939 ], [ 18.283121252150117, 45.979170760388939 ], [ 18.283121252150117, 45.979389189630389 ], [ 18.283339681391563, 45.979389189630389 ], [ 18.283339681391563, 45.979498404251117 ], [ 18.283448896012288, 45.979498404251117 ], [ 18.283448896012288, 45.979389189630389 ], [ 18.283667325253738, 45.979389189630389 ], [ 18.283667325253738, 45.979279975009668 ], [ 18.283776539874459, 45.979279975009668 ], [ 18.283776539874459, 45.979170760388939 ], [ 18.284431827598805, 45.979170760388939 ], [ 18.284431827598805, 45.979279975009668 ], [ 18.286397690771842, 45.979279975009668 ], [ 18.286397690771842, 45.979170760388939 ], [ 18.286725334634017, 45.979170760388939 ], [ 18.286725334634017, 45.979061545768218 ], [ 18.286834549254742, 45.979061545768218 ], [ 18.286834549254742, 45.978624687285318 ], [ 18.286943763875463, 45.978624687285318 ], [ 18.286943763875463, 45.978187828802426 ], [ 18.287052978496188, 45.978187828802426 ], [ 18.287052978496188, 45.977860184940248 ], [ 18.286943763875463, 45.977860184940248 ], [ 18.286943763875463, 45.977641755698805 ], [ 18.287052978496188, 45.977641755698805 ], [ 18.287052978496188, 45.976877253353734 ], [ 18.286943763875463, 45.976877253353734 ], [ 18.286943763875463, 45.976658824112285 ], [ 18.287052978496188, 45.976658824112285 ], [ 18.287052978496188, 45.976331180250114 ], [ 18.287162193116913, 45.976331180250114 ], [ 18.287162193116913, 45.976003536387935 ], [ 18.287052978496188, 45.976003536387935 ], [ 18.287052978496188, 45.976221965629385 ], [ 18.286834549254742, 45.976221965629385 ], [ 18.286834549254742, 45.976331180250114 ], [ 18.286506905392567, 45.976331180250114 ], [ 18.286506905392567, 45.976221965629385 ], [ 18.286397690771842, 45.976221965629385 ], [ 18.286397690771842, 45.976003536387935 ], [ 18.286288476151118, 45.976003536387935 ], [ 18.286288476151118, 45.974802175559972 ], [ 18.286397690771842, 45.974802175559972 ], [ 18.286397690771842, 45.974474531697801 ], [ 18.286506905392567, 45.974474531697801 ], [ 18.286506905392567, 45.974256102456351 ], [ 18.286616120013292, 45.974256102456351 ], [ 18.286616120013292, 45.974037673214902 ], [ 18.286725334634017, 45.974037673214902 ], [ 18.286725334634017, 45.97392845859418 ], [ 18.286943763875463, 45.97392845859418 ], [ 18.286943763875463, 45.974692960939244 ], [ 18.287052978496188, 45.974692960939244 ], [ 18.287052978496188, 45.974256102456351 ], [ 18.287162193116913, 45.974256102456351 ], [ 18.287162193116913, 45.973382385490552 ], [ 18.287052978496188, 45.973382385490552 ], [ 18.287052978496188, 45.972836312386931 ], [ 18.287162193116913, 45.972836312386931 ], [ 18.287162193116913, 45.972290239283311 ], [ 18.287052978496188, 45.972290239283311 ], [ 18.287052978496188, 45.971853380800418 ], [ 18.287162193116913, 45.971853380800418 ], [ 18.287162193116913, 45.971198093076069 ], [ 18.287271407737638, 45.971198093076069 ], [ 18.287271407737638, 45.973382385490552 ], [ 18.287380622358363, 45.973382385490552 ], [ 18.287380622358363, 45.974146887835623 ], [ 18.287271407737638, 45.974146887835623 ], [ 18.287271407737638, 45.974802175559972 ], [ 18.287380622358363, 45.974802175559972 ], [ 18.287380622358363, 45.976331180250114 ], [ 18.287271407737638, 45.976331180250114 ], [ 18.287271407737638, 45.977860184940248 ], [ 18.287380622358363, 45.977860184940248 ], [ 18.287380622358363, 45.978078614181698 ], [ 18.287599051599809, 45.978078614181698 ], [ 18.287599051599809, 45.978187828802426 ], [ 18.287708266220534, 45.978187828802426 ], [ 18.287708266220534, 45.978297043423147 ], [ 18.287926695461984, 45.978297043423147 ], [ 18.287926695461984, 45.978406258043869 ], [ 18.288035910082709, 45.978406258043869 ], [ 18.288035910082709, 45.978515472664597 ], [ 18.288254339324155, 45.978515472664597 ], [ 18.288254339324155, 45.978624687285318 ], [ 18.28836355394488, 45.978624687285318 ], [ 18.28836355394488, 45.978733901906047 ], [ 18.288581983186329, 45.978733901906047 ], [ 18.288581983186329, 45.978843116526768 ], [ 18.288691197807054, 45.978843116526768 ], [ 18.288691197807054, 45.978952331147497 ], [ 18.288909627048501, 45.978952331147497 ], [ 18.288909627048501, 45.979061545768218 ], [ 18.289018841669225, 45.979061545768218 ], [ 18.289018841669225, 45.979170760388939 ], [ 18.289237270910675, 45.979170760388939 ], [ 18.289237270910675, 45.979279975009668 ], [ 18.2893464855314, 45.979279975009668 ], [ 18.2893464855314, 45.98091819432053 ], [ 18.279407955045489, 45.98091819432053 ] ] ] } },
{ "type": "Feature", "properties": { "parcel_id": 7, "area_ha": 23.77, "pixels": 2377 }, "geometry": { "type": "Polygon", "coordinates": [ [ [ 18.238889330756788, 45.979607618871839 ], [ 18.238889330756788, 45.979389189630389 ], [ 18.238780116136063, 45.979389189630389 ], [ 18.238780116136063, 45.979279975009668 ], [ 18.238670901515338, 45.979279975009668 ], [ 18.238670901515338, 45.979170760388939 ], [ 18.238561686894613, 45.979170760388939 ], [ 18.238561686894613, 45.979061545768218 ], [ 18.238452472273892, 45.979061545768218 ], [ 18.238452472273892, 45.978952331147497 ], [ 18.238234043032442, 45.978952331147497 ], [ 18.238234043032442, 45.979279975009668 ], [ 18.238124828411717, 45.979279975009668 ], [ 18.238124828411717, 45.979389189630389 ], [ 18.237906399170267, 45.979389189630389 ], [ 18.237906399170267, 45.979498404251117 ], [ 18.23615896523868, 45.979498404251117 ], [ 18.23615896523868, 45.979389189630389 ], [ 18.236049750617955, 45.979389189630389 ], [ 18.236049750617955, 45.979279975009668 ], [ 18.235940535997234, 45.979279975009668 ], [ 18.235940535997234, 45.979061545768218 ], [ 18.235831321376509, 45.979061545768218 ], [ 18.235831321376509, 45.978406258043869 ], [ 18.235722106755784, 45.978406258043869 ], [ 18.235722106755784, 45.975457463284314 ], [ 18.235831321376509, 45.975457463284314 ], [ 18.235831321376509, 45.971634951558968 ], [ 18.235722106755784, 45.971634951558968 ], [ 18.235722106755784, 45.970870449213898 ], [ 18.235831321376509, 45.970870449213898 ], [ 18.235831321376509, 45.969123015282307 ], [ 18.235722106755784, 45.969123015282307 ], [ 18.235722106755784, 45.968686156799414 ], [ 18.235831321376509, 45.968686156799414 ], [ 18.235831321376509, 45.966392649764202 ], [ 18.235940535997234, 45.966392649764202 ], [ 18.235940535997234, 45.966283435143481 ], [ 18.236049750617955, 45.966283435143481 ], [ 18.236049750617955, 45.966501864384924 ], [ 18.235940535997234, 45.966501864384924 ], [ 18.235940535997234, 45.967594010592173 ], [ 18.236049750617955, 45.967594010592173 ], [ 18.236049750617955, 45.968358512937236 ], [ 18.23615896523868, 45.968358512937236 ], [ 18.23615896523868, 45.970652019972448 ], [ 18.236049750617955, 45.970652019972448 ], [ 18.236049750617955, 45.97174416617969 ], [ 18.23615896523868, 45.97174416617969 ], [ 18.23615896523868, 45.97316395624911 ], [ 18.236049750617955, 45.97316395624911 ], [ 18.236049750617955, 45.974911390180694 ], [ 18.23615896523868, 45.974911390180694 ], [ 18.23615896523868, 45.975129819422143 ], [ 18.236049750617955, 45.975129819422143 ], [ 18.236049750617955, 45.975457463284314 ], [ 18.235940535997234, 45.975457463284314 ], [ 18.235940535997234, 45.975785107146493 ], [ 18.236049750617955, 45.975785107146493 ], [ 18.236049750617955, 45.975566677905043 ], [ 18.23615896523868, 45.975566677905043 ], [ 18.23615896523868, 45.975457463284314 ], [ 18.23637739448013, 45.975457463284314 ], [ 18.23637739448013, 45.975566677905043 ], [ 18.236595823721576, 45.975566677905043 ], [ 18.236595823721576, 45.975675892525764 ], [ 18.236705038342301, 45.975675892525764 ], [ 18.236705038342301, 45.975785107146493 ], [ 18.236814252963025, 45.975785107146493 ], [ 18.236814252963025, 45.975894321767214 ], [ 18.23692346758375, 45.975894321767214 ], [ 18.23692346758375, 45.976112751008664 ], [ 18.237032682204475, 45.976112751008664 ], [ 18.237032682204475, 45.976440394870835 ], [ 18.2371418968252, 45.976440394870835 ], [ 18.2371418968252, 45.976658824112285 ], [ 18.237251111445921, 45.976658824112285 ], [ 18.237251111445921, 45.976768038733006 ], [ 18.237360326066646, 45.976768038733006 ], [ 18.237360326066646, 45.976877253353734 ], [ 18.237469540687371, 45.976877253353734 ], [ 18.237469540687371, 45.976986467974456 ], [ 18.237687969928821, 45.976986467974456 ], [ 18.237687969928821, 45.976877253353734 ], [ 18.237797184549546, 45.976877253353734 ], [ 18.237797184549546, 45.976768038733006 ], [ 18.237906399170267, 45.976768038733006 ], [ 18.237906399170267, 45.976658824112285 ], [ 18.238124828411717, 45.976658824112285 ], [ 18.238124828411717, 45.976221965629385 ], [ 18.238015613790992, 45.976221965629385 ], [ 18.238015613790992, 45.975894321767214 ], [ 18.237906399170267, 45.975894321767214 ], [ 18.237906399170267, 45.975675892525764 ], [ 18.237797184549546, 45.975675892525764 ], [ 18.237797184549546, 45.975457463284314 ], [ 18.237687969928821, 45.975457463284314 ], [ 18.237687969928821, 45.975239034042872 ], [ 18.237578755308096, 45.975239034042872 ], [ 18.237578755308096, 45.974911390180694 ], [ 18.237469540687371, 45.974911390180694 ], [ 18.237469540687371, 45.974692960939244 ], [ 18.237360326066646, 45.974692960939244 ], [ 18.237360326066646, 45.974474531697801 ], [ 18.237251111445921, 45.974474531697801 ], [ 18.237251111445921, 45.974256102456351 ], [ 18.2371418968252, 45.974256102456351 ], [ 18.2371418968252, 45.974037673214902 ], [ 18.237251111445921, 45.974037673214902 ], [ 18.237251111445921, 45.97316395624911 ], [ 18.237578755308096, 45.97316395624911 ], [ 18.237578755308096, 45.973054741628381 ], [ 18.237687969928821, 45.973054741628381 ], [ 18.237687969928821, 45.97316395624911 ], [ 18.238452472273892, 45.97316395624911 ], [ 18.238452472273892, 45.973273170869831 ], [ 18.239653833101858, 45.973273170869831 ], [ 18.239653833101858, 45.973382385490552 ], [ 18.240636764688375, 45.973382385490552 ], [ 18.240636764688375, 45.973491600111281 ], [ 18.242274983999238, 45.973491600111281 ], [ 18.242274983999238, 45.973382385490552 ], [ 18.242165769378516, 45.973382385490552 ], [ 18.242165769378516, 45.973273170869831 ], [ 18.241947340137067, 45.973273170869831 ], [ 18.241947340137067, 45.97316395624911 ], [ 18.241619696274892, 45.97316395624911 ], [ 18.241619696274892, 45.973054741628381 ], [ 18.241182837791996, 45.973054741628381 ], [ 18.241182837791996, 45.97294552700766 ], [ 18.240636764688375, 45.97294552700766 ], [ 18.240636764688375, 45.972836312386931 ], [ 18.240090691584754, 45.972836312386931 ], [ 18.240090691584754, 45.97272709776621 ], [ 18.239544618481133, 45.97272709776621 ], [ 18.239544618481133, 45.972617883145489 ], [ 18.238998545377513, 45.972617883145489 ], [ 18.238998545377513, 45.97250866852476 ], [ 18.238452472273892, 45.97250866852476 ], [ 18.238452472273892, 45.972399453904039 ], [ 18.237687969928821, 45.972399453904039 ], [ 18.237687969928821, 45.972290239283311 ], [ 18.237360326066646, 45.972290239283311 ], [ 18.237360326066646, 45.972181024662589 ], [ 18.237251111445921, 45.972181024662589 ], [ 18.237251111445921, 45.971853380800418 ], [ 18.2371418968252, 45.971853380800418 ], [ 18.2371418968252, 45.970979663834619 ], [ 18.237251111445921, 45.970979663834619 ], [ 18.237251111445921, 45.97174416617969 ], [ 18.237360326066646, 45.97174416617969 ], [ 18.237360326066646, 45.972071810041868 ], [ 18.237578755308096, 45.972071810041868 ], [ 18.237578755308096, 45.972181024662589 ], [ 18.237906399170267, 45.972181024662589 ], [ 18.237906399170267, 45.972290239283311 ], [ 18.238561686894613, 45.972290239283311 ], [ 18.238561686894613, 45.972399453904039 ], [ 18.239107759998234, 45.972399453904039 ], [ 18.239107759998234, 45.97250866852476 ], [ 18.239872262343304, 45.97250866852476 ], [ 18.239872262343304, 45.972617883145489 ], [ 18.240418335446925, 45.972617883145489 ], [ 18.240418335446925, 45.97272709776621 ], [ 18.241073623171271, 45.97272709776621 ], [ 18.241073623171271, 45.972836312386931 ], [ 18.241619696274892, 45.972836312386931 ], [ 18.241619696274892, 45.97294552700766 ], [ 18.241947340137067, 45.97294552700766 ], [ 18.241947340137067, 45.973054741628381 ], [ 18.242274983999238, 45.973054741628381 ], [ 18.242274983999238, 45.97316395624911 ], [ 18.242493413240688, 45.97316395624911 ], [ 18.242493413240688, 45.973273170869831 ], [ 18.242711842482137, 45.973273170869831 ], [ 18.242711842482137, 45.973710029352731 ], [ 18.241182837791996, 45.973710029352731 ], [ 18.241182837791996, 45.973600814732002 ], [ 18.240199906205479, 45.973600814732002 ], [ 18.240199906205479, 45.973491600111281 ], [ 18.238998545377513, 45.973491600111281 ], [ 18.238998545377513, 45.973382385490552 ], [ 18.238015613790992, 45.973382385490552 ], [ 18.238015613790992, 45.973273170869831 ], [ 18.237469540687371, 45.973273170869831 ], [ 18.237469540687371, 45.973600814732002 ], [ 18.237360326066646, 45.973600814732002 ], [ 18.237360326066646, 45.97392845859418 ], [ 18.237469540687371, 45.97392845859418 ], [ 18.237469540687371, 45.974037673214902 ], [ 18.237578755308096, 45.974037673214902 ], [ 18.237578755308096, 45.974146887835623 ], [ 18.237687969928821, 45.974146887835623 ], [ 18.237687969928821, 45.974256102456351 ], [ 18.237797184549546, 45.974256102456351 ], [ 18.237797184549546, 45.974474531697801 ], [ 18.237906399170267, 45.974474531697801 ], [ 18.237906399170267, 45.974583746318523 ], [ 18.238015613790992, 45.974583746318523 ], [ 18.238015613790992, 45.974802175559972 ], [ 18.238124828411717, 45.974802175559972 ], [ 18.238124828411717, 45.975020604801422 ], [ 18.238234043032442, 45.975020604801422 ], [ 18.238234043032442, 45.975348248663593 ], [ 18.238343257653167, 45.975348248663593 ], [ 18.238343257653167, 45.975675892525764 ], [ 18.238452472273892, 45.975675892525764 ], [ 18.238452472273892, 45.976003536387935 ], [ 18.238561686894613, 45.976003536387935 ], [ 18.238561686894613, 45.976221965629385 ], [ 18.238670901515338, 45.976221965629385 ], [ 18.238670901515338, 45.976440394870835 ], [ 18.238780116136063, 45.976440394870835 ], [ 18.238780116136063, 45.976877253353734 ], [ 18.238670901515338, 45.976877253353734 ], [ 18.238670901515338, 45.976986467974456 ], [ 18.238452472273892, 45.976986467974456 ], [ 18.238452472273892, 45.977095682595184 ], [ 18.238343257653167, 45.977095682595184 ], [ 18.238343257653167, 45.977204897215906 ], [ 18.238670901515338, 45.977204897215906 ], [ 18.238670901515338, 45.977095682595184 ], [ 18.238780116136063, 45.977095682595184 ], [ 18.238780116136063, 45.976986467974456 ], [ 18.238998545377513, 45.976986467974456 ], [ 18.238998545377513, 45.977423326457355 ], [ 18.239107759998234, 45.977423326457355 ], [ 18.239107759998234, 45.977860184940248 ], [ 18.239216974618959, 45.977860184940248 ], [ 18.239216974618959, 45.978078614181698 ], [ 18.239326189239684, 45.978078614181698 ], [ 18.239326189239684, 45.978406258043869 ], [ 18.239435403860409, 45.978406258043869 ], [ 18.239435403860409, 45.978624687285318 ], [ 18.239544618481133, 45.978624687285318 ], [ 18.239544618481133, 45.978952331147497 ], [ 18.239653833101858, 45.978952331147497 ], [ 18.239653833101858, 45.979061545768218 ], [ 18.23976304772258, 45.979061545768218 ], [ 18.23976304772258, 45.979170760388939 ], [ 18.24096440855055, 45.979170760388939 ], [ 18.24096440855055, 45.979061545768218 ], [ 18.241073623171271, 45.979061545768218 ], [ 18.241073623171271, 45.978952331147497 ], [ 18.241182837791996, 45.978952331147497 ], [ 18.241182837791996, 45.978843116526768 ], [ 18.241292052412721, 45.978843116526768 ], [ 18.241292052412721, 45.978624687285318 ], [ 18.241401267033446, 45.978624687285318 ], [ 18.241401267033446, 45.978187828802426 ], [ 18.241510481654171, 45.978187828802426 ], [ 18.241510481654171, 45.977969399560976 ], [ 18.241619696274892, 45.977969399560976 ], [ 18.241619696274892, 45.977532541078077 ], [ 18.241728910895617, 45.977532541078077 ], [ 18.241728910895617, 45.977423326457355 ], [ 18.241838125516342, 45.977423326457355 ], [ 18.241838125516342, 45.976877253353734 ], [ 18.241947340137067, 45.976877253353734 ], [ 18.241947340137067, 45.976440394870835 ], [ 18.242602627861412, 45.976440394870835 ], [ 18.242602627861412, 45.976549609491556 ], [ 18.243039486344308, 45.976549609491556 ], [ 18.243039486344308, 45.976658824112285 ], [ 18.243585559447929, 45.976658824112285 ], [ 18.243585559447929, 45.976768038733006 ], [ 18.244240847172275, 45.976768038733006 ], [ 18.244240847172275, 45.976877253353734 ], [ 18.245114564138071, 45.976877253353734 ], [ 18.245114564138071, 45.976986467974456 ], [ 18.245551422620967, 45.976986467974456 ], [ 18.245551422620967, 45.977314111836627 ], [ 18.245660637241691, 45.977314111836627 ], [ 18.245660637241691, 45.977860184940248 ], [ 18.245551422620967, 45.977860184940248 ], [ 18.245551422620967, 45.978187828802426 ], [ 18.24533299337952, 45.978187828802426 ], [ 18.24533299337952, 45.978406258043869 ], [ 18.245223778758795, 45.978406258043869 ], [ 18.245223778758795, 45.978624687285318 ], [ 18.245114564138071, 45.978624687285318 ], [ 18.245114564138071, 45.979279975009668 ], [ 18.245005349517346, 45.979279975009668 ], [ 18.245005349517346, 45.979498404251117 ], [ 18.245114564138071, 45.979498404251117 ], [ 18.245114564138071, 45.979607618871839 ], [ 18.244677705655175, 45.979607618871839 ], [ 18.244677705655175, 45.979498404251117 ], [ 18.244350061793, 45.979498404251117 ], [ 18.244350061793, 45.979389189630389 ], [ 18.243585559447929, 45.979389189630389 ], [ 18.243585559447929, 45.979498404251117 ], [ 18.241292052412721, 45.979498404251117 ], [ 18.241292052412721, 45.979607618871839 ], [ 18.238889330756788, 45.979607618871839 ] ] ] } },
{ "type": "Feature", "properties": { "parcel_id": 8, "area_ha": 24.11, "pixels": 2411 }, "geometry": { "type": "Polygon", "coordinates": [ [ [ 18.255489953106874, 45.979607618871839 ], [ 18.255489953106874, 45.979498404251117 ], [ 18.255380738486153, 45.979498404251117 ], [ 18.255380738486153, 45.979279975009668 ], [ 18.254725450761807, 45.979279975009668 ], [ 18.254725450761807, 45.979389189630389 ], [ 18.252868802209495, 45.979389189630389 ], [ 18.252868802209495, 45.979279975009668 ], [ 18.25275958758877, 45.979279975009668 ], [ 18.25275958758877, 45.978952331147497 ], [ 18.252868802209495, 45.978952331147497 ], [ 18.252868802209495, 45.978843116526768 ], [ 18.252978016830216, 45.978843116526768 ], [ 18.252978016830216, 45.978733901906047 ], [ 18.253087231450941, 45.978733901906047 ], [ 18.253087231450941, 45.978624687285318 ], [ 18.253196446071666, 45.978624687285318 ], [ 18.253196446071666, 45.978515472664597 ], [ 18.253305660692391, 45.978515472664597 ], [ 18.253305660692391, 45.978406258043869 ], [ 18.253414875313116, 45.978406258043869 ], [ 18.253414875313116, 45.978187828802426 ], [ 18.25352408993384, 45.978187828802426 ], [ 18.25352408993384, 45.978078614181698 ], [ 18.253633304554562, 45.978078614181698 ], [ 18.253633304554562, 45.977969399560976 ], [ 18.253742519175287, 45.977969399560976 ], [ 18.253742519175287, 45.977860184940248 ], [ 18.253851733796012, 45.977860184940248 ], [ 18.253851733796012, 45.977750970319526 ], [ 18.253960948416736, 45.977750970319526 ], [ 18.253960948416736, 45.977641755698805 ], [ 18.254070163037461, 45.977641755698805 ], [ 18.254070163037461, 45.977532541078077 ], [ 18.254179377658186, 45.977532541078077 ], [ 18.254179377658186, 45.977423326457355 ], [ 18.254288592278908, 45.977423326457355 ], [ 18.254288592278908, 45.977314111836627 ], [ 18.254397806899632, 45.977314111836627 ], [ 18.254397806899632, 45.977204897215906 ], [ 18.254507021520357, 45.977204897215906 ], [ 18.254507021520357, 45.977095682595184 ], [ 18.254616236141082, 45.977095682595184 ], [ 18.254616236141082, 45.976877253353734 ], [ 18.254725450761807, 45.976877253353734 ], [ 18.254725450761807, 45.976768038733006 ], [ 18.254834665382528, 45.976768038733006 ], [ 18.254834665382528, 45.976549609491556 ], [ 18.254943880003253, 45.976549609491556 ], [ 18.254943880003253, 45.976221965629385 ], [ 18.254725450761807, 45.976221965629385 ], [ 18.254725450761807, 45.976112751008664 ], [ 18.254397806899632, 45.976112751008664 ], [ 18.254397806899632, 45.976003536387935 ], [ 18.254070163037461, 45.976003536387935 ], [ 18.254070163037461, 45.975785107146493 ], [ 18.253742519175287, 45.975785107146493 ], [ 18.253742519175287, 45.975675892525764 ], [ 18.253305660692391, 45.975675892525764 ], [ 18.253305660692391, 45.975566677905043 ], [ 18.252868802209495, 45.975566677905043 ], [ 18.252868802209495, 45.975457463284314 ], [ 18.252431943726595, 45.975457463284314 ], [ 18.252431943726595, 45.975348248663593 ], [ 18.252104299864424, 45.975348248663593 ], [ 18.252104299864424, 45.975239034042872 ], [ 18.251230582898629, 45.975239034042872 ], [ 18.251230582898629, 45.975348248663593 ], [ 18.251012153657182, 45.975348248663593 ], [ 18.251012153657182, 45.975457463284314 ], [ 18.250793724415733, 45.975457463284314 ], [ 18.250793724415733, 45.975566677905043 ], [ 18.250684509795008, 45.975566677905043 ], [ 18.250684509795008, 45.975785107146493 ], [ 18.250575295174283, 45.975785107146493 ], [ 18.250575295174283, 45.975894321767214 ], [ 18.250466080553558, 45.975894321767214 ], [ 18.250466080553558, 45.976112751008664 ], [ 18.250356865932837, 45.976112751008664 ], [ 18.250356865932837, 45.976331180250114 ], [ 18.250247651312112, 45.976331180250114 ], [ 18.250247651312112, 45.976549609491556 ], [ 18.250138436691387, 45.976549609491556 ], [ 18.250138436691387, 45.976768038733006 ], [ 18.250029222070662, 45.976768038733006 ], [ 18.250029222070662, 45.977095682595184 ], [ 18.249920007449937, 45.977095682595184 ], [ 18.249920007449937, 45.977204897215906 ], [ 18.249810792829212, 45.977204897215906 ], [ 18.249810792829212, 45.977423326457355 ], [ 18.249701578208491, 45.977423326457355 ], [ 18.249701578208491, 45.977532541078077 ], [ 18.249592363587766, 45.977532541078077 ], [ 18.249592363587766, 45.977750970319526 ], [ 18.249483148967041, 45.977750970319526 ], [ 18.249483148967041, 45.977860184940248 ], [ 18.24915550510487, 45.977860184940248 ], [ 18.24915550510487, 45.977750970319526 ], [ 18.249046290484145, 45.977750970319526 ], [ 18.249046290484145, 45.977532541078077 ], [ 18.248827861242695, 45.977532541078077 ], [ 18.248827861242695, 45.977641755698805 ], [ 18.24871864662197, 45.977641755698805 ], [ 18.24871864662197, 45.977750970319526 ], [ 18.248609432001246, 45.977750970319526 ], [ 18.248609432001246, 45.977860184940248 ], [ 18.248500217380524, 45.977860184940248 ], [ 18.248500217380524, 45.977969399560976 ], [ 18.248391002759799, 45.977969399560976 ], [ 18.248391002759799, 45.978078614181698 ], [ 18.248281788139074, 45.978078614181698 ], [ 18.248281788139074, 45.978187828802426 ], [ 18.24817257351835, 45.978187828802426 ], [ 18.24817257351835, 45.978406258043869 ], [ 18.248063358897625, 45.978406258043869 ], [ 18.248063358897625, 45.978515472664597 ], [ 18.2479541442769, 45.978515472664597 ], [ 18.2479541442769, 45.978733901906047 ], [ 18.247844929656178, 45.978733901906047 ], [ 18.247844929656178, 45.978843116526768 ], [ 18.247735715035454, 45.978843116526768 ], [ 18.247735715035454, 45.979061545768218 ], [ 18.247626500414729, 45.979061545768218 ], [ 18.247626500414729, 45.979170760388939 ], [ 18.247408071173279, 45.979170760388939 ], [ 18.247408071173279, 45.979061545768218 ], [ 18.247517285794004, 45.979061545768218 ], [ 18.247517285794004, 45.978952331147497 ], [ 18.247626500414729, 45.978952331147497 ], [ 18.247626500414729, 45.978733901906047 ], [ 18.247735715035454, 45.978733901906047 ], [ 18.247735715035454, 45.978624687285318 ], [ 18.247844929656178, 45.978624687285318 ], [ 18.247844929656178, 45.978406258043869 ], [ 18.2479541442769, 45.978406258043869 ], [ 18.2479541442769, 45.978187828802426 ], [ 18.248063358897625, 45.978187828802426 ], [ 18.248063358897625, 45.978078614181698 ], [ 18.24817257351835, 45.978078614181698 ], [ 18.24817257351835, 45.977860184940248 ], [ 18.248281788139074, 45.977860184940248 ], [ 18.248281788139074, 45.977750970319526 ], [ 18.248391002759799, 45.977750970319526 ], [ 18.248391002759799, 45.977314111836627 ], [ 18.248500217380524, 45.977314111836627 ], [ 18.248500217380524, 45.977095682595184 ], [ 18.248609432001246, 45.977095682595184 ], [ 18.248609432001246, 45.976986467974456 ], [ 18.24871864662197, 45.976986467974456 ], [ 18.24871864662197, 45.976768038733006 ], [ 18.248827861242695, 45.976768038733006 ], [ 18.248827861242695, 45.976549609491556 ], [ 18.24893707586342, 45.976549609491556 ], [ 18.24893707586342, 45.976331180250114 ], [ 18.249046290484145, 45.976331180250114 ], [ 18.249046290484145, 45.976112751008664 ], [ 18.24915550510487, 45.976112751008664 ], [ 18.24915550510487, 45.976003536387935 ], [ 18.249264719725591, 45.976003536387935 ], [ 18.249264719725591, 45.975785107146493 ], [ 18.249373934346316, 45.975785107146493 ], [ 18.249373934346316, 45.975566677905043 ], [ 18.249483148967041, 45.975566677905043 ], [ 18.249483148967041, 45.975457463284314 ], [ 18.249592363587766, 45.975457463284314 ], [ 18.249592363587766, 45.975239034042872 ], [ 18.249701578208491, 45.975239034042872 ], [ 18.249701578208491, 45.975129819422143 ], [ 18.249810792829212, 45.975129819422143 ], [ 18.249810792829212, 45.975020604801422 ], [ 18.249920007449937, 45.975020604801422 ], [ 18.249920007449937, 45.974911390180694 ], [ 18.250466080553558, 45.974911390180694 ], [ 18.250466080553558, 45.975020604801422 ], [ 18.251230582898629, 45.975020604801422 ], [ 18.251230582898629, 45.974911390180694 ], [ 18.251885870622974, 45.974911390180694 ], [ 18.251885870622974, 45.975020604801422 ], [ 18.25232272910587, 45.975020604801422 ], [ 18.25232272910587, 45.975129819422143 ], [ 18.25275958758877, 45.975129819422143 ], [ 18.25275958758877, 45.975239034042872 ], [ 18.253633304554562, 45.975239034042872 ], [ 18.253633304554562, 45.975348248663593 ], [ 18.254070163037461, 45.975348248663593 ], [ 18.254070163037461, 45.975457463284314 ], [ 18.254397806899632, 45.975457463284314 ], [ 18.254397806899632, 45.975566677905043 ], [ 18.254725450761807, 45.975566677905043 ], [ 18.254725450761807, 45.975785107146493 ], [ 18.255053094623978, 45.975785107146493 ], [ 18.255053094623978, 45.975894321767214 ], [ 18.255489953106874, 45.975894321767214 ], [ 18.255489953106874, 45.976003536387935 ], [ 18.256036026210499, 45.976003536387935 ], [ 18.256036026210499, 45.975894321767214 ], [ 18.25614524083122, 45.975894321767214 ], [ 18.25614524083122, 45.975785107146493 ], [ 18.256254455451945, 45.975785107146493 ], [ 18.256254455451945, 45.975675892525764 ], [ 18.25636367007267, 45.975675892525764 ], [ 18.25636367007267, 45.975566677905043 ], [ 18.256582099314119, 45.975566677905043 ], [ 18.256582099314119, 45.975675892525764 ], [ 18.256472884693395, 45.975675892525764 ], [ 18.256472884693395, 45.975894321767214 ], [ 18.256691313934844, 45.975894321767214 ], [ 18.256691313934844, 45.975785107146493 ], [ 18.256800528555566, 45.975785107146493 ], [ 18.256800528555566, 45.975675892525764 ], [ 18.256909743176291, 45.975675892525764 ], [ 18.256909743176291, 45.975566677905043 ], [ 18.257018957797015, 45.975566677905043 ], [ 18.257018957797015, 45.975457463284314 ], [ 18.25712817241774, 45.975457463284314 ], [ 18.25712817241774, 45.975348248663593 ], [ 18.257346601659187, 45.975348248663593 ], [ 18.257346601659187, 45.975239034042872 ], [ 18.257455816279911, 45.975239034042872 ], [ 18.257455816279911, 45.975129819422143 ], [ 18.257565030900636, 45.975129819422143 ], [ 18.257565030900636, 45.975020604801422 ], [ 18.257674245521361, 45.975020604801422 ], [ 18.257674245521361, 45.974911390180694 ], [ 18.257783460142086, 45.974911390180694 ], [ 18.257783460142086, 45.974802175559972 ], [ 18.258220318624982, 45.974802175559972 ], [ 18.258220318624982, 45.974911390180694 ], [ 18.258329533245707, 45.974911390180694 ], [ 18.258329533245707, 45.975239034042872 ], [ 18.258220318624982, 45.975239034042872 ], [ 18.258220318624982, 45.975348248663593 ], [ 18.258111104004257, 45.975348248663593 ], [ 18.258111104004257, 45.975457463284314 ], [ 18.258001889383532, 45.975457463284314 ], [ 18.258001889383532, 45.975566677905043 ], [ 18.257892674762811, 45.975566677905043 ], [ 18.257892674762811, 45.975785107146493 ], [ 18.258220318624982, 45.975785107146493 ], [ 18.258220318624982, 45.975675892525764 ], [ 18.258657177107878, 45.975675892525764 ], [ 18.258657177107878, 45.975785107146493 ], [ 18.258875606349328, 45.975785107146493 ], [ 18.258875606349328, 45.975894321767214 ], [ 18.259094035590778, 45.975894321767214 ], [ 18.259094035590778, 45.976003536387935 ], [ 18.259203250211502, 45.976003536387935 ], [ 18.259203250211502, 45.976331180250114 ], [ 18.259312464832224, 45.976331180250114 ], [ 18.259312464832224, 45.977095682595184 ], [ 18.259421679452949, 45.977095682595184 ], [ 18.259421679452949, 45.977204897215906 ], [ 18.259640108694398, 45.977204897215906 ], [ 18.259640108694398, 45.977314111836627 ], [ 18.259749323315123, 45.977314111836627 ], [ 18.259749323315123, 45.977204897215906 ], [ 18.25996775255657, 45.977204897215906 ], [ 18.25996775255657, 45.977095682595184 ], [ 18.260186181798019, 45.977095682595184 ], [ 18.260186181798019, 45.976658824112285 ], [ 18.260076967177294, 45.976658824112285 ], [ 18.260076967177294, 45.976440394870835 ], [ 18.260186181798019, 45.976440394870835 ], [ 18.260186181798019, 45.976221965629385 ], [ 18.260295396418744, 45.976221965629385 ], [ 18.260295396418744, 45.976003536387935 ], [ 18.260404611039469, 45.976003536387935 ], [ 18.260404611039469, 45.975785107146493 ], [ 18.26051382566019, 45.975785107146493 ], [ 18.26051382566019, 45.975675892525764 ], [ 18.260841469522365, 45.975675892525764 ], [ 18.260841469522365, 45.975785107146493 ], [ 18.261169113384536, 45.975785107146493 ], [ 18.261169113384536, 45.975894321767214 ], [ 18.261496757246711, 45.975894321767214 ], [ 18.261496757246711, 45.976003536387935 ], [ 18.261605971867436, 45.976003536387935 ], [ 18.261605971867436, 45.976549609491556 ], [ 18.261824401108882, 45.976549609491556 ], [ 18.261824401108882, 45.976658824112285 ], [ 18.261933615729607, 45.976658824112285 ], [ 18.261933615729607, 45.976986467974456 ], [ 18.261715186488161, 45.976986467974456 ], [ 18.261715186488161, 45.977095682595184 ], [ 18.261605971867436, 45.977095682595184 ], [ 18.261605971867436, 45.977204897215906 ], [ 18.261496757246711, 45.977204897215906 ], [ 18.261496757246711, 45.977423326457355 ], [ 18.261387542625986, 45.977423326457355 ], [ 18.261387542625986, 45.977532541078077 ], [ 18.261059898763815, 45.977532541078077 ], [ 18.261059898763815, 45.977423326457355 ], [ 18.260295396418744, 45.977423326457355 ], [ 18.260295396418744, 45.977532541078077 ], [ 18.260186181798019, 45.977532541078077 ], [ 18.260186181798019, 45.977641755698805 ], [ 18.25996775255657, 45.977641755698805 ], [ 18.25996775255657, 45.977750970319526 ], [ 18.259749323315123, 45.977750970319526 ], [ 18.259749323315123, 45.978078614181698 ], [ 18.25996775255657, 45.978078614181698 ], [ 18.25996775255657, 45.978187828802426 ], [ 18.260076967177294, 45.978187828802426 ], [ 18.260076967177294, 45.978297043423147 ], [ 18.260186181798019, 45.978297043423147 ], [ 18.260186181798019, 45.978733901906047 ], [ 18.260295396418744, 45.978733901906047 ], [ 18.260295396418744, 45.978952331147497 ], [ 18.260404611039469, 45.978952331147497 ], [ 18.260404611039469, 45.979061545768218 ], [ 18.26051382566019, 45.979061545768218 ], [ 18.26051382566019, 45.979170760388939 ], [ 18.260295396418744, 45.979170760388939 ], [ 18.260295396418744, 45.979061545768218 ], [ 18.260186181798019, 45.979061545768218 ], [ 18.260186181798019, 45.978843116526768 ], [ 18.260076967177294, 45.978843116526768 ], [ 18.260076967177294, 45.978624687285318 ], [ 18.25996775255657, 45.978624687285318 ], [ 18.25996775255657, 45.978297043423147 ], [ 18.259749323315123, 45.978297043423147 ], [ 18.259749323315123, 45.978187828802426 ], [ 18.259312464832224, 45.978187828802426 ], [ 18.259312464832224, 45.978078614181698 ], [ 18.259094035590778, 45.978078614181698 ], [ 18.259094035590778, 45.978406258043869 ], [ 18.259312464832224, 45.978406258043869 ], [ 18.259312464832224, 45.978515472664597 ], [ 18.259421679452949, 45.978515472664597 ], [ 18.259421679452949, 45.978624687285318 ], [ 18.259530894073674, 45.978624687285318 ], [ 18.259530894073674, 45.978843116526768 ], [ 18.259640108694398, 45.978843116526768 ], [ 18.259640108694398, 45.979170760388939 ], [ 18.259530894073674, 45.979170760388939 ], [ 18.259530894073674, 45.979279975009668 ], [ 18.259312464832224, 45.979279975009668 ], [ 18.259312464832224, 45.979389189630389 ], [ 18.258766391728603, 45.979389189630389 ], [ 18.258766391728603, 45.979279975009668 ], [ 18.258329533245707, 45.979279975009668 ], [ 18.258329533245707, 45.979389189630389 ], [ 18.258111104004257, 45.979389189630389 ], [ 18.258111104004257, 45.979498404251117 ], [ 18.257674245521361, 45.979498404251117 ], [ 18.257674245521361, 45.979389189630389 ], [ 18.257346601659187, 45.979389189630389 ], [ 18.257346601659187, 45.979279975009668 ], [ 18.257237387038465, 45.979279975009668 ], [ 18.257237387038465, 45.979389189630389 ], [ 18.256909743176291, 45.979389189630389 ], [ 18.256909743176291, 45.979498404251117 ], [ 18.255817596969049, 45.979498404251117 ], [ 18.255817596969049, 45.979607618871839 ], [ 18.255489953106874, 45.979607618871839 ] ] ] } },
{ "type": "Feature", "properties": { "parcel_id": 9, "area_ha": 18.88, "pixels": 1888 }, "geometry": { "type": "Polygon", "coordinates": [ [ [ 18.267285132145098, 45.979607618871839 ], [ 18.267285132145098, 45.979498404251117 ], [ 18.265865342075681, 45.979498404251117 ], [ 18.265865342075681, 45.979389189630389 ], [ 18.264991625109886, 45.979389189630389 ], [ 18.264991625109886, 45.979279975009668 ], [ 18.265100839730611, 45.979279975009668 ], [ 18.265100839730611, 45.979170760388939 ], [ 18.265210054351336, 45.979170760388939 ], [ 18.265210054351336, 45.979061545768218 ], [ 18.26531926897206, 45.979061545768218 ], [ 18.26531926897206, 45.978952331147497 ], [ 18.265428483592785, 45.978952331147497 ], [ 18.265428483592785, 45.978843116526768 ], [ 18.265537698213507, 45.978843116526768 ], [ 18.265537698213507, 45.978624687285318 ], [ 18.265646912834232, 45.978624687285318 ], [ 18.265646912834232, 45.978406258043869 ], [ 18.265756127454956, 45.978406258043869 ], [ 18.265756127454956, 45.978297043423147 ], [ 18.265865342075681, 45.978297043423147 ], [ 18.265865342075681, 45.978187828802426 ], [ 18.266083771317131, 45.978187828802426 ], [ 18.266083771317131, 45.978078614181698 ], [ 18.266302200558577, 45.978078614181698 ], [ 18.266302200558577, 45.977969399560976 ], [ 18.266411415179302, 45.977969399560976 ], [ 18.266411415179302, 45.977860184940248 ], [ 18.266520629800027, 45.977860184940248 ], [ 18.266520629800027, 45.977532541078077 ], [ 18.266629844420752, 45.977532541078077 ], [ 18.266629844420752, 45.977423326457355 ], [ 18.266848273662198, 45.977423326457355 ], [ 18.266848273662198, 45.977314111836627 ], [ 18.267394346765823, 45.977314111836627 ], [ 18.267394346765823, 45.976986467974456 ], [ 18.267503561386544, 45.976986467974456 ], [ 18.267503561386544, 45.976658824112285 ], [ 18.267612776007269, 45.976658824112285 ], [ 18.267612776007269, 45.976549609491556 ], [ 18.267940419869444, 45.976549609491556 ], [ 18.267940419869444, 45.976440394870835 ], [ 18.26815884911089, 45.976440394870835 ], [ 18.26815884911089, 45.976331180250114 ], [ 18.268377278352339, 45.976331180250114 ], [ 18.268377278352339, 45.976221965629385 ], [ 18.268595707593789, 45.976221965629385 ], [ 18.268595707593789, 45.976112751008664 ], [ 18.268704922214511, 45.976112751008664 ], [ 18.268704922214511, 45.976003536387935 ], [ 18.26914178069741, 45.976003536387935 ], [ 18.26914178069741, 45.975894321767214 ], [ 18.269250995318135, 45.975894321767214 ], [ 18.269250995318135, 45.976112751008664 ], [ 18.26914178069741, 45.976112751008664 ], [ 18.26914178069741, 45.976221965629385 ], [ 18.269032566076685, 45.976221965629385 ], [ 18.269032566076685, 45.976440394870835 ], [ 18.26914178069741, 45.976440394870835 ], [ 18.26914178069741, 45.976331180250114 ], [ 18.269469424559581, 45.976331180250114 ], [ 18.269469424559581, 45.976221965629385 ], [ 18.269687853801031, 45.976221965629385 ], [ 18.269687853801031, 45.976112751008664 ], [ 18.269797068421756, 45.976112751008664 ], [ 18.269797068421756, 45.976003536387935 ], [ 18.269906283042481, 45.976003536387935 ], [ 18.269906283042481, 45.975894321767214 ], [ 18.270015497663202, 45.975894321767214 ], [ 18.270015497663202, 45.975785107146493 ], [ 18.270124712283927, 45.975785107146493 ], [ 18.270124712283927, 45.975675892525764 ], [ 18.270343141525377, 45.975675892525764 ], [ 18.270343141525377, 45.975566677905043 ], [ 18.270561570766823, 45.975566677905043 ], [ 18.270561570766823, 45.975457463284314 ], [ 18.271435287732618, 45.975457463284314 ], [ 18.271435287732618, 45.975566677905043 ], [ 18.271981360836239, 45.975566677905043 ], [ 18.271981360836239, 45.975675892525764 ], [ 18.272309004698414, 45.975675892525764 ], [ 18.272309004698414, 45.975457463284314 ], [ 18.272199790077689, 45.975457463284314 ], [ 18.272199790077689, 45.975348248663593 ], [ 18.272418219319139, 45.975348248663593 ], [ 18.272418219319139, 45.975457463284314 ], [ 18.27252743393986, 45.975457463284314 ], [ 18.27252743393986, 45.975566677905043 ], [ 18.272636648560585, 45.975566677905043 ], [ 18.272636648560585, 45.975675892525764 ], [ 18.27274586318131, 45.975675892525764 ], [ 18.27274586318131, 45.975785107146493 ], [ 18.272855077802035, 45.975785107146493 ], [ 18.272855077802035, 45.975894321767214 ], [ 18.27296429242276, 45.975894321767214 ], [ 18.27296429242276, 45.976003536387935 ], [ 18.273073507043481, 45.976003536387935 ], [ 18.273073507043481, 45.976112751008664 ], [ 18.273182721664206, 45.976112751008664 ], [ 18.273182721664206, 45.976221965629385 ], [ 18.273073507043481, 45.976221965629385 ], [ 18.273073507043481, 45.976331180250114 ], [ 18.27274586318131, 45.976331180250114 ], [ 18.27274586318131, 45.976440394870835 ], [ 18.27296429242276, 45.976440394870835 ], [ 18.27296429242276, 45.976549609491556 ], [ 18.273182721664206, 45.976549609491556 ], [ 18.273182721664206, 45.976658824112285 ], [ 18.273291936284931, 45.976658824112285 ], [ 18.273291936284931, 45.976877253353734 ], [ 18.273182721664206, 45.976877253353734 ], [ 18.273182721664206, 45.976986467974456 ], [ 18.273510365526381, 45.976986467974456 ], [ 18.273510365526381, 45.977095682595184 ], [ 18.273401150905656, 45.977095682595184 ], [ 18.273401150905656, 45.977204897215906 ], [ 18.273182721664206, 45.977204897215906 ], [ 18.273182721664206, 45.977314111836627 ], [ 18.273073507043481, 45.977314111836627 ], [ 18.273073507043481, 45.977423326457355 ], [ 18.272199790077689, 45.977423326457355 ], [ 18.272199790077689, 45.977314111836627 ], [ 18.271762931594793, 45.977314111836627 ], [ 18.271762931594793, 45.977423326457355 ], [ 18.272090575456964, 45.977423326457355 ], [ 18.272090575456964, 45.977532541078077 ], [ 18.272418219319139, 45.977532541078077 ], [ 18.272418219319139, 45.977641755698805 ], [ 18.27252743393986, 45.977641755698805 ], [ 18.27252743393986, 45.977750970319526 ], [ 18.27274586318131, 45.977750970319526 ], [ 18.27274586318131, 45.977860184940248 ], [ 18.273619580147106, 45.977860184940248 ], [ 18.273619580147106, 45.978187828802426 ], [ 18.273510365526381, 45.978187828802426 ], [ 18.273510365526381, 45.978406258043869 ], [ 18.273401150905656, 45.978406258043869 ], [ 18.273401150905656, 45.978624687285318 ], [ 18.273291936284931, 45.978624687285318 ], [ 18.273291936284931, 45.978733901906047 ], [ 18.273182721664206, 45.978733901906047 ], [ 18.273182721664206, 45.978843116526768 ], [ 18.27274586318131, 45.978843116526768 ], [ 18.27274586318131, 45.978733901906047 ], [ 18.27252743393986, 45.978733901906047 ], [ 18.27252743393986, 45.978843116526768 ], [ 18.271872146215514, 45.978843116526768 ], [ 18.271872146215514, 45.978952331147497 ], [ 18.271544502353343, 45.978952331147497 ], [ 18.271544502353343, 45.979061545768218 ], [ 18.271216858491169, 45.979061545768218 ], [ 18.271216858491169, 45.979170760388939 ], [ 18.270998429249723, 45.979170760388939 ], [ 18.270998429249723, 45.979498404251117 ], [ 18.270889214628998, 45.979498404251117 ], [ 18.270889214628998, 45.979607618871839 ], [ 18.270780000008273, 45.979607618871839 ], [ 18.270780000008273, 45.979498404251117 ], [ 18.270343141525377, 45.979498404251117 ], [ 18.270343141525377, 45.979389189630389 ], [ 18.268268063731615, 45.979389189630389 ], [ 18.268268063731615, 45.979498404251117 ], [ 18.267940419869444, 45.979498404251117 ], [ 18.267940419869444, 45.979607618871839 ], [ 18.267285132145098, 45.979607618871839 ] ] ] } },
{ "type": "Feature", "properties": { "parcel_id": 10, "area_ha": 9.09, "pixels": 909 }, "geometry": { "type": "Polygon", "coordinates": [ [ [ 18.258111104004257, 45.979498404251117 ], [ 18.258111104004257, 45.979389189630389 ], [ 18.258329533245707, 45.979389189630389 ], [ 18.258329533245707, 45.979279975009668 ], [ 18.258766391728603, 45.979279975009668 ], [ 18.258766391728603, 45.979389189630389 ], [ 18.259312464832224, 45.979389189630389 ], [ 18.259312464832224, 45.979279975009668 ], [ 18.259530894073674, 45.979279975009668 ], [ 18.259530894073674, 45.979170760388939 ], [ 18.259640108694398, 45.979170760388939 ], [ 18.259640108694398, 45.978843116526768 ], [ 18.259530894073674, 45.978843116526768 ], [ 18.259530894073674, 45.978624687285318 ], [ 18.259421679452949, 45.978624687285318 ], [ 18.259421679452949, 45.978515472664597 ], [ 18.259312464832224, 45.978515472664597 ], [ 18.259312464832224, 45.978406258043869 ], [ 18.259094035590778, 45.978406258043869 ], [ 18.259094035590778, 45.978078614181698 ], [ 18.259312464832224, 45.978078614181698 ], [ 18.259312464832224, 45.978187828802426 ], [ 18.259749323315123, 45.978187828802426 ], [ 18.259749323315123, 45.978297043423147 ], [ 18.25996775255657, 45.978297043423147 ], [ 18.25996775255657, 45.978624687285318 ], [ 18.260076967177294, 45.978624687285318 ], [ 18.260076967177294, 45.978843116526768 ], [ 18.260186181798019, 45.978843116526768 ], [ 18.260186181798019, 45.979061545768218 ], [ 18.260295396418744, 45.979061545768218 ], [ 18.260295396418744, 45.979170760388939 ], [ 18.260623040280915, 45.979170760388939 ], [ 18.260623040280915, 45.979279975009668 ], [ 18.261605971867436, 45.979279975009668 ], [ 18.261605971867436, 45.979389189630389 ], [ 18.262042830350332, 45.979389189630389 ], [ 18.262042830350332, 45.979279975009668 ], [ 18.262261259591781, 45.979279975009668 ], [ 18.262261259591781, 45.978952331147497 ], [ 18.262042830350332, 45.978952331147497 ], [ 18.262042830350332, 45.978843116526768 ], [ 18.261933615729607, 45.978843116526768 ], [ 18.261933615729607, 45.978733901906047 ], [ 18.261824401108882, 45.978733901906047 ], [ 18.261824401108882, 45.978624687285318 ], [ 18.261715186488161, 45.978624687285318 ], [ 18.261715186488161, 45.978515472664597 ], [ 18.261605971867436, 45.978515472664597 ], [ 18.261605971867436, 45.977969399560976 ], [ 18.261933615729607, 45.977969399560976 ], [ 18.261933615729607, 45.978078614181698 ], [ 18.262261259591781, 45.978078614181698 ], [ 18.262261259591781, 45.978187828802426 ], [ 18.262370474212506, 45.978187828802426 ], [ 18.262370474212506, 45.978297043423147 ], [ 18.262479688833228, 45.978297043423147 ], [ 18.262479688833228, 45.978406258043869 ], [ 18.262807332695402, 45.978406258043869 ], [ 18.262807332695402, 45.978078614181698 ], [ 18.262588903453953, 45.978078614181698 ], [ 18.262588903453953, 45.977969399560976 ], [ 18.262370474212506, 45.977969399560976 ], [ 18.262370474212506, 45.977860184940248 ], [ 18.262479688833228, 45.977860184940248 ], [ 18.262479688833228, 45.977532541078077 ], [ 18.262588903453953, 45.977532541078077 ], [ 18.262588903453953, 45.977423326457355 ], [ 18.262916547316127, 45.977423326457355 ], [ 18.262916547316127, 45.977314111836627 ], [ 18.263025761936849, 45.977314111836627 ], [ 18.263025761936849, 45.976986467974456 ], [ 18.263244191178298, 45.976986467974456 ], [ 18.263244191178298, 45.976877253353734 ], [ 18.263462620419748, 45.976877253353734 ], [ 18.263462620419748, 45.976768038733006 ], [ 18.26455476662699, 45.976768038733006 ], [ 18.26455476662699, 45.976877253353734 ], [ 18.265646912834232, 45.976877253353734 ], [ 18.265646912834232, 45.976986467974456 ], [ 18.266520629800027, 45.976986467974456 ], [ 18.266520629800027, 45.977095682595184 ], [ 18.267394346765823, 45.977095682595184 ], [ 18.267394346765823, 45.977314111836627 ], [ 18.266848273662198, 45.977314111836627 ], [ 18.266848273662198, 45.977423326457355 ], [ 18.266629844420752, 45.977423326457355 ], [ 18.266629844420752, 45.977532541078077 ], [ 18.266520629800027, 45.977532541078077 ], [ 18.266520629800027, 45.977860184940248 ], [ 18.266411415179302, 45.977860184940248 ], [ 18.266411415179302, 45.977969399560976 ], [ 18.266302200558577, 45.977969399560976 ], [ 18.266302200558577, 45.978078614181698 ], [ 18.266083771317131, 45.978078614181698 ], [ 18.266083771317131, 45.978187828802426 ], [ 18.265865342075681, 45.978187828802426 ], [ 18.265865342075681, 45.978297043423147 ], [ 18.265756127454956, 45.978297043423147 ], [ 18.265756127454956, 45.978406258043869 ], [ 18.265646912834232, 45.978406258043869 ], [ 18.265646912834232, 45.978624687285318 ], [ 18.265537698213507, 45.978624687285318 ], [ 18.265537698213507, 45.978843116526768 ], [ 18.265428483592785, 45.978843116526768 ], [ 18.265428483592785, 45.978952331147497 ], [ 18.26531926897206, 45.978952331147497 ], [ 18.26531926897206, 45.979061545768218 ], [ 18.265210054351336, 45.979061545768218 ], [ 18.265210054351336, 45.979170760388939 ], [ 18.265100839730611, 45.979170760388939 ], [ 18.265100839730611, 45.979279975009668 ], [ 18.264991625109886, 45.979279975009668 ], [ 18.264991625109886, 45.979389189630389 ], [ 18.264663981247715, 45.979389189630389 ], [ 18.264663981247715, 45.979498404251117 ], [ 18.26455476662699, 45.979498404251117 ], [ 18.26455476662699, 45.979389189630389 ], [ 18.262588903453953, 45.979389189630389 ], [ 18.262588903453953, 45.979498404251117 ], [ 18.26051382566019, 45.979498404251117 ], [ 18.26051382566019, 45.979389189630389 ], [ 18.259640108694398, 45.979389189630389 ], [ 18.259640108694398, 45.979498404251117 ], [ 18.258111104004257, 45.979498404251117 ] ] ] } },
{ "type": "Feature", "properties": { "parcel_id": 11, "area_ha": 18.49, "pixels": 1849 }, "geometry": { "type": "Polygon", "coordinates": [ [ [ 18.283339681391563, 45.979498404251117 ], [ 18.283339681391563, 45.979389189630389 ], [ 18.283121252150117, 45.979389189630389 ], [ 18.283121252150117, 45.979170760388939 ], [ 18.283339681391563, 45.979170760388939 ], [ 18.283339681391563, 45.978297043423147 ], [ 18.283230466770839, 45.978297043423147 ], [ 18.283230466770839, 45.977969399560976 ], [ 18.283339681391563, 45.977969399560976 ], [ 18.283339681391563, 45.977750970319526 ], [ 18.283448896012288, 45.977750970319526 ], [ 18.283448896012288, 45.977423326457355 ], [ 18.283558110633013, 45.977423326457355 ], [ 18.283558110633013, 45.976768038733006 ], [ 18.283667325253738, 45.976768038733006 ], [ 18.283667325253738, 45.976112751008664 ], [ 18.283776539874459, 45.976112751008664 ], [ 18.283776539874459, 45.975785107146493 ], [ 18.283885754495184, 45.975785107146493 ], [ 18.283885754495184, 45.975239034042872 ], [ 18.283776539874459, 45.975239034042872 ], [ 18.283776539874459, 45.974692960939244 ], [ 18.283339681391563, 45.974692960939244 ], [ 18.283339681391563, 45.974583746318523 ], [ 18.282793608287943, 45.974583746318523 ], [ 18.282793608287943, 45.974474531697801 ], [ 18.282575179046493, 45.974474531697801 ], [ 18.282575179046493, 45.974256102456351 ], [ 18.282793608287943, 45.974256102456351 ], [ 18.282793608287943, 45.974146887835623 ], [ 18.283667325253738, 45.974146887835623 ], [ 18.283667325253738, 45.974256102456351 ], [ 18.283885754495184, 45.974256102456351 ], [ 18.283885754495184, 45.974146887835623 ], [ 18.284104183736634, 45.974146887835623 ], [ 18.284104183736634, 45.974037673214902 ], [ 18.284213398357359, 45.974037673214902 ], [ 18.284213398357359, 45.973710029352731 ], [ 18.284322612978084, 45.973710029352731 ], [ 18.284322612978084, 45.973382385490552 ], [ 18.284431827598805, 45.973382385490552 ], [ 18.284431827598805, 45.972836312386931 ], [ 18.28454104221953, 45.972836312386931 ], [ 18.28454104221953, 45.972399453904039 ], [ 18.284650256840255, 45.972399453904039 ], [ 18.284650256840255, 45.971634951558968 ], [ 18.28475947146098, 45.971634951558968 ], [ 18.28475947146098, 45.97152573693824 ], [ 18.284650256840255, 45.97152573693824 ], [ 18.284650256840255, 45.971088878455348 ], [ 18.283994969115909, 45.971088878455348 ], [ 18.283994969115909, 45.970979663834619 ], [ 18.283121252150117, 45.970979663834619 ], [ 18.283121252150117, 45.971088878455348 ], [ 18.282793608287943, 45.971088878455348 ], [ 18.282793608287943, 45.971198093076069 ], [ 18.282575179046493, 45.971198093076069 ], [ 18.282575179046493, 45.971307307696797 ], [ 18.282465964425771, 45.971307307696797 ], [ 18.282465964425771, 45.971416522317519 ], [ 18.282356749805047, 45.971416522317519 ], [ 18.282356749805047, 45.97152573693824 ], [ 18.282247535184322, 45.97152573693824 ], [ 18.282247535184322, 45.971634951558968 ], [ 18.282138320563597, 45.971634951558968 ], [ 18.282138320563597, 45.97174416617969 ], [ 18.281919891322147, 45.97174416617969 ], [ 18.281919891322147, 45.971853380800418 ], [ 18.281701462080701, 45.971853380800418 ], [ 18.281701462080701, 45.97152573693824 ], [ 18.281919891322147, 45.97152573693824 ], [ 18.281919891322147, 45.971416522317519 ], [ 18.282029105942872, 45.971416522317519 ], [ 18.282029105942872, 45.971307307696797 ], [ 18.282138320563597, 45.971307307696797 ], [ 18.282138320563597, 45.971198093076069 ], [ 18.282247535184322, 45.971198093076069 ], [ 18.282247535184322, 45.971088878455348 ], [ 18.282465964425771, 45.971088878455348 ], [ 18.282465964425771, 45.970979663834619 ], [ 18.282575179046493, 45.970979663834619 ], [ 18.282575179046493, 45.970870449213898 ], [ 18.282793608287943, 45.970870449213898 ], [ 18.282793608287943, 45.970761234593176 ], [ 18.283012037529392, 45.970761234593176 ], [ 18.283012037529392, 45.970652019972448 ], [ 18.283994969115909, 45.970652019972448 ], [ 18.283994969115909, 45.970542805351727 ], [ 18.28454104221953, 45.970542805351727 ], [ 18.28454104221953, 45.970652019972448 ], [ 18.28475947146098, 45.970652019972448 ], [ 18.28475947146098, 45.970761234593176 ], [ 18.284868686081705, 45.970761234593176 ], [ 18.284868686081705, 45.970870449213898 ], [ 18.28497790070243, 45.970870449213898 ], [ 18.28497790070243, 45.970979663834619 ], [ 18.285087115323151, 45.970979663834619 ], [ 18.285087115323151, 45.971198093076069 ], [ 18.285196329943876, 45.971198093076069 ], [ 18.285196329943876, 45.971307307696797 ], [ 18.285305544564601, 45.971307307696797 ], [ 18.285305544564601, 45.971198093076069 ], [ 18.285414759185326, 45.971198093076069 ], [ 18.285414759185326, 45.971088878455348 ], [ 18.28552397380605, 45.971088878455348 ], [ 18.28552397380605, 45.970979663834619 ], [ 18.285851617668222, 45.970979663834619 ], [ 18.285851617668222, 45.971088878455348 ], [ 18.285960832288946, 45.971088878455348 ], [ 18.285960832288946, 45.971416522317519 ], [ 18.286070046909671, 45.971416522317519 ], [ 18.286070046909671, 45.972071810041868 ], [ 18.286179261530396, 45.972071810041868 ], [ 18.286179261530396, 45.973382385490552 ], [ 18.286070046909671, 45.973382385490552 ], [ 18.286070046909671, 45.973819243973452 ], [ 18.285960832288946, 45.973819243973452 ], [ 18.285960832288946, 45.974037673214902 ], [ 18.285851617668222, 45.974037673214902 ], [ 18.285851617668222, 45.974146887835623 ], [ 18.285742403047497, 45.974146887835623 ], [ 18.285742403047497, 45.974256102456351 ], [ 18.285633188426775, 45.974256102456351 ], [ 18.285633188426775, 45.974474531697801 ], [ 18.28552397380605, 45.974474531697801 ], [ 18.28552397380605, 45.974802175559972 ], [ 18.285633188426775, 45.974802175559972 ], [ 18.285633188426775, 45.975239034042872 ], [ 18.285742403047497, 45.975239034042872 ], [ 18.285742403047497, 45.974583746318523 ], [ 18.286070046909671, 45.974583746318523 ], [ 18.286070046909671, 45.975020604801422 ], [ 18.286179261530396, 45.975020604801422 ], [ 18.286179261530396, 45.975348248663593 ], [ 18.286288476151118, 45.975348248663593 ], [ 18.286288476151118, 45.976003536387935 ], [ 18.286397690771842, 45.976003536387935 ], [ 18.286397690771842, 45.976221965629385 ], [ 18.286506905392567, 45.976221965629385 ], [ 18.286506905392567, 45.976331180250114 ], [ 18.286834549254742, 45.976331180250114 ], [ 18.286834549254742, 45.976221965629385 ], [ 18.287052978496188, 45.976221965629385 ], [ 18.287052978496188, 45.976003536387935 ], [ 18.287162193116913, 45.976003536387935 ], [ 18.287162193116913, 45.976331180250114 ], [ 18.287052978496188, 45.976331180250114 ], [ 18.287052978496188, 45.976658824112285 ], [ 18.286943763875463, 45.976658824112285 ], [ 18.286943763875463, 45.976877253353734 ], [ 18.287052978496188, 45.976877253353734 ], [ 18.287052978496188, 45.977641755698805 ], [ 18.286943763875463, 45.977641755698805 ], [ 18.286943763875463, 45.977860184940248 ], [ 18.287052978496188, 45.977860184940248 ], [ 18.287052978496188, 45.978187828802426 ], [ 18.286943763875463, 45.978187828802426 ], [ 18.286943763875463, 45.978624687285318 ], [ 18.286834549254742, 45.978624687285318 ], [ 18.286834549254742, 45.979061545768218 ], [ 18.286725334634017, 45.979061545768218 ], [ 18.286725334634017, 45.979170760388939 ], [ 18.286397690771842, 45.979170760388939 ], [ 18.286397690771842, 45.979279975009668 ], [ 18.284431827598805, 45.979279975009668 ], [ 18.284431827598805, 45.979170760388939 ], [ 18.283776539874459, 45.979170760388939 ], [ 18.283776539874459, 45.979279975009668 ], [ 18.283667325253738, 45.979279975009668 ], [ 18.283667325253738, 45.979389189630389 ], [ 18.283448896012288, 45.979389189630389 ], [ 18.283448896012288, 45.979498404251117 ], [ 18.283339681391563, 45.979498404251117 ] ] ] } },
{ "type": "Feature", "properties": { "parcel_id": 12, "area_ha": 15.12, "pixels": 1512 }, "geometry": { "type": "Polygon", "coordinates": [ [ [ 18.261605971867436, 45.979389189630389 ], [ 18.261605971867436, 45.979279975009668 ], [ 18.260623040280915, 45.979279975009668 ], [ 18.260623040280915, 45.979170760388939 ], [ 18.26051382566019, 45.979170760388939 ], [ 18.26051382566019, 45.979061545768218 ], [ 18.260404611039469, 45.979061545768218 ], [ 18.260404611039469, 45.978952331147497 ], [ 18.260295396418744, 45.978952331147497 ], [ 18.260295396418744, 45.978733901906047 ], [ 18.260186181798019, 45.978733901906047 ], [ 18.260186181798019, 45.978297043423147 ], [ 18.260076967177294, 45.978297043423147 ], [ 18.260076967177294, 45.978187828802426 ], [ 18.25996775255657, 45.978187828802426 ], [ 18.25996775255657, 45.978078614181698 ], [ 18.259749323315123, 45.978078614181698 ], [ 18.259749323315123, 45.977750970319526 ], [ 18.25996775255657, 45.977750970319526 ], [ 18.25996775255657, 45.977641755698805 ], [ 18.260186181798019, 45.977641755698805 ], [ 18.260186181798019, 45.977532541078077 ], [ 18.260295396418744, 45.977532541078077 ], [ 18.260295396418744, 45.977423326457355 ], [ 18.261059898763815, 45.977423326457355 ], [ 18.261059898763815, 45.977532541078077 ], [ 18.261387542625986, 45.977532541078077 ], [ 18.261387542625986, 45.977423326457355 ], [ 18.261496757246711, 45.977423326457355 ], [ 18.261496757246711, 45.977204897215906 ], [ 18.261605971867436, 45.977204897215906 ], [ 18.261605971867436, 45.977095682595184 ], [ 18.261715186488161, 45.977095682595184 ], [ 18.261715186488161, 45.976986467974456 ], [ 18.261933615729607, 45.976986467974456 ], [ 18.261933615729607, 45.976658824112285 ], [ 18.261824401108882, 45.976658824112285 ], [ 18.261824401108882, 45.976549609491556 ], [ 18.261605971867436, 45.976549609491556 ], [ 18.261605971867436, 45.976003536387935 ], [ 18.261496757246711, 45.976003536387935 ], [ 18.261496757246711, 45.975894321767214 ], [ 18.261169113384536, 45.975894321767214 ], [ 18.261169113384536, 45.975785107146493 ], [ 18.260841469522365, 45.975785107146493 ], [ 18.260841469522365, 45.975675892525764 ], [ 18.26051382566019, 45.975675892525764 ], [ 18.26051382566019, 45.975785107146493 ], [ 18.260404611039469, 45.975785107146493 ], [ 18.260404611039469, 45.976003536387935 ], [ 18.260295396418744, 45.976003536387935 ], [ 18.260295396418744, 45.976221965629385 ], [ 18.260186181798019, 45.976221965629385 ], [ 18.260186181798019, 45.976440394870835 ], [ 18.260076967177294, 45.976440394870835 ], [ 18.260076967177294, 45.976658824112285 ], [ 18.260186181798019, 45.976658824112285 ], [ 18.260186181798019, 45.977095682595184 ], [ 18.25996775255657, 45.977095682595184 ], [ 18.25996775255657, 45.977204897215906 ], [ 18.259749323315123, 45.977204897215906 ], [ 18.259749323315123, 45.977314111836627 ], [ 18.259640108694398, 45.977314111836627 ], [ 18.259640108694398, 45.977204897215906 ], [ 18.259421679452949, 45.977204897215906 ], [ 18.259421679452949, 45.977095682595184 ], [ 18.259312464832224, 45.977095682595184 ], [ 18.259312464832224, 45.976331180250114 ], [ 18.259203250211502, 45.976331180250114 ], [ 18.259203250211502, 45.976003536387935 ], [ 18.259094035590778, 45.976003536387935 ], [ 18.259094035590778, 45.975894321767214 ], [ 18.258875606349328, 45.975894321767214 ], [ 18.258875606349328, 45.975785107146493 ], [ 18.258657177107878, 45.975785107146493 ], [ 18.258657177107878, 45.975675892525764 ], [ 18.258220318624982, 45.975675892525764 ], [ 18.258220318624982, 45.975785107146493 ], [ 18.257892674762811, 45.975785107146493 ], [ 18.257892674762811, 45.975566677905043 ], [ 18.258001889383532, 45.975566677905043 ], [ 18.258001889383532, 45.975457463284314 ], [ 18.258111104004257, 45.975457463284314 ], [ 18.258111104004257, 45.975348248663593 ], [ 18.258220318624982, 45.975348248663593 ], [ 18.258220318624982, 45.975239034042872 ], [ 18.258329533245707, 45.975239034042872 ], [ 18.258329533245707, 45.974911390180694 ], [ 18.258220318624982, 45.974911390180694 ], [ 18.258220318624982, 45.974802175559972 ], [ 18.257783460142086, 45.974802175559972 ], [ 18.257783460142086, 45.974911390180694 ], [ 18.257674245521361, 45.974911390180694 ], [ 18.257674245521361, 45.975020604801422 ], [ 18.257565030900636, 45.975020604801422 ], [ 18.257565030900636, 45.975129819422143 ], [ 18.257455816279911, 45.975129819422143 ], [ 18.257455816279911, 45.975239034042872 ], [ 18.257346601659187, 45.975239034042872 ], [ 18.257346601659187, 45.975348248663593 ], [ 18.25712817241774, 45.975348248663593 ], [ 18.25712817241774, 45.975457463284314 ], [ 18.257018957797015, 45.975457463284314 ], [ 18.257018957797015, 45.975566677905043 ], [ 18.256909743176291, 45.975566677905043 ], [ 18.256909743176291, 45.975675892525764 ], [ 18.256800528555566, 45.975675892525764 ], [ 18.256800528555566, 45.975785107146493 ], [ 18.256691313934844, 45.975785107146493 ], [ 18.256691313934844, 45.975894321767214 ], [ 18.256472884693395, 45.975894321767214 ], [ 18.256472884693395, 45.975675892525764 ], [ 18.256582099314119, 45.975675892525764 ], [ 18.256582099314119, 45.975566677905043 ], [ 18.25636367007267, 45.975566677905043 ], [ 18.25636367007267, 45.975675892525764 ], [ 18.256254455451945, 45.975675892525764 ], [ 18.256254455451945, 45.975785107146493 ], [ 18.25614524083122, 45.975785107146493 ], [ 18.25614524083122, 45.975894321767214 ], [ 18.256036026210499, 45.975894321767214 ], [ 18.256036026210499, 45.976003536387935 ], [ 18.255489953106874, 45.976003536387935 ], [ 18.255489953106874, 45.975894321767214 ], [ 18.255053094623978, 45.975894321767214 ], [ 18.255053094623978, 45.975785107146493 ], [ 18.254725450761807, 45.975785107146493 ], [ 18.254725450761807, 45.975566677905043 ], [ 18.254943880003253, 45.975566677905043 ], [ 18.254943880003253, 45.975675892525764 ], [ 18.256036026210499, 45.975675892525764 ], [ 18.256036026210499, 45.975566677905043 ], [ 18.256254455451945, 45.975566677905043 ], [ 18.256254455451945, 45.975457463284314 ], [ 18.25636367007267, 45.975457463284314 ], [ 18.25636367007267, 45.975348248663593 ], [ 18.256472884693395, 45.975348248663593 ], [ 18.256472884693395, 45.975239034042872 ], [ 18.256582099314119, 45.975239034042872 ], [ 18.256582099314119, 45.975020604801422 ], [ 18.256691313934844, 45.975020604801422 ], [ 18.256691313934844, 45.974911390180694 ], [ 18.256800528555566, 45.974911390180694 ], [ 18.256800528555566, 45.974802175559972 ], [ 18.256909743176291, 45.974802175559972 ], [ 18.256909743176291, 45.974692960939244 ], [ 18.257018957797015, 45.974692960939244 ], [ 18.257018957797015, 45.974583746318523 ], [ 18.25712817241774, 45.974583746318523 ], [ 18.25712817241774, 45.974474531697801 ], [ 18.257346601659187, 45.974474531697801 ], [ 18.257346601659187, 45.974365317077073 ], [ 18.257455816279911, 45.974365317077073 ], [ 18.257455816279911, 45.974146887835623 ], [ 18.257565030900636, 45.974146887835623 ], [ 18.257565030900636, 45.974256102456351 ], [ 18.257892674762811, 45.974256102456351 ], [ 18.257892674762811, 45.974146887835623 ], [ 18.258111104004257, 45.974146887835623 ], [ 18.258111104004257, 45.974256102456351 ], [ 18.258547962487157, 45.974256102456351 ], [ 18.258547962487157, 45.974365317077073 ], [ 18.258766391728603, 45.974365317077073 ], [ 18.258766391728603, 45.974474531697801 ], [ 18.258875606349328, 45.974474531697801 ], [ 18.258875606349328, 45.974692960939244 ], [ 18.258984820970053, 45.974692960939244 ], [ 18.258984820970053, 45.974802175559972 ], [ 18.259203250211502, 45.974802175559972 ], [ 18.259203250211502, 45.974911390180694 ], [ 18.260295396418744, 45.974911390180694 ], [ 18.260295396418744, 45.975020604801422 ], [ 18.260623040280915, 45.975020604801422 ], [ 18.260623040280915, 45.975129819422143 ], [ 18.260841469522365, 45.975129819422143 ], [ 18.260841469522365, 45.975239034042872 ], [ 18.261059898763815, 45.975239034042872 ], [ 18.261059898763815, 45.975348248663593 ], [ 18.261278328005261, 45.975348248663593 ], [ 18.261278328005261, 45.975457463284314 ], [ 18.261605971867436, 45.975457463284314 ], [ 18.261605971867436, 45.975566677905043 ], [ 18.261824401108882, 45.975566677905043 ], [ 18.261824401108882, 45.975675892525764 ], [ 18.262042830350332, 45.975675892525764 ], [ 18.262042830350332, 45.976331180250114 ], [ 18.262588903453953, 45.976331180250114 ], [ 18.262588903453953, 45.976440394870835 ], [ 18.263134976557573, 45.976440394870835 ], [ 18.263134976557573, 45.976331180250114 ], [ 18.263353405799023, 45.976331180250114 ], [ 18.263353405799023, 45.976221965629385 ], [ 18.263462620419748, 45.976221965629385 ], [ 18.263462620419748, 45.976003536387935 ], [ 18.263571835040473, 45.976003536387935 ], [ 18.263571835040473, 45.975894321767214 ], [ 18.263681049661194, 45.975894321767214 ], [ 18.263681049661194, 45.975675892525764 ], [ 18.263790264281919, 45.975675892525764 ], [ 18.263790264281919, 45.975566677905043 ], [ 18.263899478902644, 45.975566677905043 ], [ 18.263899478902644, 45.975457463284314 ], [ 18.264008693523369, 45.975457463284314 ], [ 18.264008693523369, 45.975129819422143 ], [ 18.264227122764819, 45.975129819422143 ], [ 18.264227122764819, 45.975020604801422 ], [ 18.26433633738554, 45.975020604801422 ], [ 18.26433633738554, 45.974911390180694 ], [ 18.264445552006265, 45.974911390180694 ], [ 18.264445552006265, 45.974802175559972 ], [ 18.26455476662699, 45.974802175559972 ], [ 18.26455476662699, 45.974474531697801 ], [ 18.26477319586844, 45.974474531697801 ], [ 18.26477319586844, 45.974365317077073 ], [ 18.264882410489164, 45.974365317077073 ], [ 18.264882410489164, 45.974037673214902 ], [ 18.264991625109886, 45.974037673214902 ], [ 18.264991625109886, 45.97392845859418 ], [ 18.265210054351336, 45.97392845859418 ], [ 18.265210054351336, 45.973819243973452 ], [ 18.26531926897206, 45.973819243973452 ], [ 18.26531926897206, 45.973491600111281 ], [ 18.265428483592785, 45.973491600111281 ], [ 18.265428483592785, 45.973382385490552 ], [ 18.265537698213507, 45.973382385490552 ], [ 18.265537698213507, 45.973273170869831 ], [ 18.265756127454956, 45.973273170869831 ], [ 18.265756127454956, 45.97316395624911 ], [ 18.266192985937852, 45.97316395624911 ], [ 18.266192985937852, 45.973273170869831 ], [ 18.266411415179302, 45.973273170869831 ], [ 18.266411415179302, 45.973382385490552 ], [ 18.266520629800027, 45.973382385490552 ], [ 18.266520629800027, 45.97392845859418 ], [ 18.266411415179302, 45.97392845859418 ], [ 18.266411415179302, 45.974037673214902 ], [ 18.266302200558577, 45.974037673214902 ], [ 18.266302200558577, 45.974256102456351 ], [ 18.266192985937852, 45.974256102456351 ], [ 18.266192985937852, 45.974365317077073 ], [ 18.266083771317131, 45.974365317077073 ], [ 18.266083771317131, 45.974474531697801 ], [ 18.265974556696406, 45.974474531697801 ], [ 18.265974556696406, 45.974583746318523 ], [ 18.265756127454956, 45.974583746318523 ], [ 18.265756127454956, 45.974692960939244 ], [ 18.265646912834232, 45.974692960939244 ], [ 18.265646912834232, 45.975129819422143 ], [ 18.26531926897206, 45.975129819422143 ], [ 18.26531926897206, 45.975566677905043 ], [ 18.264991625109886, 45.975566677905043 ], [ 18.264991625109886, 45.976003536387935 ], [ 18.264882410489164, 45.976003536387935 ], [ 18.264882410489164, 45.976331180250114 ], [ 18.265537698213507, 45.976331180250114 ], [ 18.265537698213507, 45.976440394870835 ], [ 18.266192985937852, 45.976440394870835 ], [ 18.266192985937852, 45.976549609491556 ], [ 18.266411415179302, 45.976549609491556 ], [ 18.266411415179302, 45.976658824112285 ], [ 18.266739059041477, 45.976658824112285 ], [ 18.266739059041477, 45.976768038733006 ], [ 18.267175917524373, 45.976768038733006 ], [ 18.267175917524373, 45.976658824112285 ], [ 18.267394346765823, 45.976658824112285 ], [ 18.267394346765823, 45.976549609491556 ], [ 18.267503561386544, 45.976549609491556 ], [ 18.267503561386544, 45.976440394870835 ], [ 18.267612776007269, 45.976440394870835 ], [ 18.267612776007269, 45.976331180250114 ], [ 18.267721990627994, 45.976331180250114 ], [ 18.267721990627994, 45.976221965629385 ], [ 18.267940419869444, 45.976221965629385 ], [ 18.267940419869444, 45.976112751008664 ], [ 18.268268063731615, 45.976112751008664 ], [ 18.268268063731615, 45.976003536387935 ], [ 18.268704922214511, 45.976003536387935 ], [ 18.268704922214511, 45.976112751008664 ], [ 18.268595707593789, 45.976112751008664 ], [ 18.268595707593789, 45.976221965629385 ], [ 18.268377278352339, 45.976221965629385 ], [ 18.268377278352339, 45.976331180250114 ], [ 18.26815884911089, 45.976331180250114 ], [ 18.26815884911089, 45.976440394870835 ], [ 18.267940419869444, 45.976440394870835 ], [ 18.267940419869444, 45.976549609491556 ], [ 18.267612776007269, 45.976549609491556 ], [ 18.267612776007269, 45.976658824112285 ], [ 18.267503561386544, 45.976658824112285 ], [ 18.267503561386544, 45.976986467974456 ], [ 18.267394346765823, 45.976986467974456 ], [ 18.267394346765823, 45.977095682595184 ], [ 18.266520629800027, 45.977095682595184 ], [ 18.266520629800027, 45.976986467974456 ], [ 18.265646912834232, 45.976986467974456 ], [ 18.265646912834232, 45.976877253353734 ], [ 18.26455476662699, 45.976877253353734 ], [ 18.26455476662699, 45.976768038733006 ], [ 18.263462620419748, 45.976768038733006 ], [ 18.263462620419748, 45.976877253353734 ], [ 18.263244191178298, 45.976877253353734 ], [ 18.263244191178298, 45.976986467974456 ], [ 18.263025761936849, 45.976986467974456 ], [ 18.263025761936849, 45.977314111836627 ], [ 18.262916547316127, 45.977314111836627 ], [ 18.262916547316127, 45.977423326457355 ], [ 18.262588903453953, 45.977423326457355 ], [ 18.262588903453953, 45.977532541078077 ], [ 18.262479688833228, 45.977532541078077 ], [ 18.262479688833228, 45.977860184940248 ], [ 18.262370474212506, 45.977860184940248 ], [ 18.262370474212506, 45.977969399560976 ], [ 18.262588903453953, 45.977969399560976 ], [ 18.262588903453953, 45.978078614181698 ], [ 18.262807332695402, 45.978078614181698 ], [ 18.262807332695402, 45.978406258043869 ], [ 18.262479688833228, 45.978406258043869 ], [ 18.262479688833228, 45.978297043423147 ], [ 18.262370474212506, 45.978297043423147 ], [ 18.262370474212506, 45.978187828802426 ], [ 18.262261259591781, 45.978187828802426 ], [ 18.262261259591781, 45.978078614181698 ], [ 18.261933615729607, 45.978078614181698 ], [ 18.261933615729607, 45.977969399560976 ], [ 18.261605971867436, 45.977969399560976 ], [ 18.261605971867436, 45.978515472664597 ], [ 18.261715186488161, 45.978515472664597 ], [ 18.261715186488161, 45.978624687285318 ], [ 18.261824401108882, 45.978624687285318 ], [ 18.261824401108882, 45.978733901906047 ], [ 18.261933615729607, 45.978733901906047 ], [ 18.261933615729607, 45.978843116526768 ], [ 18.262042830350332, 45.978843116526768 ], [ 18.262042830350332, 45.978952331147497 ], [ 18.262261259591781, 45.978952331147497 ], [ 18.262261259591781, 45.979279975009668 ], [ 18.262042830350332, 45.979279975009668 ], [ 18.262042830350332, 45.979389189630389 ], [ 18.261605971867436, 45.979389189630389 ] ] ] } },
{ "type": "Feature", "properties": { "parcel_id": 13, "area_ha": 16.41, "pixels": 1641 }, "geometry": { "type": "Polygon", "coordinates": [ [ [ 18.24533299337952, 45.979279975009668 ], [ 18.24533299337952, 45.979170760388939 ], [ 18.245114564138071, 45.979170760388939 ], [ 18.245114564138071, 45.978624687285318 ], [ 18.245223778758795, 45.978624687285318 ], [ 18.245223778758795, 45.978406258043869 ], [ 18.24533299337952, 45.978406258043869 ], [ 18.24533299337952, 45.978187828802426 ], [ 18.245551422620967, 45.978187828802426 ], [ 18.245551422620967, 45.977860184940248 ], [ 18.245660637241691, 45.977860184940248 ], [ 18.245660637241691, 45.977314111836627 ], [ 18.245551422620967, 45.977314111836627 ], [ 18.245551422620967, 45.976986467974456 ], [ 18.245114564138071, 45.976986467974456 ], [ 18.245114564138071, 45.976877253353734 ], [ 18.244677705655175, 45.976877253353734 ], [ 18.244677705655175, 45.976768038733006 ], [ 18.244459276413725, 45.976768038733006 ], [ 18.244459276413725, 45.976658824112285 ], [ 18.243913203310104, 45.976658824112285 ], [ 18.243913203310104, 45.976549609491556 ], [ 18.243367130206483, 45.976549609491556 ], [ 18.243367130206483, 45.976440394870835 ], [ 18.243039486344308, 45.976440394870835 ], [ 18.243039486344308, 45.976331180250114 ], [ 18.242711842482137, 45.976331180250114 ], [ 18.242711842482137, 45.976221965629385 ], [ 18.242165769378516, 45.976221965629385 ], [ 18.242165769378516, 45.976003536387935 ], [ 18.242274983999238, 45.976003536387935 ], [ 18.242274983999238, 45.975785107146493 ], [ 18.242384198619963, 45.975785107146493 ], [ 18.242384198619963, 45.975675892525764 ], [ 18.242493413240688, 45.975675892525764 ], [ 18.242493413240688, 45.975020604801422 ], [ 18.242384198619963, 45.975020604801422 ], [ 18.242384198619963, 45.974911390180694 ], [ 18.242274983999238, 45.974911390180694 ], [ 18.242274983999238, 45.974802175559972 ], [ 18.242056554757792, 45.974802175559972 ], [ 18.242056554757792, 45.974692960939244 ], [ 18.241838125516342, 45.974692960939244 ], [ 18.241838125516342, 45.974583746318523 ], [ 18.241619696274892, 45.974583746318523 ], [ 18.241619696274892, 45.974365317077073 ], [ 18.241947340137067, 45.974365317077073 ], [ 18.241947340137067, 45.974256102456351 ], [ 18.242384198619963, 45.974256102456351 ], [ 18.242384198619963, 45.974146887835623 ], [ 18.242602627861412, 45.974146887835623 ], [ 18.242602627861412, 45.974037673214902 ], [ 18.242711842482137, 45.974037673214902 ], [ 18.242711842482137, 45.97392845859418 ], [ 18.242930271723584, 45.97392845859418 ], [ 18.242930271723584, 45.973819243973452 ], [ 18.243039486344308, 45.973819243973452 ], [ 18.243039486344308, 45.973600814732002 ], [ 18.243148700965033, 45.973600814732002 ], [ 18.243148700965033, 45.973273170869831 ], [ 18.243039486344308, 45.973273170869831 ], [ 18.243039486344308, 45.97272709776621 ], [ 18.243148700965033, 45.97272709776621 ], [ 18.243148700965033, 45.972399453904039 ], [ 18.243585559447929, 45.972399453904039 ], [ 18.243585559447929, 45.97250866852476 ], [ 18.243694774068654, 45.97250866852476 ], [ 18.243694774068654, 45.972617883145489 ], [ 18.243803988689379, 45.972617883145489 ], [ 18.243803988689379, 45.97272709776621 ], [ 18.243694774068654, 45.97272709776621 ], [ 18.243694774068654, 45.972836312386931 ], [ 18.243585559447929, 45.972836312386931 ], [ 18.243585559447929, 45.97294552700766 ], [ 18.243476344827208, 45.97294552700766 ], [ 18.243476344827208, 45.973491600111281 ], [ 18.243367130206483, 45.973491600111281 ], [ 18.243367130206483, 45.974037673214902 ], [ 18.243257915585758, 45.974037673214902 ], [ 18.243257915585758, 45.974146887835623 ], [ 18.243367130206483, 45.974146887835623 ], [ 18.243367130206483, 45.974365317077073 ], [ 18.243585559447929, 45.974365317077073 ], [ 18.243585559447929, 45.974474531697801 ], [ 18.243913203310104, 45.974474531697801 ], [ 18.243913203310104, 45.974583746318523 ], [ 18.244131632551554, 45.974583746318523 ], [ 18.244131632551554, 45.974692960939244 ], [ 18.244350061793, 45.974692960939244 ], [ 18.244350061793, 45.974802175559972 ], [ 18.24456849103445, 45.974802175559972 ], [ 18.24456849103445, 45.974911390180694 ], [ 18.244786920275896, 45.974911390180694 ], [ 18.244786920275896, 45.975020604801422 ], [ 18.245114564138071, 45.975020604801422 ], [ 18.245114564138071, 45.975129819422143 ], [ 18.24533299337952, 45.975129819422143 ], [ 18.24533299337952, 45.975239034042872 ], [ 18.245442208000242, 45.975239034042872 ], [ 18.245442208000242, 45.975129819422143 ], [ 18.245660637241691, 45.975129819422143 ], [ 18.245660637241691, 45.975020604801422 ], [ 18.246534354207487, 45.975020604801422 ], [ 18.246534354207487, 45.975129819422143 ], [ 18.246971212690383, 45.975129819422143 ], [ 18.246971212690383, 45.975239034042872 ], [ 18.247080427311108, 45.975239034042872 ], [ 18.247080427311108, 45.975348248663593 ], [ 18.247189641931833, 45.975348248663593 ], [ 18.247189641931833, 45.975894321767214 ], [ 18.247298856552554, 45.975894321767214 ], [ 18.247298856552554, 45.976003536387935 ], [ 18.247408071173279, 45.976003536387935 ], [ 18.247408071173279, 45.976112751008664 ], [ 18.247735715035454, 45.976112751008664 ], [ 18.247735715035454, 45.976003536387935 ], [ 18.247844929656178, 45.976003536387935 ], [ 18.247844929656178, 45.975894321767214 ], [ 18.2479541442769, 45.975894321767214 ], [ 18.2479541442769, 45.975675892525764 ], [ 18.24817257351835, 45.975675892525764 ], [ 18.24817257351835, 45.975566677905043 ], [ 18.248827861242695, 45.975566677905043 ], [ 18.248827861242695, 45.975675892525764 ], [ 18.24893707586342, 45.975675892525764 ], [ 18.24893707586342, 45.976003536387935 ], [ 18.249046290484145, 45.976003536387935 ], [ 18.249046290484145, 45.975785107146493 ], [ 18.24915550510487, 45.975785107146493 ], [ 18.24915550510487, 45.975566677905043 ], [ 18.249264719725591, 45.975566677905043 ], [ 18.249264719725591, 45.975348248663593 ], [ 18.249373934346316, 45.975348248663593 ], [ 18.249373934346316, 45.975239034042872 ], [ 18.249483148967041, 45.975239034042872 ], [ 18.249483148967041, 45.975020604801422 ], [ 18.249592363587766, 45.975020604801422 ], [ 18.249592363587766, 45.974911390180694 ], [ 18.249701578208491, 45.974911390180694 ], [ 18.249701578208491, 45.974802175559972 ], [ 18.249920007449937, 45.974802175559972 ], [ 18.249920007449937, 45.974692960939244 ], [ 18.250466080553558, 45.974692960939244 ], [ 18.250466080553558, 45.974802175559972 ], [ 18.252104299864424, 45.974802175559972 ], [ 18.252104299864424, 45.974911390180694 ], [ 18.252431943726595, 45.974911390180694 ], [ 18.252431943726595, 45.975020604801422 ], [ 18.252868802209495, 45.975020604801422 ], [ 18.252868802209495, 45.975129819422143 ], [ 18.253196446071666, 45.975129819422143 ], [ 18.253196446071666, 45.975239034042872 ], [ 18.25275958758877, 45.975239034042872 ], [ 18.25275958758877, 45.975129819422143 ], [ 18.25232272910587, 45.975129819422143 ], [ 18.25232272910587, 45.975020604801422 ], [ 18.251885870622974, 45.975020604801422 ], [ 18.251885870622974, 45.974911390180694 ], [ 18.251230582898629, 45.974911390180694 ], [ 18.251230582898629, 45.975020604801422 ], [ 18.250466080553558, 45.975020604801422 ], [ 18.250466080553558, 45.974911390180694 ], [ 18.249920007449937, 45.974911390180694 ], [ 18.249920007449937, 45.975020604801422 ], [ 18.249810792829212, 45.975020604801422 ], [ 18.249810792829212, 45.975129819422143 ], [ 18.249701578208491, 45.975129819422143 ], [ 18.249701578208491, 45.975239034042872 ], [ 18.249592363587766, 45.975239034042872 ], [ 18.249592363587766, 45.975457463284314 ], [ 18.249483148967041, 45.975457463284314 ], [ 18.249483148967041, 45.975566677905043 ], [ 18.249373934346316, 45.975566677905043 ], [ 18.249373934346316, 45.975785107146493 ], [ 18.249264719725591, 45.975785107146493 ], [ 18.249264719725591, 45.976003536387935 ], [ 18.24915550510487, 45.976003536387935 ], [ 18.24915550510487, 45.976112751008664 ], [ 18.249046290484145, 45.976112751008664 ], [ 18.249046290484145, 45.976331180250114 ], [ 18.24893707586342, 45.976331180250114 ], [ 18.24893707586342, 45.976549609491556 ], [ 18.248827861242695, 45.976549609491556 ], [ 18.248827861242695, 45.976768038733006 ], [ 18.24871864662197, 45.976768038733006 ], [ 18.24871864662197, 45.976986467974456 ], [ 18.248609432001246, 45.976986467974456 ], [ 18.248609432001246, 45.977095682595184 ], [ 18.248500217380524, 45.977095682595184 ], [ 18.248500217380524, 45.977314111836627 ], [ 18.248391002759799, 45.977314111836627 ], [ 18.248391002759799, 45.977750970319526 ], [ 18.248281788139074, 45.977750970319526 ], [ 18.248281788139074, 45.977860184940248 ], [ 18.24817257351835, 45.977860184940248 ], [ 18.24817257351835, 45.978078614181698 ], [ 18.248063358897625, 45.978078614181698 ], [ 18.248063358897625, 45.978187828802426 ], [ 18.2479541442769, 45.978187828802426 ], [ 18.2479541442769, 45.978406258043869 ], [ 18.247844929656178, 45.978406258043869 ], [ 18.247844929656178, 45.978624687285318 ], [ 18.247735715035454, 45.978624687285318 ], [ 18.247735715035454, 45.978733901906047 ], [ 18.247626500414729, 45.978733901906047 ], [ 18.247626500414729, 45.978952331147497 ], [ 18.247517285794004, 45.978952331147497 ], [ 18.247517285794004, 45.979061545768218 ], [ 18.247298856552554, 45.979061545768218 ], [ 18.247298856552554, 45.979170760388939 ], [ 18.247189641931833, 45.979170760388939 ], [ 18.247189641931833, 45.979279975009668 ], [ 18.24533299337952, 45.979279975009668 ] ] ] } },
{ "type": "Feature", "properties": { "parcel_id": 14, "area_ha": 4.83, "pixels": 483 }, "geometry": { "type": "Polygon", "coordinates": [ [ [ 18.277005233389556, 45.979279975009668 ], [ 18.277005233389556, 45.978624687285318 ], [ 18.276786804148109, 45.978624687285318 ], [ 18.276786804148109, 45.978515472664597 ], [ 18.276677589527385, 45.978515472664597 ], [ 18.276677589527385, 45.978406258043869 ], [ 18.276459160285935, 45.978406258043869 ], [ 18.276459160285935, 45.978297043423147 ], [ 18.27634994566521, 45.978297043423147 ], [ 18.27634994566521, 45.978187828802426 ], [ 18.276459160285935, 45.978187828802426 ], [ 18.276459160285935, 45.978078614181698 ], [ 18.277223662631005, 45.978078614181698 ], [ 18.277223662631005, 45.977969399560976 ], [ 18.277660521113901, 45.977969399560976 ], [ 18.277660521113901, 45.978078614181698 ], [ 18.278206594217522, 45.978078614181698 ], [ 18.278206594217522, 45.978187828802426 ], [ 18.279298740424768, 45.978187828802426 ], [ 18.279298740424768, 45.978297043423147 ], [ 18.280281672011284, 45.978297043423147 ], [ 18.280281672011284, 45.978406258043869 ], [ 18.283121252150117, 45.978406258043869 ], [ 18.283121252150117, 45.979061545768218 ], [ 18.283012037529392, 45.979061545768218 ], [ 18.283012037529392, 45.979170760388939 ], [ 18.282029105942872, 45.979170760388939 ], [ 18.282029105942872, 45.979061545768218 ], [ 18.281810676701426, 45.979061545768218 ], [ 18.281810676701426, 45.979170760388939 ], [ 18.277769735734626, 45.979170760388939 ], [ 18.277769735734626, 45.979279975009668 ], [ 18.277005233389556, 45.979279975009668 ] ] ] } },
{ "type": "Feature", "properties": { "parcel_id": 15, "area_ha": 11.35, "pixels": 1135 }, "geometry": { "type": "Polygon", "coordinates": [ [ [ 18.289237270910675, 45.979279975009668 ], [ 18.289237270910675, 45.979170760388939 ], [ 18.289018841669225, 45.979170760388939 ], [ 18.289018841669225, 45.979061545768218 ], [ 18.288909627048501, 45.979061545768218 ], [ 18.288909627048501, 45.978952331147497 ], [ 18.288691197807054, 45.978952331147497 ], [ 18.288691197807054, 45.978843116526768 ], [ 18.288581983186329, 45.978843116526768 ], [ 18.288581983186329, 45.978733901906047 ], [ 18.28836355394488, 45.978733901906047 ], [ 18.28836355394488, 45.978624687285318 ], [ 18.288254339324155, 45.978624687285318 ], [ 18.288254339324155, 45.978515472664597 ], [ 18.288035910082709, 45.978515472664597 ], [ 18.288035910082709, 45.978406258043869 ], [ 18.287926695461984, 45.978406258043869 ], [ 18.287926695461984, 45.978297043423147 ], [ 18.287708266220534, 45.978297043423147 ], [ 18.287708266220534, 45.978187828802426 ], [ 18.287599051599809, 45.978187828802426 ], [ 18.287599051599809, 45.978078614181698 ], [ 18.287380622358363, 45.978078614181698 ], [ 18.287380622358363, 45.977860184940248 ], [ 18.287271407737638, 45.977860184940248 ], [ 18.287271407737638, 45.976331180250114 ], [ 18.287380622358363, 45.976331180250114 ], [ 18.287380622358363, 45.974802175559972 ], [ 18.287271407737638, 45.974802175559972 ], [ 18.287271407737638, 45.974146887835623 ], [ 18.287380622358363, 45.974146887835623 ], [ 18.287380622358363, 45.973382385490552 ], [ 18.287271407737638, 45.973382385490552 ], [ 18.287271407737638, 45.972071810041868 ], [ 18.287489836979088, 45.972071810041868 ], [ 18.287489836979088, 45.971962595421139 ], [ 18.2893464855314, 45.971962595421139 ], [ 18.2893464855314, 45.979279975009668 ], [ 18.289237270910675, 45.979279975009668 ] ] ] } },
{ "type": "Feature", "properties": { "parcel_id": 16, "area_ha": 13.99, "pixels": 1399 }, "geometry": { "type": "Polygon", "coordinates": [ [ [ 18.23976304772258, 45.979170760388939 ], [ 18.23976304772258, 45.979061545768218 ], [ 18.239653833101858, 45.979061545768218 ], [ 18.239653833101858, 45.978952331147497 ], [ 18.239544618481133, 45.978952331147497 ], [ 18.239544618481133, 45.978624687285318 ], [ 18.239435403860409, 45.978624687285318 ], [ 18.239435403860409, 45.978406258043869 ], [ 18.239326189239684, 45.978406258043869 ], [ 18.239326189239684, 45.978078614181698 ], [ 18.239216974618959, 45.978078614181698 ], [ 18.239216974618959, 45.977860184940248 ], [ 18.239107759998234, 45.977860184940248 ], [ 18.239107759998234, 45.977095682595184 ], [ 18.239216974618959, 45.977095682595184 ], [ 18.239216974618959, 45.976986467974456 ], [ 18.239107759998234, 45.976986467974456 ], [ 18.239107759998234, 45.976768038733006 ], [ 18.238889330756788, 45.976768038733006 ], [ 18.238889330756788, 45.976331180250114 ], [ 18.238780116136063, 45.976331180250114 ], [ 18.238780116136063, 45.976112751008664 ], [ 18.238670901515338, 45.976112751008664 ], [ 18.238670901515338, 45.975894321767214 ], [ 18.238561686894613, 45.975894321767214 ], [ 18.238561686894613, 45.975239034042872 ], [ 18.238889330756788, 45.975239034042872 ], [ 18.238889330756788, 45.975129819422143 ], [ 18.239107759998234, 45.975129819422143 ], [ 18.239107759998234, 45.974802175559972 ], [ 18.238998545377513, 45.974802175559972 ], [ 18.238998545377513, 45.974692960939244 ], [ 18.238889330756788, 45.974692960939244 ], [ 18.238889330756788, 45.974583746318523 ], [ 18.238670901515338, 45.974583746318523 ], [ 18.238670901515338, 45.974474531697801 ], [ 18.238343257653167, 45.974474531697801 ], [ 18.238343257653167, 45.974365317077073 ], [ 18.238124828411717, 45.974365317077073 ], [ 18.238124828411717, 45.974256102456351 ], [ 18.238015613790992, 45.974256102456351 ], [ 18.238015613790992, 45.974146887835623 ], [ 18.237906399170267, 45.974146887835623 ], [ 18.237906399170267, 45.974037673214902 ], [ 18.237797184549546, 45.974037673214902 ], [ 18.237797184549546, 45.973819243973452 ], [ 18.237687969928821, 45.973819243973452 ], [ 18.237687969928821, 45.973710029352731 ], [ 18.237797184549546, 45.973710029352731 ], [ 18.237797184549546, 45.973600814732002 ], [ 18.238124828411717, 45.973600814732002 ], [ 18.238124828411717, 45.973710029352731 ], [ 18.240090691584754, 45.973710029352731 ], [ 18.240090691584754, 45.973819243973452 ], [ 18.241182837791996, 45.973819243973452 ], [ 18.241182837791996, 45.97392845859418 ], [ 18.242711842482137, 45.97392845859418 ], [ 18.242711842482137, 45.974037673214902 ], [ 18.242602627861412, 45.974037673214902 ], [ 18.242602627861412, 45.974146887835623 ], [ 18.242384198619963, 45.974146887835623 ], [ 18.242384198619963, 45.974256102456351 ], [ 18.241947340137067, 45.974256102456351 ], [ 18.241947340137067, 45.974365317077073 ], [ 18.241619696274892, 45.974365317077073 ], [ 18.241619696274892, 45.974583746318523 ], [ 18.241838125516342, 45.974583746318523 ], [ 18.241838125516342, 45.974692960939244 ], [ 18.242056554757792, 45.974692960939244 ], [ 18.242056554757792, 45.974802175559972 ], [ 18.242274983999238, 45.974802175559972 ], [ 18.242274983999238, 45.974911390180694 ], [ 18.242384198619963, 45.974911390180694 ], [ 18.242384198619963, 45.975020604801422 ], [ 18.242493413240688, 45.975020604801422 ], [ 18.242493413240688, 45.975675892525764 ], [ 18.242384198619963, 45.975675892525764 ], [ 18.242384198619963, 45.975785107146493 ], [ 18.242274983999238, 45.975785107146493 ], [ 18.242274983999238, 45.976003536387935 ], [ 18.242165769378516, 45.976003536387935 ], [ 18.242165769378516, 45.976221965629385 ], [ 18.242711842482137, 45.976221965629385 ], [ 18.242711842482137, 45.976331180250114 ], [ 18.243039486344308, 45.976331180250114 ], [ 18.243039486344308, 45.976440394870835 ], [ 18.243367130206483, 45.976440394870835 ], [ 18.243367130206483, 45.976549609491556 ], [ 18.243913203310104, 45.976549609491556 ], [ 18.243913203310104, 45.976658824112285 ], [ 18.244459276413725, 45.976658824112285 ], [ 18.244459276413725, 45.976768038733006 ], [ 18.244677705655175, 45.976768038733006 ], [ 18.244677705655175, 45.976877253353734 ], [ 18.244240847172275, 45.976877253353734 ], [ 18.244240847172275, 45.976768038733006 ], [ 18.243585559447929, 45.976768038733006 ], [ 18.243585559447929, 45.976658824112285 ], [ 18.243039486344308, 45.976658824112285 ], [ 18.243039486344308, 45.976549609491556 ], [ 18.242602627861412, 45.976549609491556 ], [ 18.242602627861412, 45.976440394870835 ], [ 18.241947340137067, 45.976440394870835 ], [ 18.241947340137067, 45.976877253353734 ], [ 18.241838125516342, 45.976877253353734 ], [ 18.241838125516342, 45.977423326457355 ], [ 18.241728910895617, 45.977423326457355 ], [ 18.241728910895617, 45.977532541078077 ], [ 18.241619696274892, 45.977532541078077 ], [ 18.241619696274892, 45.977969399560976 ], [ 18.241510481654171, 45.977969399560976 ], [ 18.241510481654171, 45.978187828802426 ], [ 18.241401267033446, 45.978187828802426 ], [ 18.241401267033446, 45.978624687285318 ], [ 18.241292052412721, 45.978624687285318 ], [ 18.241292052412721, 45.978843116526768 ], [ 18.241182837791996, 45.978843116526768 ], [ 18.241182837791996, 45.978952331147497 ], [ 18.241073623171271, 45.978952331147497 ], [ 18.241073623171271, 45.979061545768218 ], [ 18.24096440855055, 45.979061545768218 ], [ 18.24096440855055, 45.979170760388939 ], [ 18.23976304772258, 45.979170760388939 ] ] ] } },
{ "type": "Feature", "properties": { "parcel_id": 17, "area_ha": 10.58, "pixels": 1058 }, "geometry": { "type": "Polygon", "coordinates": [ [ [ 18.25232272910587, 45.979170760388939 ], [ 18.25232272910587, 45.979061545768218 ], [ 18.251995085243699, 45.979061545768218 ], [ 18.251995085243699, 45.978952331147497 ], [ 18.251667441381528, 45.978952331147497 ], [ 18.251667441381528, 45.978843116526768 ], [ 18.251121368277904, 45.978843116526768 ], [ 18.251121368277904, 45.978733901906047 ], [ 18.250684509795008, 45.978733901906047 ], [ 18.250684509795008, 45.978624687285318 ], [ 18.250356865932837, 45.978624687285318 ], [ 18.250356865932837, 45.978515472664597 ], [ 18.250029222070662, 45.978515472664597 ], [ 18.250029222070662, 45.978406258043869 ], [ 18.249920007449937, 45.978406258043869 ], [ 18.249920007449937, 45.978078614181698 ], [ 18.250029222070662, 45.978078614181698 ], [ 18.250029222070662, 45.977750970319526 ], [ 18.250138436691387, 45.977750970319526 ], [ 18.250138436691387, 45.977423326457355 ], [ 18.250247651312112, 45.977423326457355 ], [ 18.250247651312112, 45.977204897215906 ], [ 18.250356865932837, 45.977204897215906 ], [ 18.250356865932837, 45.976986467974456 ], [ 18.250466080553558, 45.976986467974456 ], [ 18.250466080553558, 45.976658824112285 ], [ 18.250575295174283, 45.976658824112285 ], [ 18.250575295174283, 45.976440394870835 ], [ 18.250684509795008, 45.976440394870835 ], [ 18.250684509795008, 45.976112751008664 ], [ 18.250793724415733, 45.976112751008664 ], [ 18.250793724415733, 45.975894321767214 ], [ 18.250902939036457, 45.975894321767214 ], [ 18.250902939036457, 45.975675892525764 ], [ 18.251012153657182, 45.975675892525764 ], [ 18.251012153657182, 45.975566677905043 ], [ 18.251121368277904, 45.975566677905043 ], [ 18.251121368277904, 45.975457463284314 ], [ 18.251230582898629, 45.975457463284314 ], [ 18.251230582898629, 45.975239034042872 ], [ 18.252104299864424, 45.975239034042872 ], [ 18.252104299864424, 45.975348248663593 ], [ 18.252431943726595, 45.975348248663593 ], [ 18.252431943726595, 45.975457463284314 ], [ 18.252868802209495, 45.975457463284314 ], [ 18.252868802209495, 45.975566677905043 ], [ 18.253305660692391, 45.975566677905043 ], [ 18.253305660692391, 45.975675892525764 ], [ 18.253742519175287, 45.975675892525764 ], [ 18.253742519175287, 45.975785107146493 ], [ 18.254070163037461, 45.975785107146493 ], [ 18.254070163037461, 45.976003536387935 ], [ 18.254397806899632, 45.976003536387935 ], [ 18.254397806899632, 45.976112751008664 ], [ 18.254725450761807, 45.976112751008664 ], [ 18.254725450761807, 45.976221965629385 ], [ 18.254943880003253, 45.976221965629385 ], [ 18.254943880003253, 45.976549609491556 ], [ 18.254834665382528, 45.976549609491556 ], [ 18.254834665382528, 45.976768038733006 ], [ 18.254725450761807, 45.976768038733006 ], [ 18.254725450761807, 45.976877253353734 ], [ 18.254616236141082, 45.976877253353734 ], [ 18.254616236141082, 45.977095682595184 ], [ 18.254507021520357, 45.977095682595184 ], [ 18.254507021520357, 45.977204897215906 ], [ 18.254397806899632, 45.977204897215906 ], [ 18.254397806899632, 45.977314111836627 ], [ 18.254288592278908, 45.977314111836627 ], [ 18.254288592278908, 45.977423326457355 ], [ 18.254179377658186, 45.977423326457355 ], [ 18.254179377658186, 45.977532541078077 ], [ 18.254070163037461, 45.977532541078077 ], [ 18.254070163037461, 45.977641755698805 ], [ 18.253960948416736, 45.977641755698805 ], [ 18.253960948416736, 45.977750970319526 ], [ 18.253851733796012, 45.977750970319526 ], [ 18.253851733796012, 45.977860184940248 ], [ 18.253742519175287, 45.977860184940248 ], [ 18.253742519175287, 45.977969399560976 ], [ 18.253633304554562, 45.977969399560976 ], [ 18.253633304554562, 45.978078614181698 ], [ 18.25352408993384, 45.978078614181698 ], [ 18.25352408993384, 45.978187828802426 ], [ 18.253414875313116, 45.978187828802426 ], [ 18.253414875313116, 45.978406258043869 ], [ 18.253305660692391, 45.978406258043869 ], [ 18.253305660692391, 45.978515472664597 ], [ 18.253196446071666, 45.978515472664597 ], [ 18.253196446071666, 45.978624687285318 ], [ 18.253087231450941, 45.978624687285318 ], [ 18.253087231450941, 45.978733901906047 ], [ 18.252978016830216, 45.978733901906047 ], [ 18.252978016830216, 45.978843116526768 ], [ 18.252868802209495, 45.978843116526768 ], [ 18.252868802209495, 45.978952331147497 ], [ 18.252650372968045, 45.978952331147497 ], [ 18.252650372968045, 45.979061545768218 ], [ 18.25254115834732, 45.979061545768218 ], [ 18.25254115834732, 45.979170760388939 ], [ 18.25232272910587, 45.979170760388939 ] ] ] } },
{ "type": "Feature", "properties": { "parcel_id": 18, "area_ha": 8.05, "pixels": 805 }, "geometry": { "type": "Polygon", "coordinates": [ [ [ 18.273401150905656, 45.978624687285318 ], [ 18.273401150905656, 45.978406258043869 ], [ 18.273510365526381, 45.978406258043869 ], [ 18.273510365526381, 45.978187828802426 ], [ 18.273619580147106, 45.978187828802426 ], [ 18.273619580147106, 45.977860184940248 ], [ 18.27274586318131, 45.977860184940248 ], [ 18.27274586318131, 45.977750970319526 ], [ 18.27252743393986, 45.977750970319526 ], [ 18.27252743393986, 45.977641755698805 ], [ 18.272418219319139, 45.977641755698805 ], [ 18.272418219319139, 45.977532541078077 ], [ 18.272090575456964, 45.977532541078077 ], [ 18.272090575456964, 45.977423326457355 ], [ 18.271762931594793, 45.977423326457355 ], [ 18.271762931594793, 45.977314111836627 ], [ 18.272199790077689, 45.977314111836627 ], [ 18.272199790077689, 45.977423326457355 ], [ 18.273073507043481, 45.977423326457355 ], [ 18.273073507043481, 45.977314111836627 ], [ 18.273182721664206, 45.977314111836627 ], [ 18.273182721664206, 45.977204897215906 ], [ 18.273401150905656, 45.977204897215906 ], [ 18.273401150905656, 45.977095682595184 ], [ 18.273510365526381, 45.977095682595184 ], [ 18.273510365526381, 45.976877253353734 ], [ 18.273619580147106, 45.976877253353734 ], [ 18.273619580147106, 45.976768038733006 ], [ 18.273728794767827, 45.976768038733006 ], [ 18.273728794767827, 45.976658824112285 ], [ 18.273838009388552, 45.976658824112285 ], [ 18.273838009388552, 45.976549609491556 ], [ 18.273947224009277, 45.976549609491556 ], [ 18.273947224009277, 45.976440394870835 ], [ 18.274384082492173, 45.976440394870835 ], [ 18.274384082492173, 45.976331180250114 ], [ 18.274602511733622, 45.976331180250114 ], [ 18.274602511733622, 45.976221965629385 ], [ 18.274820940975072, 45.976221965629385 ], [ 18.274820940975072, 45.976112751008664 ], [ 18.274930155595797, 45.976112751008664 ], [ 18.274930155595797, 45.976221965629385 ], [ 18.275148584837243, 45.976221965629385 ], [ 18.275148584837243, 45.976112751008664 ], [ 18.275367014078693, 45.976112751008664 ], [ 18.275367014078693, 45.975675892525764 ], [ 18.275476228699418, 45.975675892525764 ], [ 18.275476228699418, 45.975457463284314 ], [ 18.275803872561589, 45.975457463284314 ], [ 18.275803872561589, 45.975348248663593 ], [ 18.276022301803039, 45.975348248663593 ], [ 18.276022301803039, 45.975239034042872 ], [ 18.276131516423764, 45.975239034042872 ], [ 18.276131516423764, 45.975129819422143 ], [ 18.276240731044485, 45.975129819422143 ], [ 18.276240731044485, 45.975020604801422 ], [ 18.27634994566521, 45.975020604801422 ], [ 18.27634994566521, 45.974911390180694 ], [ 18.27656837490666, 45.974911390180694 ], [ 18.27656837490666, 45.974802175559972 ], [ 18.276677589527385, 45.974802175559972 ], [ 18.276677589527385, 45.974692960939244 ], [ 18.276786804148109, 45.974692960939244 ], [ 18.276786804148109, 45.974583746318523 ], [ 18.276896018768831, 45.974583746318523 ], [ 18.276896018768831, 45.974474531697801 ], [ 18.277005233389556, 45.974474531697801 ], [ 18.277005233389556, 45.974365317077073 ], [ 18.277114448010281, 45.974365317077073 ], [ 18.277114448010281, 45.974256102456351 ], [ 18.27733287725173, 45.974256102456351 ], [ 18.27733287725173, 45.974146887835623 ], [ 18.277442091872455, 45.974146887835623 ], [ 18.277442091872455, 45.974037673214902 ], [ 18.277551306493176, 45.974037673214902 ], [ 18.277551306493176, 45.97392845859418 ], [ 18.277769735734626, 45.97392845859418 ], [ 18.277769735734626, 45.973819243973452 ], [ 18.277878950355351, 45.973819243973452 ], [ 18.277878950355351, 45.973710029352731 ], [ 18.278097379596797, 45.973710029352731 ], [ 18.278097379596797, 45.973600814732002 ], [ 18.278206594217522, 45.973600814732002 ], [ 18.278206594217522, 45.973491600111281 ], [ 18.278425023458972, 45.973491600111281 ], [ 18.278425023458972, 45.973382385490552 ], [ 18.278861881941868, 45.973382385490552 ], [ 18.278861881941868, 45.973273170869831 ], [ 18.279189525804043, 45.973273170869831 ], [ 18.279189525804043, 45.97316395624911 ], [ 18.279298740424768, 45.97316395624911 ], [ 18.279298740424768, 45.973054741628381 ], [ 18.279407955045489, 45.973054741628381 ], [ 18.279407955045489, 45.97294552700766 ], [ 18.279517169666214, 45.97294552700766 ], [ 18.279517169666214, 45.972836312386931 ], [ 18.279626384286939, 45.972836312386931 ], [ 18.279626384286939, 45.97272709776621 ], [ 18.279735598907664, 45.97272709776621 ], [ 18.279735598907664, 45.972617883145489 ], [ 18.279844813528388, 45.972617883145489 ], [ 18.279844813528388, 45.97250866852476 ], [ 18.279954028149113, 45.97250866852476 ], [ 18.279954028149113, 45.972399453904039 ], [ 18.280281672011284, 45.972399453904039 ], [ 18.280281672011284, 45.97250866852476 ], [ 18.280500101252734, 45.97250866852476 ], [ 18.280500101252734, 45.972399453904039 ], [ 18.280609315873459, 45.972399453904039 ], [ 18.280609315873459, 45.972290239283311 ], [ 18.28071853049418, 45.972290239283311 ], [ 18.28071853049418, 45.972181024662589 ], [ 18.28093695973563, 45.972181024662589 ], [ 18.28093695973563, 45.972071810041868 ], [ 18.28115538897708, 45.972071810041868 ], [ 18.28115538897708, 45.972181024662589 ], [ 18.281046174356355, 45.972181024662589 ], [ 18.281046174356355, 45.972290239283311 ], [ 18.28093695973563, 45.972290239283311 ], [ 18.28093695973563, 45.972399453904039 ], [ 18.280827745114905, 45.972399453904039 ], [ 18.280827745114905, 45.97272709776621 ], [ 18.28071853049418, 45.97272709776621 ], [ 18.28071853049418, 45.972836312386931 ], [ 18.280609315873459, 45.972836312386931 ], [ 18.280609315873459, 45.97294552700766 ], [ 18.280500101252734, 45.97294552700766 ], [ 18.280500101252734, 45.973054741628381 ], [ 18.280390886632009, 45.973054741628381 ], [ 18.280390886632009, 45.97316395624911 ], [ 18.280281672011284, 45.97316395624911 ], [ 18.280281672011284, 45.973273170869831 ], [ 18.279954028149113, 45.973273170869831 ], [ 18.279954028149113, 45.973382385490552 ], [ 18.279844813528388, 45.973382385490552 ], [ 18.279844813528388, 45.973491600111281 ], [ 18.279735598907664, 45.973491600111281 ], [ 18.279735598907664, 45.973600814732002 ], [ 18.279626384286939, 45.973600814732002 ], [ 18.279626384286939, 45.973710029352731 ], [ 18.279517169666214, 45.973710029352731 ], [ 18.279517169666214, 45.973819243973452 ], [ 18.279407955045489, 45.973819243973452 ], [ 18.279407955045489, 45.97392845859418 ], [ 18.279298740424768, 45.97392845859418 ], [ 18.279298740424768, 45.974037673214902 ], [ 18.279080311183318, 45.974037673214902 ], [ 18.279080311183318, 45.974146887835623 ], [ 18.278971096562593, 45.974146887835623 ], [ 18.278971096562593, 45.974256102456351 ], [ 18.278752667321143, 45.974256102456351 ], [ 18.278752667321143, 45.974365317077073 ], [ 18.278643452700422, 45.974365317077073 ], [ 18.278643452700422, 45.974474531697801 ], [ 18.278534238079697, 45.974474531697801 ], [ 18.278534238079697, 45.974583746318523 ], [ 18.278425023458972, 45.974583746318523 ], [ 18.278425023458972, 45.974692960939244 ], [ 18.278315808838247, 45.974692960939244 ], [ 18.278315808838247, 45.974802175559972 ], [ 18.278097379596797, 45.974802175559972 ], [ 18.278097379596797, 45.974911390180694 ], [ 18.277988164976076, 45.974911390180694 ], [ 18.277988164976076, 45.975020604801422 ], [ 18.277878950355351, 45.975020604801422 ], [ 18.277878950355351, 45.975129819422143 ], [ 18.277769735734626, 45.975129819422143 ], [ 18.277769735734626, 45.975239034042872 ], [ 18.277660521113901, 45.975239034042872 ], [ 18.277660521113901, 45.975348248663593 ], [ 18.277551306493176, 45.975348248663593 ], [ 18.277551306493176, 45.975457463284314 ], [ 18.277442091872455, 45.975457463284314 ], [ 18.277442091872455, 45.975566677905043 ], [ 18.27733287725173, 45.975566677905043 ], [ 18.27733287725173, 45.975675892525764 ], [ 18.277223662631005, 45.975675892525764 ], [ 18.277223662631005, 45.975785107146493 ], [ 18.276896018768831, 45.975785107146493 ], [ 18.276896018768831, 45.975894321767214 ], [ 18.276786804148109, 45.975894321767214 ], [ 18.276786804148109, 45.976003536387935 ], [ 18.276677589527385, 45.976003536387935 ], [ 18.276677589527385, 45.976112751008664 ], [ 18.27656837490666, 45.976112751008664 ], [ 18.27656837490666, 45.976221965629385 ], [ 18.276459160285935, 45.976221965629385 ], [ 18.276459160285935, 45.976331180250114 ], [ 18.27634994566521, 45.976331180250114 ], [ 18.27634994566521, 45.976440394870835 ], [ 18.276240731044485, 45.976440394870835 ], [ 18.276240731044485, 45.976549609491556 ], [ 18.276131516423764, 45.976549609491556 ], [ 18.276131516423764, 45.976658824112285 ], [ 18.276022301803039, 45.976658824112285 ], [ 18.276022301803039, 45.976768038733006 ], [ 18.275913087182314, 45.976768038733006 ], [ 18.275913087182314, 45.976877253353734 ], [ 18.275803872561589, 45.976877253353734 ], [ 18.275803872561589, 45.976986467974456 ], [ 18.275585443320139, 45.976986467974456 ], [ 18.275585443320139, 45.977095682595184 ], [ 18.275476228699418, 45.977095682595184 ], [ 18.275476228699418, 45.977204897215906 ], [ 18.275257799457968, 45.977204897215906 ], [ 18.275257799457968, 45.977314111836627 ], [ 18.275148584837243, 45.977314111836627 ], [ 18.275148584837243, 45.977423326457355 ], [ 18.274930155595797, 45.977423326457355 ], [ 18.274930155595797, 45.977532541078077 ], [ 18.274820940975072, 45.977532541078077 ], [ 18.274820940975072, 45.977641755698805 ], [ 18.274602511733622, 45.977641755698805 ], [ 18.274602511733622, 45.977750970319526 ], [ 18.274384082492173, 45.977750970319526 ], [ 18.274384082492173, 45.977860184940248 ], [ 18.274165653250726, 45.977860184940248 ], [ 18.274165653250726, 45.977969399560976 ], [ 18.274056438630002, 45.977969399560976 ], [ 18.274056438630002, 45.978078614181698 ], [ 18.273947224009277, 45.978078614181698 ], [ 18.273947224009277, 45.978187828802426 ], [ 18.273838009388552, 45.978187828802426 ], [ 18.273838009388552, 45.978515472664597 ], [ 18.273510365526381, 45.978515472664597 ], [ 18.273510365526381, 45.978624687285318 ], [ 18.273401150905656, 45.978624687285318 ] ] ] } },
{ "type": "Feature", "properties": { "parcel_id": 19, "area_ha": 5.2, "pixels": 520 }, "geometry": { "type": "Polygon", "coordinates": [ [ [ 18.238998545377513, 45.977423326457355 ], [ 18.238998545377513, 45.976986467974456 ], [ 18.238780116136063, 45.976986467974456 ], [ 18.238780116136063, 45.977095682595184 ], [ 18.238670901515338, 45.977095682595184 ], [ 18.238670901515338, 45.977204897215906 ], [ 18.238343257653167, 45.977204897215906 ], [ 18.238343257653167, 45.977095682595184 ], [ 18.238452472273892, 45.977095682595184 ], [ 18.238452472273892, 45.976986467974456 ], [ 18.238670901515338, 45.976986467974456 ], [ 18.238670901515338, 45.976877253353734 ], [ 18.238780116136063, 45.976877253353734 ], [ 18.238780116136063, 45.976440394870835 ], [ 18.238670901515338, 45.976440394870835 ], [ 18.238670901515338, 45.976221965629385 ], [ 18.238561686894613, 45.976221965629385 ], [ 18.238561686894613, 45.976003536387935 ], [ 18.238452472273892, 45.976003536387935 ], [ 18.238452472273892, 45.975675892525764 ], [ 18.238343257653167, 45.975675892525764 ], [ 18.238343257653167, 45.975348248663593 ], [ 18.238234043032442, 45.975348248663593 ], [ 18.238234043032442, 45.975020604801422 ], [ 18.238124828411717, 45.975020604801422 ], [ 18.238124828411717, 45.974802175559972 ], [ 18.238015613790992, 45.974802175559972 ], [ 18.238015613790992, 45.974583746318523 ], [ 18.237906399170267, 45.974583746318523 ], [ 18.237906399170267, 45.974474531697801 ], [ 18.237797184549546, 45.974474531697801 ], [ 18.237797184549546, 45.974256102456351 ], [ 18.237687969928821, 45.974256102456351 ], [ 18.237687969928821, 45.974146887835623 ], [ 18.237578755308096, 45.974146887835623 ], [ 18.237578755308096, 45.974037673214902 ], [ 18.237469540687371, 45.974037673214902 ], [ 18.237469540687371, 45.97392845859418 ], [ 18.237360326066646, 45.97392845859418 ], [ 18.237360326066646, 45.973600814732002 ], [ 18.237469540687371, 45.973600814732002 ], [ 18.237469540687371, 45.973273170869831 ], [ 18.238015613790992, 45.973273170869831 ], [ 18.238015613790992, 45.973382385490552 ], [ 18.238998545377513, 45.973382385490552 ], [ 18.238998545377513, 45.973491600111281 ], [ 18.240199906205479, 45.973491600111281 ], [ 18.240199906205479, 45.973600814732002 ], [ 18.241182837791996, 45.973600814732002 ], [ 18.241182837791996, 45.973710029352731 ], [ 18.242711842482137, 45.973710029352731 ], [ 18.242711842482137, 45.973273170869831 ], [ 18.242493413240688, 45.973273170869831 ], [ 18.242493413240688, 45.97316395624911 ], [ 18.242274983999238, 45.97316395624911 ], [ 18.242274983999238, 45.973054741628381 ], [ 18.241947340137067, 45.973054741628381 ], [ 18.241947340137067, 45.97294552700766 ], [ 18.241619696274892, 45.97294552700766 ], [ 18.241619696274892, 45.972836312386931 ], [ 18.241073623171271, 45.972836312386931 ], [ 18.241073623171271, 45.97272709776621 ], [ 18.240418335446925, 45.97272709776621 ], [ 18.240418335446925, 45.972617883145489 ], [ 18.239872262343304, 45.972617883145489 ], [ 18.239872262343304, 45.97250866852476 ], [ 18.239107759998234, 45.97250866852476 ], [ 18.239107759998234, 45.972399453904039 ], [ 18.238561686894613, 45.972399453904039 ], [ 18.238561686894613, 45.972290239283311 ], [ 18.237906399170267, 45.972290239283311 ], [ 18.237906399170267, 45.972181024662589 ], [ 18.237578755308096, 45.972181024662589 ], [ 18.237578755308096, 45.972071810041868 ], [ 18.237360326066646, 45.972071810041868 ], [ 18.237360326066646, 45.97174416617969 ], [ 18.237251111445921, 45.97174416617969 ], [ 18.237251111445921, 45.970979663834619 ], [ 18.2371418968252, 45.970979663834619 ], [ 18.2371418968252, 45.970324376110277 ], [ 18.237251111445921, 45.970324376110277 ], [ 18.237251111445921, 45.969232229903035 ], [ 18.237360326066646, 45.969232229903035 ], [ 18.237360326066646, 45.968904586040864 ], [ 18.237469540687371, 45.968904586040864 ], [ 18.237469540687371, 45.968358512937236 ], [ 18.237578755308096, 45.968358512937236 ], [ 18.237578755308096, 45.967921654454344 ], [ 18.237687969928821, 45.967921654454344 ], [ 18.237687969928821, 45.968686156799414 ], [ 18.237797184549546, 45.968686156799414 ], [ 18.237797184549546, 45.968904586040864 ], [ 18.237687969928821, 45.968904586040864 ], [ 18.237687969928821, 45.969013800661585 ], [ 18.237578755308096, 45.969013800661585 ], [ 18.237578755308096, 45.969450659144485 ], [ 18.237687969928821, 45.969450659144485 ], [ 18.237687969928821, 45.969559873765206 ], [ 18.237906399170267, 45.969559873765206 ], [ 18.237906399170267, 45.969669088385928 ], [ 18.238015613790992, 45.969669088385928 ], [ 18.238015613790992, 45.969778303006656 ], [ 18.238124828411717, 45.969778303006656 ], [ 18.238124828411717, 45.969887517627377 ], [ 18.238234043032442, 45.969887517627377 ], [ 18.238234043032442, 45.970215161489556 ], [ 18.238124828411717, 45.970215161489556 ], [ 18.238124828411717, 45.970324376110277 ], [ 18.237797184549546, 45.970324376110277 ], [ 18.237797184549546, 45.970433590730998 ], [ 18.237469540687371, 45.970433590730998 ], [ 18.237469540687371, 45.970542805351727 ], [ 18.237360326066646, 45.970542805351727 ], [ 18.237360326066646, 45.970870449213898 ], [ 18.237578755308096, 45.970870449213898 ], [ 18.237578755308096, 45.971198093076069 ], [ 18.237687969928821, 45.971198093076069 ], [ 18.237687969928821, 45.97174416617969 ], [ 18.237797184549546, 45.97174416617969 ], [ 18.237797184549546, 45.971853380800418 ], [ 18.238015613790992, 45.971853380800418 ], [ 18.238015613790992, 45.971962595421139 ], [ 18.238234043032442, 45.971962595421139 ], [ 18.238234043032442, 45.972071810041868 ], [ 18.238561686894613, 45.972071810041868 ], [ 18.238561686894613, 45.972181024662589 ], [ 18.238889330756788, 45.972181024662589 ], [ 18.238889330756788, 45.972290239283311 ], [ 18.239981476964029, 45.972290239283311 ], [ 18.239981476964029, 45.972181024662589 ], [ 18.240309120826204, 45.972181024662589 ], [ 18.240309120826204, 45.972290239283311 ], [ 18.24052755006765, 45.972290239283311 ], [ 18.24052755006765, 45.972399453904039 ], [ 18.2407459793091, 45.972399453904039 ], [ 18.2407459793091, 45.97250866852476 ], [ 18.241728910895617, 45.97250866852476 ], [ 18.241728910895617, 45.972617883145489 ], [ 18.242056554757792, 45.972617883145489 ], [ 18.242056554757792, 45.97272709776621 ], [ 18.242384198619963, 45.97272709776621 ], [ 18.242384198619963, 45.972836312386931 ], [ 18.242602627861412, 45.972836312386931 ], [ 18.242602627861412, 45.97294552700766 ], [ 18.242711842482137, 45.97294552700766 ], [ 18.242711842482137, 45.973054741628381 ], [ 18.242821057102862, 45.973054741628381 ], [ 18.242821057102862, 45.973273170869831 ], [ 18.242930271723584, 45.973273170869831 ], [ 18.242930271723584, 45.97392845859418 ], [ 18.241182837791996, 45.97392845859418 ], [ 18.241182837791996, 45.973819243973452 ], [ 18.240090691584754, 45.973819243973452 ], [ 18.240090691584754, 45.973710029352731 ], [ 18.238124828411717, 45.973710029352731 ], [ 18.238124828411717, 45.973600814732002 ], [ 18.237797184549546, 45.973600814732002 ], [ 18.237797184549546, 45.973710029352731 ], [ 18.237687969928821, 45.973710029352731 ], [ 18.237687969928821, 45.973819243973452 ], [ 18.237797184549546, 45.973819243973452 ], [ 18.237797184549546, 45.974037673214902 ], [ 18.237906399170267, 45.974037673214902 ], [ 18.237906399170267, 45.974146887835623 ], [ 18.238015613790992, 45.974146887835623 ], [ 18.238015613790992, 45.974256102456351 ], [ 18.238124828411717, 45.974256102456351 ], [ 18.238124828411717, 45.974365317077073 ], [ 18.238343257653167, 45.974365317077073 ], [ 18.238343257653167, 45.974474531697801 ], [ 18.238670901515338, 45.974474531697801 ], [ 18.238670901515338, 45.974583746318523 ], [ 18.238889330756788, 45.974583746318523 ], [ 18.238889330756788, 45.974692960939244 ], [ 18.238998545377513, 45.974692960939244 ], [ 18.238998545377513, 45.974802175559972 ], [ 18.239107759998234, 45.974802175559972 ], [ 18.239107759998234, 45.975129819422143 ], [ 18.238889330756788, 45.975129819422143 ], [ 18.238889330756788, 45.975239034042872 ], [ 18.238561686894613, 45.975239034042872 ], [ 18.238561686894613, 45.975894321767214 ], [ 18.238670901515338, 45.975894321767214 ], [ 18.238670901515338, 45.976112751008664 ], [ 18.238780116136063, 45.976112751008664 ], [ 18.238780116136063, 45.976331180250114 ], [ 18.238889330756788, 45.976331180250114 ], [ 18.238889330756788, 45.976768038733006 ], [ 18.239107759998234, 45.976768038733006 ], [ 18.239107759998234, 45.976986467974456 ], [ 18.239216974618959, 45.976986467974456 ], [ 18.239216974618959, 45.977095682595184 ], [ 18.239107759998234, 45.977095682595184 ], [ 18.239107759998234, 45.977423326457355 ], [ 18.238998545377513, 45.977423326457355 ] ] ] } },
{ "type": "Feature", "properties": { "parcel_id": 20, "area_ha": 10.34, "pixels": 1034 }, "geometry": { "type": "Polygon", "coordinates": [ [ [ 18.279954028149113, 45.977423326457355 ], [ 18.279954028149113, 45.977314111836627 ], [ 18.279407955045489, 45.977314111836627 ], [ 18.279407955045489, 45.977204897215906 ], [ 18.278861881941868, 45.977204897215906 ], [ 18.278861881941868, 45.977095682595184 ], [ 18.277988164976076, 45.977095682595184 ], [ 18.277988164976076, 45.977204897215906 ], [ 18.277005233389556, 45.977204897215906 ], [ 18.277005233389556, 45.977095682595184 ], [ 18.276786804148109, 45.977095682595184 ], [ 18.276786804148109, 45.976986467974456 ], [ 18.27656837490666, 45.976986467974456 ], [ 18.27656837490666, 45.976768038733006 ], [ 18.276677589527385, 45.976768038733006 ], [ 18.276677589527385, 45.976658824112285 ], [ 18.276786804148109, 45.976658824112285 ], [ 18.276786804148109, 45.976549609491556 ], [ 18.276896018768831, 45.976549609491556 ], [ 18.276896018768831, 45.976440394870835 ], [ 18.277005233389556, 45.976440394870835 ], [ 18.277005233389556, 45.976331180250114 ], [ 18.277114448010281, 45.976331180250114 ], [ 18.277114448010281, 45.976221965629385 ], [ 18.277223662631005, 45.976221965629385 ], [ 18.277223662631005, 45.976112751008664 ], [ 18.27733287725173, 45.976112751008664 ], [ 18.27733287725173, 45.976003536387935 ], [ 18.277442091872455, 45.976003536387935 ], [ 18.277442091872455, 45.975894321767214 ], [ 18.277551306493176, 45.975894321767214 ], [ 18.277551306493176, 45.975785107146493 ], [ 18.277660521113901, 45.975785107146493 ], [ 18.277660521113901, 45.975675892525764 ], [ 18.277988164976076, 45.975675892525764 ], [ 18.277988164976076, 45.975566677905043 ], [ 18.278315808838247, 45.975566677905043 ], [ 18.278315808838247, 45.975457463284314 ], [ 18.278425023458972, 45.975457463284314 ], [ 18.278425023458972, 45.975239034042872 ], [ 18.278534238079697, 45.975239034042872 ], [ 18.278534238079697, 45.975129819422143 ], [ 18.278752667321143, 45.975129819422143 ], [ 18.278752667321143, 45.975020604801422 ], [ 18.278861881941868, 45.975020604801422 ], [ 18.278861881941868, 45.974911390180694 ], [ 18.279298740424768, 45.974911390180694 ], [ 18.279298740424768, 45.975020604801422 ], [ 18.279517169666214, 45.975020604801422 ], [ 18.279517169666214, 45.975129819422143 ], [ 18.279735598907664, 45.975129819422143 ], [ 18.279735598907664, 45.975239034042872 ], [ 18.28093695973563, 45.975239034042872 ], [ 18.28093695973563, 45.975348248663593 ], [ 18.282356749805047, 45.975348248663593 ], [ 18.282356749805047, 45.975457463284314 ], [ 18.282684393667218, 45.975457463284314 ], [ 18.282684393667218, 45.975566677905043 ], [ 18.282793608287943, 45.975566677905043 ], [ 18.282793608287943, 45.975785107146493 ], [ 18.283230466770839, 45.975785107146493 ], [ 18.283230466770839, 45.975894321767214 ], [ 18.283448896012288, 45.975894321767214 ], [ 18.283448896012288, 45.976112751008664 ], [ 18.283558110633013, 45.976112751008664 ], [ 18.283558110633013, 45.976440394870835 ], [ 18.283448896012288, 45.976440394870835 ], [ 18.283448896012288, 45.976877253353734 ], [ 18.283339681391563, 45.976877253353734 ], [ 18.283339681391563, 45.977204897215906 ], [ 18.283230466770839, 45.977204897215906 ], [ 18.283230466770839, 45.977314111836627 ], [ 18.283121252150117, 45.977314111836627 ], [ 18.283121252150117, 45.977423326457355 ], [ 18.279954028149113, 45.977423326457355 ] ] ] } },
{ "type": "Feature", "properties": { "parcel_id": 21, "area_ha": 17.24, "pixels": 1724 }, "geometry": { "type": "Polygon", "coordinates": [ [ [ 18.237469540687371, 45.976986467974456 ], [ 18.237469540687371, 45.976877253353734 ], [ 18.237360326066646, 45.976877253353734 ], [ 18.237360326066646, 45.976768038733006 ], [ 18.237251111445921, 45.976768038733006 ], [ 18.237251111445921, 45.976658824112285 ], [ 18.2371418968252, 45.976658824112285 ], [ 18.2371418968252, 45.976440394870835 ], [ 18.237032682204475, 45.976440394870835 ], [ 18.237032682204475, 45.976112751008664 ], [ 18.23692346758375, 45.976112751008664 ], [ 18.23692346758375, 45.975894321767214 ], [ 18.236814252963025, 45.975894321767214 ], [ 18.236814252963025, 45.975785107146493 ], [ 18.236705038342301, 45.975785107146493 ], [ 18.236705038342301, 45.975675892525764 ], [ 18.236595823721576, 45.975675892525764 ], [ 18.236595823721576, 45.975566677905043 ], [ 18.23637739448013, 45.975566677905043 ], [ 18.23637739448013, 45.975457463284314 ], [ 18.23615896523868, 45.975457463284314 ], [ 18.23615896523868, 45.975566677905043 ], [ 18.236049750617955, 45.975566677905043 ], [ 18.236049750617955, 45.975785107146493 ], [ 18.235940535997234, 45.975785107146493 ], [ 18.235940535997234, 45.975457463284314 ], [ 18.236049750617955, 45.975457463284314 ], [ 18.236049750617955, 45.975129819422143 ], [ 18.23615896523868, 45.975129819422143 ], [ 18.23615896523868, 45.974911390180694 ], [ 18.236049750617955, 45.974911390180694 ], [ 18.236049750617955, 45.97316395624911 ], [ 18.23615896523868, 45.97316395624911 ], [ 18.23615896523868, 45.97174416617969 ], [ 18.236049750617955, 45.97174416617969 ], [ 18.236049750617955, 45.970652019972448 ], [ 18.23615896523868, 45.970652019972448 ], [ 18.23615896523868, 45.969559873765206 ], [ 18.236268179859405, 45.969559873765206 ], [ 18.236268179859405, 45.969450659144485 ], [ 18.23637739448013, 45.969450659144485 ], [ 18.23637739448013, 45.969341444523756 ], [ 18.236595823721576, 45.969341444523756 ], [ 18.236595823721576, 45.969232229903035 ], [ 18.236705038342301, 45.969232229903035 ], [ 18.236705038342301, 45.969013800661585 ], [ 18.236814252963025, 45.969013800661585 ], [ 18.236814252963025, 45.968904586040864 ], [ 18.23692346758375, 45.968904586040864 ], [ 18.23692346758375, 45.968686156799414 ], [ 18.237032682204475, 45.968686156799414 ], [ 18.237032682204475, 45.968249298316515 ], [ 18.2371418968252, 45.968249298316515 ], [ 18.2371418968252, 45.967921654454344 ], [ 18.237251111445921, 45.967921654454344 ], [ 18.237251111445921, 45.967594010592173 ], [ 18.237360326066646, 45.967594010592173 ], [ 18.237360326066646, 45.967266366729994 ], [ 18.237469540687371, 45.967266366729994 ], [ 18.237469540687371, 45.967047937488552 ], [ 18.237578755308096, 45.967047937488552 ], [ 18.237578755308096, 45.966829508247102 ], [ 18.237687969928821, 45.966829508247102 ], [ 18.237687969928821, 45.966611079005652 ], [ 18.237797184549546, 45.966611079005652 ], [ 18.237797184549546, 45.966283435143481 ], [ 18.237906399170267, 45.966283435143481 ], [ 18.237906399170267, 45.966174220522753 ], [ 18.238015613790992, 45.966174220522753 ], [ 18.238015613790992, 45.965846576660581 ], [ 18.238124828411717, 45.965846576660581 ], [ 18.238124828411717, 45.96573736203986 ], [ 18.238234043032442, 45.96573736203986 ], [ 18.238234043032442, 45.96551893279841 ], [ 18.238343257653167, 45.96551893279841 ], [ 18.238343257653167, 45.965191288936239 ], [ 18.238452472273892, 45.965191288936239 ], [ 18.238452472273892, 45.964863645074061 ], [ 18.238561686894613, 45.964863645074061 ], [ 18.238561686894613, 45.962679352659578 ], [ 18.238670901515338, 45.962679352659578 ], [ 18.238670901515338, 45.962788567280299 ], [ 18.238780116136063, 45.962788567280299 ], [ 18.238780116136063, 45.962351708797407 ], [ 18.238889330756788, 45.962351708797407 ], [ 18.238889330756788, 45.961914850314507 ], [ 18.238998545377513, 45.961914850314507 ], [ 18.238998545377513, 45.961587206452336 ], [ 18.239107759998234, 45.961587206452336 ], [ 18.239107759998234, 45.961041133348715 ], [ 18.239216974618959, 45.961041133348715 ], [ 18.239216974618959, 45.960822704107265 ], [ 18.239326189239684, 45.960822704107265 ], [ 18.239326189239684, 45.960495060245094 ], [ 18.239435403860409, 45.960495060245094 ], [ 18.239435403860409, 45.960276631003644 ], [ 18.239544618481133, 45.960276631003644 ], [ 18.239544618481133, 45.960167416382916 ], [ 18.239653833101858, 45.960167416382916 ], [ 18.239653833101858, 45.959948987141473 ], [ 18.23976304772258, 45.959948987141473 ], [ 18.23976304772258, 45.959621343279295 ], [ 18.239872262343304, 45.959621343279295 ], [ 18.239872262343304, 45.959512128658574 ], [ 18.239981476964029, 45.959512128658574 ], [ 18.239981476964029, 45.959402914037852 ], [ 18.240090691584754, 45.959402914037852 ], [ 18.240090691584754, 45.959293699417124 ], [ 18.240199906205479, 45.959293699417124 ], [ 18.240199906205479, 45.959184484796403 ], [ 18.24052755006765, 45.959184484796403 ], [ 18.24052755006765, 45.959293699417124 ], [ 18.2407459793091, 45.959293699417124 ], [ 18.2407459793091, 45.959184484796403 ], [ 18.241510481654171, 45.959184484796403 ], [ 18.241510481654171, 45.959293699417124 ], [ 18.242384198619963, 45.959293699417124 ], [ 18.242384198619963, 45.959402914037852 ], [ 18.242602627861412, 45.959402914037852 ], [ 18.242602627861412, 45.959512128658574 ], [ 18.242711842482137, 45.959512128658574 ], [ 18.242711842482137, 45.959402914037852 ], [ 18.242821057102862, 45.959402914037852 ], [ 18.242821057102862, 45.959512128658574 ], [ 18.242930271723584, 45.959512128658574 ], [ 18.242930271723584, 45.959621343279295 ], [ 18.243039486344308, 45.959621343279295 ], [ 18.243039486344308, 45.959730557900023 ], [ 18.243148700965033, 45.959730557900023 ], [ 18.243148700965033, 45.960167416382916 ], [ 18.243257915585758, 45.960167416382916 ], [ 18.243257915585758, 45.960276631003644 ], [ 18.243367130206483, 45.960276631003644 ], [ 18.243367130206483, 45.960495060245094 ], [ 18.243694774068654, 45.960495060245094 ], [ 18.243694774068654, 45.960385845624366 ], [ 18.243913203310104, 45.960385845624366 ], [ 18.243913203310104, 45.960276631003644 ], [ 18.244022417930829, 45.960276631003644 ], [ 18.244022417930829, 45.959730557900023 ], [ 18.244131632551554, 45.959730557900023 ], [ 18.244131632551554, 45.959512128658574 ], [ 18.244240847172275, 45.959512128658574 ], [ 18.244240847172275, 45.959402914037852 ], [ 18.245114564138071, 45.959402914037852 ], [ 18.245114564138071, 45.959512128658574 ], [ 18.245551422620967, 45.959512128658574 ], [ 18.245551422620967, 45.959402914037852 ], [ 18.245769851862416, 45.959402914037852 ], [ 18.245769851862416, 45.959293699417124 ], [ 18.245879066483141, 45.959293699417124 ], [ 18.245879066483141, 45.958747626313503 ], [ 18.245988281103866, 45.958747626313503 ], [ 18.245988281103866, 45.958529197072053 ], [ 18.248827861242695, 45.958529197072053 ], [ 18.248827861242695, 45.958638411692782 ], [ 18.246315924966037, 45.958638411692782 ], [ 18.246315924966037, 45.958747626313503 ], [ 18.246206710345312, 45.958747626313503 ], [ 18.246206710345312, 45.959402914037852 ], [ 18.246534354207487, 45.959402914037852 ], [ 18.246534354207487, 45.959293699417124 ], [ 18.247080427311108, 45.959293699417124 ], [ 18.247080427311108, 45.959730557900023 ], [ 18.246971212690383, 45.959730557900023 ], [ 18.246971212690383, 45.959948987141473 ], [ 18.246861998069658, 45.959948987141473 ], [ 18.246861998069658, 45.960167416382916 ], [ 18.246752783448933, 45.960167416382916 ], [ 18.246752783448933, 45.960276631003644 ], [ 18.246643568828212, 45.960276631003644 ], [ 18.246643568828212, 45.960385845624366 ], [ 18.246534354207487, 45.960385845624366 ], [ 18.246534354207487, 45.960495060245094 ], [ 18.246097495724587, 45.960495060245094 ], [ 18.246097495724587, 45.960385845624366 ], [ 18.245988281103866, 45.960385845624366 ], [ 18.245988281103866, 45.959948987141473 ], [ 18.245879066483141, 45.959948987141473 ], [ 18.245879066483141, 45.959730557900023 ], [ 18.244786920275896, 45.959730557900023 ], [ 18.244786920275896, 45.959839772520745 ], [ 18.244459276413725, 45.959839772520745 ], [ 18.244459276413725, 45.960276631003644 ], [ 18.244350061793, 45.960276631003644 ], [ 18.244350061793, 45.960495060245094 ], [ 18.244131632551554, 45.960495060245094 ], [ 18.244131632551554, 45.960604274865815 ], [ 18.244022417930829, 45.960604274865815 ], [ 18.244022417930829, 45.960713489486544 ], [ 18.243913203310104, 45.960713489486544 ], [ 18.243913203310104, 45.960822704107265 ], [ 18.243803988689379, 45.960822704107265 ], [ 18.243803988689379, 45.960931918727987 ], [ 18.243367130206483, 45.960931918727987 ], [ 18.243367130206483, 45.960822704107265 ], [ 18.243148700965033, 45.960822704107265 ], [ 18.243148700965033, 45.960604274865815 ], [ 18.243039486344308, 45.960604274865815 ], [ 18.243039486344308, 45.960495060245094 ], [ 18.242930271723584, 45.960495060245094 ], [ 18.242930271723584, 45.960276631003644 ], [ 18.242821057102862, 45.960276631003644 ], [ 18.242821057102862, 45.960058201762195 ], [ 18.242711842482137, 45.960058201762195 ], [ 18.242711842482137, 45.959948987141473 ], [ 18.242602627861412, 45.959948987141473 ], [ 18.242602627861412, 45.959839772520745 ], [ 18.242493413240688, 45.959839772520745 ], [ 18.242493413240688, 45.959730557900023 ], [ 18.240636764688375, 45.959730557900023 ], [ 18.240636764688375, 45.959839772520745 ], [ 18.240309120826204, 45.959839772520745 ], [ 18.240309120826204, 45.959948987141473 ], [ 18.240199906205479, 45.959948987141473 ], [ 18.240199906205479, 45.960058201762195 ], [ 18.240090691584754, 45.960058201762195 ], [ 18.240090691584754, 45.960276631003644 ], [ 18.239981476964029, 45.960276631003644 ], [ 18.239981476964029, 45.960495060245094 ], [ 18.239872262343304, 45.960495060245094 ], [ 18.239872262343304, 45.960604274865815 ], [ 18.23976304772258, 45.960604274865815 ], [ 18.23976304772258, 45.960822704107265 ], [ 18.239653833101858, 45.960822704107265 ], [ 18.239653833101858, 45.961041133348715 ], [ 18.239544618481133, 45.961041133348715 ], [ 18.239544618481133, 45.961150347969436 ], [ 18.239435403860409, 45.961150347969436 ], [ 18.239435403860409, 45.961368777210886 ], [ 18.239326189239684, 45.961368777210886 ], [ 18.239326189239684, 45.961696421073057 ], [ 18.239216974618959, 45.961696421073057 ], [ 18.239216974618959, 45.962024064935235 ], [ 18.239107759998234, 45.962024064935235 ], [ 18.239107759998234, 45.962570138038856 ], [ 18.238998545377513, 45.962570138038856 ], [ 18.238998545377513, 45.964426786591169 ], [ 18.238889330756788, 45.964426786591169 ], [ 18.238889330756788, 45.965082074315511 ], [ 18.238780116136063, 45.965082074315511 ], [ 18.238780116136063, 45.965409718177682 ], [ 18.238670901515338, 45.965409718177682 ], [ 18.238670901515338, 45.965846576660581 ], [ 18.238561686894613, 45.965846576660581 ], [ 18.238561686894613, 45.966174220522753 ], [ 18.238452472273892, 45.966174220522753 ], [ 18.238452472273892, 45.966392649764202 ], [ 18.238343257653167, 45.966392649764202 ], [ 18.238343257653167, 45.966611079005652 ], [ 18.238234043032442, 45.966611079005652 ], [ 18.238234043032442, 45.966720293626373 ], [ 18.238124828411717, 45.966720293626373 ], [ 18.238124828411717, 45.966938722867823 ], [ 18.238015613790992, 45.966938722867823 ], [ 18.238015613790992, 45.967266366729994 ], [ 18.237906399170267, 45.967266366729994 ], [ 18.237906399170267, 45.967484795971444 ], [ 18.237797184549546, 45.967484795971444 ], [ 18.237797184549546, 45.967812439833615 ], [ 18.237687969928821, 45.967812439833615 ], [ 18.237687969928821, 45.967921654454344 ], [ 18.237578755308096, 45.967921654454344 ], [ 18.237578755308096, 45.968358512937236 ], [ 18.237469540687371, 45.968358512937236 ], [ 18.237469540687371, 45.968904586040864 ], [ 18.237360326066646, 45.968904586040864 ], [ 18.237360326066646, 45.969232229903035 ], [ 18.237251111445921, 45.969232229903035 ], [ 18.237251111445921, 45.970324376110277 ], [ 18.2371418968252, 45.970324376110277 ], [ 18.2371418968252, 45.971853380800418 ], [ 18.237251111445921, 45.971853380800418 ], [ 18.237251111445921, 45.972181024662589 ], [ 18.237360326066646, 45.972181024662589 ], [ 18.237360326066646, 45.972290239283311 ], [ 18.237687969928821, 45.972290239283311 ], [ 18.237687969928821, 45.972399453904039 ], [ 18.238452472273892, 45.972399453904039 ], [ 18.238452472273892, 45.97250866852476 ], [ 18.238998545377513, 45.97250866852476 ], [ 18.238998545377513, 45.972617883145489 ], [ 18.239544618481133, 45.972617883145489 ], [ 18.239544618481133, 45.97272709776621 ], [ 18.240090691584754, 45.97272709776621 ], [ 18.240090691584754, 45.972836312386931 ], [ 18.240636764688375, 45.972836312386931 ], [ 18.240636764688375, 45.97294552700766 ], [ 18.241182837791996, 45.97294552700766 ], [ 18.241182837791996, 45.973054741628381 ], [ 18.241619696274892, 45.973054741628381 ], [ 18.241619696274892, 45.97316395624911 ], [ 18.241947340137067, 45.97316395624911 ], [ 18.241947340137067, 45.973273170869831 ], [ 18.242165769378516, 45.973273170869831 ], [ 18.242165769378516, 45.973382385490552 ], [ 18.242274983999238, 45.973382385490552 ], [ 18.242274983999238, 45.973491600111281 ], [ 18.240636764688375, 45.973491600111281 ], [ 18.240636764688375, 45.973382385490552 ], [ 18.239653833101858, 45.973382385490552 ], [ 18.239653833101858, 45.973273170869831 ], [ 18.238452472273892, 45.973273170869831 ], [ 18.238452472273892, 45.97316395624911 ], [ 18.237687969928821, 45.97316395624911 ], [ 18.237687969928821, 45.973054741628381 ], [ 18.237578755308096, 45.973054741628381 ], [ 18.237578755308096, 45.97316395624911 ], [ 18.237251111445921, 45.97316395624911 ], [ 18.237251111445921, 45.974037673214902 ], [ 18.2371418968252, 45.974037673214902 ], [ 18.2371418968252, 45.974256102456351 ], [ 18.237251111445921, 45.974256102456351 ], [ 18.237251111445921, 45.974474531697801 ], [ 18.237360326066646, 45.974474531697801 ], [ 18.237360326066646, 45.974692960939244 ], [ 18.237469540687371, 45.974692960939244 ], [ 18.237469540687371, 45.974911390180694 ], [ 18.237578755308096, 45.974911390180694 ], [ 18.237578755308096, 45.975239034042872 ], [ 18.237687969928821, 45.975239034042872 ], [ 18.237687969928821, 45.975457463284314 ], [ 18.237797184549546, 45.975457463284314 ], [ 18.237797184549546, 45.975675892525764 ], [ 18.237906399170267, 45.975675892525764 ], [ 18.237906399170267, 45.975894321767214 ], [ 18.238015613790992, 45.975894321767214 ], [ 18.238015613790992, 45.976221965629385 ], [ 18.238124828411717, 45.976221965629385 ], [ 18.238124828411717, 45.976658824112285 ], [ 18.237906399170267, 45.976658824112285 ], [ 18.237906399170267, 45.976768038733006 ], [ 18.237797184549546, 45.976768038733006 ], [ 18.237797184549546, 45.976877253353734 ], [ 18.237687969928821, 45.976877253353734 ], [ 18.237687969928821, 45.976986467974456 ], [ 18.237469540687371, 45.976986467974456 ] ] ] } },
{ "type": "Feature", "properties": { "parcel_id": 22, "area_ha": 15.04, "pixels": 1504 }, "geometry": { "type": "Polygon", "coordinates": [ [ [ 18.273182721664206, 45.976986467974456 ], [ 18.273182721664206, 45.976877253353734 ], [ 18.273291936284931, 45.976877253353734 ], [ 18.273291936284931, 45.976658824112285 ], [ 18.273182721664206, 45.976658824112285 ], [ 18.273182721664206, 45.976549609491556 ], [ 18.27296429242276, 45.976549609491556 ], [ 18.27296429242276, 45.976440394870835 ], [ 18.27274586318131, 45.976440394870835 ], [ 18.27274586318131, 45.976331180250114 ], [ 18.273073507043481, 45.976331180250114 ], [ 18.273073507043481, 45.976221965629385 ], [ 18.273182721664206, 45.976221965629385 ], [ 18.273182721664206, 45.976112751008664 ], [ 18.273073507043481, 45.976112751008664 ], [ 18.273073507043481, 45.976003536387935 ], [ 18.27296429242276, 45.976003536387935 ], [ 18.27296429242276, 45.975894321767214 ], [ 18.272855077802035, 45.975894321767214 ], [ 18.272855077802035, 45.975785107146493 ], [ 18.27274586318131, 45.975785107146493 ], [ 18.27274586318131, 45.975675892525764 ], [ 18.272636648560585, 45.975675892525764 ], [ 18.272636648560585, 45.975566677905043 ], [ 18.27252743393986, 45.975566677905043 ], [ 18.27252743393986, 45.975457463284314 ], [ 18.272418219319139, 45.975457463284314 ], [ 18.272418219319139, 45.975348248663593 ], [ 18.272199790077689, 45.975348248663593 ], [ 18.272199790077689, 45.975457463284314 ], [ 18.272309004698414, 45.975457463284314 ], [ 18.272309004698414, 45.975675892525764 ], [ 18.271981360836239, 45.975675892525764 ], [ 18.271981360836239, 45.975566677905043 ], [ 18.271435287732618, 45.975566677905043 ], [ 18.271435287732618, 45.975457463284314 ], [ 18.270561570766823, 45.975457463284314 ], [ 18.270561570766823, 45.975566677905043 ], [ 18.270343141525377, 45.975566677905043 ], [ 18.270343141525377, 45.975675892525764 ], [ 18.270124712283927, 45.975675892525764 ], [ 18.270124712283927, 45.975785107146493 ], [ 18.270015497663202, 45.975785107146493 ], [ 18.270015497663202, 45.975894321767214 ], [ 18.269906283042481, 45.975894321767214 ], [ 18.269906283042481, 45.976003536387935 ], [ 18.269797068421756, 45.976003536387935 ], [ 18.269797068421756, 45.976112751008664 ], [ 18.269687853801031, 45.976112751008664 ], [ 18.269687853801031, 45.976221965629385 ], [ 18.269469424559581, 45.976221965629385 ], [ 18.269469424559581, 45.976331180250114 ], [ 18.26914178069741, 45.976331180250114 ], [ 18.26914178069741, 45.976440394870835 ], [ 18.269032566076685, 45.976440394870835 ], [ 18.269032566076685, 45.976221965629385 ], [ 18.26914178069741, 45.976221965629385 ], [ 18.26914178069741, 45.976112751008664 ], [ 18.269250995318135, 45.976112751008664 ], [ 18.269250995318135, 45.975675892525764 ], [ 18.269360209938856, 45.975675892525764 ], [ 18.269360209938856, 45.975566677905043 ], [ 18.269469424559581, 45.975566677905043 ], [ 18.269469424559581, 45.975457463284314 ], [ 18.269578639180306, 45.975457463284314 ], [ 18.269578639180306, 45.975348248663593 ], [ 18.269687853801031, 45.975348248663593 ], [ 18.269687853801031, 45.975239034042872 ], [ 18.269906283042481, 45.975239034042872 ], [ 18.269906283042481, 45.974692960939244 ], [ 18.270015497663202, 45.974692960939244 ], [ 18.270015497663202, 45.974474531697801 ], [ 18.270124712283927, 45.974474531697801 ], [ 18.270124712283927, 45.974365317077073 ], [ 18.270233926904652, 45.974365317077073 ], [ 18.270233926904652, 45.974256102456351 ], [ 18.270343141525377, 45.974256102456351 ], [ 18.270343141525377, 45.974146887835623 ], [ 18.270452356146102, 45.974146887835623 ], [ 18.270452356146102, 45.974037673214902 ], [ 18.270561570766823, 45.974037673214902 ], [ 18.270561570766823, 45.97392845859418 ], [ 18.270889214628998, 45.97392845859418 ], [ 18.270889214628998, 45.974146887835623 ], [ 18.271107643870447, 45.974146887835623 ], [ 18.271107643870447, 45.974256102456351 ], [ 18.271544502353343, 45.974256102456351 ], [ 18.271544502353343, 45.974146887835623 ], [ 18.271435287732618, 45.974146887835623 ], [ 18.271435287732618, 45.97392845859418 ], [ 18.271216858491169, 45.97392845859418 ], [ 18.271216858491169, 45.97316395624911 ], [ 18.271107643870447, 45.97316395624911 ], [ 18.271107643870447, 45.973054741628381 ], [ 18.270998429249723, 45.973054741628381 ], [ 18.270998429249723, 45.972181024662589 ], [ 18.271107643870447, 45.972181024662589 ], [ 18.271107643870447, 45.972290239283311 ], [ 18.271216858491169, 45.972290239283311 ], [ 18.271216858491169, 45.972399453904039 ], [ 18.271326073111894, 45.972399453904039 ], [ 18.271326073111894, 45.97250866852476 ], [ 18.271981360836239, 45.97250866852476 ], [ 18.271981360836239, 45.972617883145489 ], [ 18.272090575456964, 45.972617883145489 ], [ 18.272090575456964, 45.97250866852476 ], [ 18.272199790077689, 45.97250866852476 ], [ 18.272199790077689, 45.972617883145489 ], [ 18.27274586318131, 45.972617883145489 ], [ 18.27274586318131, 45.97250866852476 ], [ 18.27296429242276, 45.97250866852476 ], [ 18.27296429242276, 45.972617883145489 ], [ 18.273510365526381, 45.972617883145489 ], [ 18.273510365526381, 45.97272709776621 ], [ 18.274056438630002, 45.97272709776621 ], [ 18.274056438630002, 45.972836312386931 ], [ 18.274384082492173, 45.972836312386931 ], [ 18.274384082492173, 45.97294552700766 ], [ 18.274602511733622, 45.97294552700766 ], [ 18.274602511733622, 45.97316395624911 ], [ 18.274711726354347, 45.97316395624911 ], [ 18.274711726354347, 45.973273170869831 ], [ 18.274820940975072, 45.973273170869831 ], [ 18.274820940975072, 45.973382385490552 ], [ 18.274930155595797, 45.973382385490552 ], [ 18.274930155595797, 45.973491600111281 ], [ 18.275039370216518, 45.973491600111281 ], [ 18.275039370216518, 45.973710029352731 ], [ 18.275476228699418, 45.973710029352731 ], [ 18.275476228699418, 45.973819243973452 ], [ 18.275803872561589, 45.973819243973452 ], [ 18.275803872561589, 45.97392845859418 ], [ 18.275913087182314, 45.97392845859418 ], [ 18.275913087182314, 45.974037673214902 ], [ 18.276022301803039, 45.974037673214902 ], [ 18.276022301803039, 45.97392845859418 ], [ 18.276240731044485, 45.97392845859418 ], [ 18.276240731044485, 45.973819243973452 ], [ 18.27634994566521, 45.973819243973452 ], [ 18.27634994566521, 45.973710029352731 ], [ 18.276459160285935, 45.973710029352731 ], [ 18.276459160285935, 45.973600814732002 ], [ 18.277114448010281, 45.973600814732002 ], [ 18.277114448010281, 45.97392845859418 ], [ 18.277005233389556, 45.97392845859418 ], [ 18.277005233389556, 45.974037673214902 ], [ 18.276896018768831, 45.974037673214902 ], [ 18.276896018768831, 45.974146887835623 ], [ 18.276786804148109, 45.974146887835623 ], [ 18.276786804148109, 45.974256102456351 ], [ 18.276677589527385, 45.974256102456351 ], [ 18.276677589527385, 45.974365317077073 ], [ 18.27656837490666, 45.974365317077073 ], [ 18.27656837490666, 45.974583746318523 ], [ 18.27634994566521, 45.974583746318523 ], [ 18.27634994566521, 45.974692960939244 ], [ 18.276240731044485, 45.974692960939244 ], [ 18.276240731044485, 45.974802175559972 ], [ 18.276131516423764, 45.974802175559972 ], [ 18.276131516423764, 45.975020604801422 ], [ 18.276022301803039, 45.975020604801422 ], [ 18.276022301803039, 45.975129819422143 ], [ 18.275803872561589, 45.975129819422143 ], [ 18.275803872561589, 45.975239034042872 ], [ 18.275694657940864, 45.975239034042872 ], [ 18.275694657940864, 45.975348248663593 ], [ 18.275585443320139, 45.975348248663593 ], [ 18.275585443320139, 45.975457463284314 ], [ 18.275476228699418, 45.975457463284314 ], [ 18.275476228699418, 45.975675892525764 ], [ 18.275367014078693, 45.975675892525764 ], [ 18.275367014078693, 45.976112751008664 ], [ 18.275148584837243, 45.976112751008664 ], [ 18.275148584837243, 45.976221965629385 ], [ 18.274930155595797, 45.976221965629385 ], [ 18.274930155595797, 45.976112751008664 ], [ 18.274820940975072, 45.976112751008664 ], [ 18.274820940975072, 45.976221965629385 ], [ 18.274602511733622, 45.976221965629385 ], [ 18.274602511733622, 45.976331180250114 ], [ 18.274384082492173, 45.976331180250114 ], [ 18.274384082492173, 45.976440394870835 ], [ 18.273947224009277, 45.976440394870835 ], [ 18.273947224009277, 45.976549609491556 ], [ 18.273838009388552, 45.976549609491556 ], [ 18.273838009388552, 45.976658824112285 ], [ 18.273728794767827, 45.976658824112285 ], [ 18.273728794767827, 45.976768038733006 ], [ 18.273619580147106, 45.976768038733006 ], [ 18.273619580147106, 45.976877253353734 ], [ 18.273510365526381, 45.976877253353734 ], [ 18.273510365526381, 45.976986467974456 ], [ 18.273182721664206, 45.976986467974456 ] ] ] } },
{ "type": "Feature", "properties": { "parcel_id": 23, "area_ha": 18.05, "pixels": 1805 }, "geometry": { "type": "Polygon", "coordinates": [ [ [ 18.266739059041477, 45.976768038733006 ], [ 18.266739059041477, 45.976658824112285 ], [ 18.266411415179302, 45.976658824112285 ], [ 18.266411415179302, 45.976549609491556 ], [ 18.266192985937852, 45.976549609491556 ], [ 18.266192985937852, 45.976440394870835 ], [ 18.265537698213507, 45.976440394870835 ], [ 18.265537698213507, 45.976331180250114 ], [ 18.264882410489164, 45.976331180250114 ], [ 18.264882410489164, 45.976003536387935 ], [ 18.264991625109886, 45.976003536387935 ], [ 18.264991625109886, 45.975566677905043 ], [ 18.26531926897206, 45.975566677905043 ], [ 18.26531926897206, 45.975129819422143 ], [ 18.265646912834232, 45.975129819422143 ], [ 18.265646912834232, 45.974692960939244 ], [ 18.265756127454956, 45.974692960939244 ], [ 18.265756127454956, 45.974583746318523 ], [ 18.265974556696406, 45.974583746318523 ], [ 18.265974556696406, 45.974474531697801 ], [ 18.266083771317131, 45.974474531697801 ], [ 18.266083771317131, 45.974365317077073 ], [ 18.266192985937852, 45.974365317077073 ], [ 18.266192985937852, 45.974256102456351 ], [ 18.266302200558577, 45.974256102456351 ], [ 18.266302200558577, 45.974037673214902 ], [ 18.266411415179302, 45.974037673214902 ], [ 18.266411415179302, 45.97392845859418 ], [ 18.266520629800027, 45.97392845859418 ], [ 18.266520629800027, 45.973382385490552 ], [ 18.266411415179302, 45.973382385490552 ], [ 18.266411415179302, 45.973273170869831 ], [ 18.266192985937852, 45.973273170869831 ], [ 18.266192985937852, 45.97316395624911 ], [ 18.265756127454956, 45.97316395624911 ], [ 18.265756127454956, 45.973273170869831 ], [ 18.265537698213507, 45.973273170869831 ], [ 18.265537698213507, 45.973382385490552 ], [ 18.265428483592785, 45.973382385490552 ], [ 18.265428483592785, 45.973491600111281 ], [ 18.26531926897206, 45.973491600111281 ], [ 18.26531926897206, 45.973819243973452 ], [ 18.265210054351336, 45.973819243973452 ], [ 18.265210054351336, 45.97392845859418 ], [ 18.264991625109886, 45.97392845859418 ], [ 18.264991625109886, 45.974037673214902 ], [ 18.264882410489164, 45.974037673214902 ], [ 18.264882410489164, 45.974365317077073 ], [ 18.26477319586844, 45.974365317077073 ], [ 18.26477319586844, 45.974474531697801 ], [ 18.26455476662699, 45.974474531697801 ], [ 18.26455476662699, 45.974802175559972 ], [ 18.264445552006265, 45.974802175559972 ], [ 18.264445552006265, 45.974911390180694 ], [ 18.26433633738554, 45.974911390180694 ], [ 18.26433633738554, 45.975020604801422 ], [ 18.264227122764819, 45.975020604801422 ], [ 18.264227122764819, 45.975129819422143 ], [ 18.264008693523369, 45.975129819422143 ], [ 18.264008693523369, 45.975239034042872 ], [ 18.263899478902644, 45.975239034042872 ], [ 18.263899478902644, 45.975348248663593 ], [ 18.263790264281919, 45.975348248663593 ], [ 18.263790264281919, 45.975457463284314 ], [ 18.263681049661194, 45.975457463284314 ], [ 18.263681049661194, 45.975566677905043 ], [ 18.263571835040473, 45.975566677905043 ], [ 18.263571835040473, 45.975675892525764 ], [ 18.263462620419748, 45.975675892525764 ], [ 18.263462620419748, 45.975894321767214 ], [ 18.263353405799023, 45.975894321767214 ], [ 18.263353405799023, 45.976003536387935 ], [ 18.263244191178298, 45.976003536387935 ], [ 18.263244191178298, 45.976221965629385 ], [ 18.262370474212506, 45.976221965629385 ], [ 18.262370474212506, 45.976112751008664 ], [ 18.262261259591781, 45.976112751008664 ], [ 18.262261259591781, 45.975675892525764 ], [ 18.262152044971057, 45.975675892525764 ], [ 18.262152044971057, 45.975566677905043 ], [ 18.262042830350332, 45.975566677905043 ], [ 18.262042830350332, 45.975457463284314 ], [ 18.261824401108882, 45.975457463284314 ], [ 18.261824401108882, 45.975348248663593 ], [ 18.261496757246711, 45.975348248663593 ], [ 18.261496757246711, 45.975239034042872 ], [ 18.261278328005261, 45.975239034042872 ], [ 18.261278328005261, 45.975129819422143 ], [ 18.261169113384536, 45.975129819422143 ], [ 18.261169113384536, 45.974583746318523 ], [ 18.261278328005261, 45.974583746318523 ], [ 18.261278328005261, 45.974365317077073 ], [ 18.261387542625986, 45.974365317077073 ], [ 18.261387542625986, 45.974256102456351 ], [ 18.261496757246711, 45.974256102456351 ], [ 18.261496757246711, 45.974037673214902 ], [ 18.261605971867436, 45.974037673214902 ], [ 18.261605971867436, 45.97392845859418 ], [ 18.261715186488161, 45.97392845859418 ], [ 18.261715186488161, 45.973819243973452 ], [ 18.261824401108882, 45.973819243973452 ], [ 18.261824401108882, 45.973710029352731 ], [ 18.261933615729607, 45.973710029352731 ], [ 18.261933615729607, 45.973491600111281 ], [ 18.262042830350332, 45.973491600111281 ], [ 18.262042830350332, 45.973273170869831 ], [ 18.262152044971057, 45.973273170869831 ], [ 18.262152044971057, 45.973054741628381 ], [ 18.262261259591781, 45.973054741628381 ], [ 18.262261259591781, 45.97294552700766 ], [ 18.262370474212506, 45.97294552700766 ], [ 18.262370474212506, 45.972836312386931 ], [ 18.262479688833228, 45.972836312386931 ], [ 18.262479688833228, 45.97272709776621 ], [ 18.262588903453953, 45.97272709776621 ], [ 18.262588903453953, 45.972617883145489 ], [ 18.262698118074677, 45.972617883145489 ], [ 18.262698118074677, 45.972399453904039 ], [ 18.262916547316127, 45.972399453904039 ], [ 18.262916547316127, 45.972290239283311 ], [ 18.263025761936849, 45.972290239283311 ], [ 18.263025761936849, 45.972181024662589 ], [ 18.263134976557573, 45.972181024662589 ], [ 18.263134976557573, 45.972071810041868 ], [ 18.263353405799023, 45.972071810041868 ], [ 18.263353405799023, 45.971962595421139 ], [ 18.263462620419748, 45.971962595421139 ], [ 18.263462620419748, 45.972071810041868 ], [ 18.263571835040473, 45.972071810041868 ], [ 18.263571835040473, 45.972181024662589 ], [ 18.263681049661194, 45.972181024662589 ], [ 18.263681049661194, 45.972290239283311 ], [ 18.263899478902644, 45.972290239283311 ], [ 18.263899478902644, 45.972399453904039 ], [ 18.264227122764819, 45.972399453904039 ], [ 18.264227122764819, 45.97250866852476 ], [ 18.264445552006265, 45.97250866852476 ], [ 18.264445552006265, 45.972617883145489 ], [ 18.265210054351336, 45.972617883145489 ], [ 18.265210054351336, 45.97250866852476 ], [ 18.265428483592785, 45.97250866852476 ], [ 18.265428483592785, 45.972399453904039 ], [ 18.265974556696406, 45.972399453904039 ], [ 18.265974556696406, 45.972290239283311 ], [ 18.266192985937852, 45.972290239283311 ], [ 18.266192985937852, 45.972181024662589 ], [ 18.266411415179302, 45.972181024662589 ], [ 18.266411415179302, 45.972071810041868 ], [ 18.266629844420752, 45.972071810041868 ], [ 18.266629844420752, 45.971962595421139 ], [ 18.266957488282923, 45.971962595421139 ], [ 18.266957488282923, 45.971853380800418 ], [ 18.267175917524373, 45.971853380800418 ], [ 18.267175917524373, 45.97174416617969 ], [ 18.267394346765823, 45.97174416617969 ], [ 18.267394346765823, 45.971634951558968 ], [ 18.267721990627994, 45.971634951558968 ], [ 18.267721990627994, 45.97174416617969 ], [ 18.267831205248719, 45.97174416617969 ], [ 18.267831205248719, 45.972071810041868 ], [ 18.267721990627994, 45.972071810041868 ], [ 18.267721990627994, 45.972290239283311 ], [ 18.267612776007269, 45.972290239283311 ], [ 18.267612776007269, 45.972399453904039 ], [ 18.267285132145098, 45.972399453904039 ], [ 18.267285132145098, 45.972290239283311 ], [ 18.266957488282923, 45.972290239283311 ], [ 18.266957488282923, 45.972399453904039 ], [ 18.266848273662198, 45.972399453904039 ], [ 18.266848273662198, 45.97294552700766 ], [ 18.266957488282923, 45.97294552700766 ], [ 18.266957488282923, 45.973054741628381 ], [ 18.266848273662198, 45.973054741628381 ], [ 18.266848273662198, 45.973600814732002 ], [ 18.267066702903648, 45.973600814732002 ], [ 18.267066702903648, 45.973710029352731 ], [ 18.267175917524373, 45.973710029352731 ], [ 18.267175917524373, 45.973819243973452 ], [ 18.267394346765823, 45.973819243973452 ], [ 18.267394346765823, 45.97392845859418 ], [ 18.267612776007269, 45.97392845859418 ], [ 18.267612776007269, 45.974037673214902 ], [ 18.267940419869444, 45.974037673214902 ], [ 18.267940419869444, 45.974146887835623 ], [ 18.268268063731615, 45.974146887835623 ], [ 18.268268063731615, 45.974256102456351 ], [ 18.268704922214511, 45.974256102456351 ], [ 18.268704922214511, 45.974365317077073 ], [ 18.269032566076685, 45.974365317077073 ], [ 18.269032566076685, 45.974474531697801 ], [ 18.269360209938856, 45.974474531697801 ], [ 18.269360209938856, 45.974583746318523 ], [ 18.269469424559581, 45.974583746318523 ], [ 18.269469424559581, 45.974802175559972 ], [ 18.269578639180306, 45.974802175559972 ], [ 18.269578639180306, 45.975020604801422 ], [ 18.269469424559581, 45.975020604801422 ], [ 18.269469424559581, 45.975129819422143 ], [ 18.269360209938856, 45.975129819422143 ], [ 18.269360209938856, 45.975239034042872 ], [ 18.269250995318135, 45.975239034042872 ], [ 18.269250995318135, 45.975348248663593 ], [ 18.26914178069741, 45.975348248663593 ], [ 18.26914178069741, 45.975457463284314 ], [ 18.269032566076685, 45.975457463284314 ], [ 18.269032566076685, 45.975566677905043 ], [ 18.26892335145596, 45.975566677905043 ], [ 18.26892335145596, 45.975675892525764 ], [ 18.268814136835235, 45.975675892525764 ], [ 18.268814136835235, 45.975785107146493 ], [ 18.269250995318135, 45.975785107146493 ], [ 18.269250995318135, 45.975894321767214 ], [ 18.26914178069741, 45.975894321767214 ], [ 18.26914178069741, 45.976003536387935 ], [ 18.268268063731615, 45.976003536387935 ], [ 18.268268063731615, 45.976112751008664 ], [ 18.267940419869444, 45.976112751008664 ], [ 18.267940419869444, 45.976221965629385 ], [ 18.267721990627994, 45.976221965629385 ], [ 18.267721990627994, 45.976331180250114 ], [ 18.267612776007269, 45.976331180250114 ], [ 18.267612776007269, 45.976440394870835 ], [ 18.267503561386544, 45.976440394870835 ], [ 18.267503561386544, 45.976549609491556 ], [ 18.267394346765823, 45.976549609491556 ], [ 18.267394346765823, 45.976658824112285 ], [ 18.267175917524373, 45.976658824112285 ], [ 18.267175917524373, 45.976768038733006 ], [ 18.266739059041477, 45.976768038733006 ] ] ] } },
{ "type": "Feature", "properties": { "parcel_id": 24, "area_ha": 12.5, "pixels": 1250 }, "geometry": { "type": "Polygon", "coordinates": [ [ [ 18.233756243582746, 45.976549609491556 ], [ 18.233756243582746, 45.969013800661585 ], [ 18.235722106755784, 45.969013800661585 ], [ 18.235722106755784, 45.969123015282307 ], [ 18.235831321376509, 45.969123015282307 ], [ 18.235831321376509, 45.970870449213898 ], [ 18.235722106755784, 45.970870449213898 ], [ 18.235722106755784, 45.971634951558968 ], [ 18.235831321376509, 45.971634951558968 ], [ 18.235831321376509, 45.975457463284314 ], [ 18.235722106755784, 45.975457463284314 ], [ 18.235722106755784, 45.975894321767214 ], [ 18.235612892135059, 45.975894321767214 ], [ 18.235612892135059, 45.976003536387935 ], [ 18.235503677514334, 45.976003536387935 ], [ 18.235503677514334, 45.976112751008664 ], [ 18.235285248272888, 45.976112751008664 ], [ 18.235285248272888, 45.976221965629385 ], [ 18.234848389789988, 45.976221965629385 ], [ 18.234848389789988, 45.976331180250114 ], [ 18.234411531307092, 45.976331180250114 ], [ 18.234411531307092, 45.976440394870835 ], [ 18.233974672824196, 45.976440394870835 ], [ 18.233974672824196, 45.976549609491556 ], [ 18.233756243582746, 45.976549609491556 ] ] ] } },
{ "type": "Feature", "properties": { "parcel_id": 25, "area_ha": 27.09, "pixels": 2709 }, "geometry": { "type": "Polygon", "coordinates": [ [ [ 18.262588903453953, 45.976440394870835 ], [ 18.262588903453953, 45.976331180250114 ], [ 18.262042830350332, 45.976331180250114 ], [ 18.262042830350332, 45.975675892525764 ], [ 18.261824401108882, 45.975675892525764 ], [ 18.261824401108882, 45.975566677905043 ], [ 18.261605971867436, 45.975566677905043 ], [ 18.261605971867436, 45.975457463284314 ], [ 18.261278328005261, 45.975457463284314 ], [ 18.261278328005261, 45.975348248663593 ], [ 18.261059898763815, 45.975348248663593 ], [ 18.261059898763815, 45.975239034042872 ], [ 18.260841469522365, 45.975239034042872 ], [ 18.260841469522365, 45.975129819422143 ], [ 18.260623040280915, 45.975129819422143 ], [ 18.260623040280915, 45.975020604801422 ], [ 18.260295396418744, 45.975020604801422 ], [ 18.260295396418744, 45.974911390180694 ], [ 18.259203250211502, 45.974911390180694 ], [ 18.259203250211502, 45.974802175559972 ], [ 18.258984820970053, 45.974802175559972 ], [ 18.258984820970053, 45.974692960939244 ], [ 18.258875606349328, 45.974692960939244 ], [ 18.258875606349328, 45.974474531697801 ], [ 18.258766391728603, 45.974474531697801 ], [ 18.258766391728603, 45.974365317077073 ], [ 18.258547962487157, 45.974365317077073 ], [ 18.258547962487157, 45.974256102456351 ], [ 18.258111104004257, 45.974256102456351 ], [ 18.258111104004257, 45.974146887835623 ], [ 18.257892674762811, 45.974146887835623 ], [ 18.257892674762811, 45.974256102456351 ], [ 18.257565030900636, 45.974256102456351 ], [ 18.257565030900636, 45.974037673214902 ], [ 18.258329533245707, 45.974037673214902 ], [ 18.258329533245707, 45.973710029352731 ], [ 18.258220318624982, 45.973710029352731 ], [ 18.258220318624982, 45.973273170869831 ], [ 18.258329533245707, 45.973273170869831 ], [ 18.258329533245707, 45.973054741628381 ], [ 18.258438747866432, 45.973054741628381 ], [ 18.258438747866432, 45.97294552700766 ], [ 18.258657177107878, 45.97294552700766 ], [ 18.258657177107878, 45.972836312386931 ], [ 18.258766391728603, 45.972836312386931 ], [ 18.258766391728603, 45.97272709776621 ], [ 18.258875606349328, 45.97272709776621 ], [ 18.258875606349328, 45.97250866852476 ], [ 18.258766391728603, 45.97250866852476 ], [ 18.258766391728603, 45.972399453904039 ], [ 18.258657177107878, 45.972399453904039 ], [ 18.258657177107878, 45.972290239283311 ], [ 18.258438747866432, 45.972290239283311 ], [ 18.258438747866432, 45.972181024662589 ], [ 18.258220318624982, 45.972181024662589 ], [ 18.258220318624982, 45.972071810041868 ], [ 18.258111104004257, 45.972071810041868 ], [ 18.258111104004257, 45.97174416617969 ], [ 18.257892674762811, 45.97174416617969 ], [ 18.257892674762811, 45.971634951558968 ], [ 18.257783460142086, 45.971634951558968 ], [ 18.257783460142086, 45.97152573693824 ], [ 18.257565030900636, 45.97152573693824 ], [ 18.257565030900636, 45.971416522317519 ], [ 18.257346601659187, 45.971416522317519 ], [ 18.257346601659187, 45.971307307696797 ], [ 18.25712817241774, 45.971307307696797 ], [ 18.25712817241774, 45.971198093076069 ], [ 18.256909743176291, 45.971198093076069 ], [ 18.256909743176291, 45.971088878455348 ], [ 18.256691313934844, 45.971088878455348 ], [ 18.256691313934844, 45.970979663834619 ], [ 18.256472884693395, 45.970979663834619 ], [ 18.256472884693395, 45.970870449213898 ], [ 18.25636367007267, 45.970870449213898 ], [ 18.25636367007267, 45.970652019972448 ], [ 18.256254455451945, 45.970652019972448 ], [ 18.256254455451945, 45.970542805351727 ], [ 18.25614524083122, 45.970542805351727 ], [ 18.25614524083122, 45.970652019972448 ], [ 18.255926811589774, 45.970652019972448 ], [ 18.255926811589774, 45.970542805351727 ], [ 18.255817596969049, 45.970542805351727 ], [ 18.255817596969049, 45.970433590730998 ], [ 18.255708382348324, 45.970433590730998 ], [ 18.255708382348324, 45.970324376110277 ], [ 18.255599167727599, 45.970324376110277 ], [ 18.255599167727599, 45.970105946868827 ], [ 18.255708382348324, 45.970105946868827 ], [ 18.255708382348324, 45.969996732248106 ], [ 18.255817596969049, 45.969996732248106 ], [ 18.255817596969049, 45.969887517627377 ], [ 18.255926811589774, 45.969887517627377 ], [ 18.255926811589774, 45.969778303006656 ], [ 18.256036026210499, 45.969778303006656 ], [ 18.256036026210499, 45.969559873765206 ], [ 18.25614524083122, 45.969559873765206 ], [ 18.25614524083122, 45.969450659144485 ], [ 18.256254455451945, 45.969450659144485 ], [ 18.256254455451945, 45.969341444523756 ], [ 18.25636367007267, 45.969341444523756 ], [ 18.25636367007267, 45.969232229903035 ], [ 18.256909743176291, 45.969232229903035 ], [ 18.256909743176291, 45.969123015282307 ], [ 18.257674245521361, 45.969123015282307 ], [ 18.257674245521361, 45.969013800661585 ], [ 18.257783460142086, 45.969013800661585 ], [ 18.257783460142086, 45.968686156799414 ], [ 18.257892674762811, 45.968686156799414 ], [ 18.257892674762811, 45.968358512937236 ], [ 18.258001889383532, 45.968358512937236 ], [ 18.258001889383532, 45.968140083695793 ], [ 18.258111104004257, 45.968140083695793 ], [ 18.258111104004257, 45.968030869075065 ], [ 18.258329533245707, 45.968030869075065 ], [ 18.258329533245707, 45.967921654454344 ], [ 18.258547962487157, 45.967921654454344 ], [ 18.258547962487157, 45.967812439833615 ], [ 18.258766391728603, 45.967812439833615 ], [ 18.258766391728603, 45.967594010592173 ], [ 18.259203250211502, 45.967594010592173 ], [ 18.259203250211502, 45.967484795971444 ], [ 18.259312464832224, 45.967484795971444 ], [ 18.259312464832224, 45.967375581350723 ], [ 18.259421679452949, 45.967375581350723 ], [ 18.259421679452949, 45.967484795971444 ], [ 18.259640108694398, 45.967484795971444 ], [ 18.259640108694398, 45.967375581350723 ], [ 18.259749323315123, 45.967375581350723 ], [ 18.259749323315123, 45.966174220522753 ], [ 18.259858537935845, 45.966174220522753 ], [ 18.259858537935845, 45.965955791281303 ], [ 18.260076967177294, 45.965955791281303 ], [ 18.260076967177294, 45.965846576660581 ], [ 18.262152044971057, 45.965846576660581 ], [ 18.262152044971057, 45.965955791281303 ], [ 18.262588903453953, 45.965955791281303 ], [ 18.262588903453953, 45.966065005902031 ], [ 18.263462620419748, 45.966065005902031 ], [ 18.263462620419748, 45.965955791281303 ], [ 18.263571835040473, 45.965955791281303 ], [ 18.263571835040473, 45.965846576660581 ], [ 18.263681049661194, 45.965846576660581 ], [ 18.263681049661194, 45.96573736203986 ], [ 18.263790264281919, 45.96573736203986 ], [ 18.263790264281919, 45.965628147419132 ], [ 18.263899478902644, 45.965628147419132 ], [ 18.263899478902644, 45.96551893279841 ], [ 18.264008693523369, 45.96551893279841 ], [ 18.264008693523369, 45.965409718177682 ], [ 18.264117908144094, 45.965409718177682 ], [ 18.264117908144094, 45.965300503556961 ], [ 18.264227122764819, 45.965300503556961 ], [ 18.264227122764819, 45.965191288936239 ], [ 18.26433633738554, 45.965191288936239 ], [ 18.26433633738554, 45.965082074315511 ], [ 18.264445552006265, 45.965082074315511 ], [ 18.264445552006265, 45.964863645074061 ], [ 18.26455476662699, 45.964863645074061 ], [ 18.26455476662699, 45.96497285969479 ], [ 18.264663981247715, 45.96497285969479 ], [ 18.264663981247715, 45.964863645074061 ], [ 18.26477319586844, 45.964863645074061 ], [ 18.26477319586844, 45.96453600121189 ], [ 18.264882410489164, 45.96453600121189 ], [ 18.264882410489164, 45.964426786591169 ], [ 18.264991625109886, 45.964426786591169 ], [ 18.264991625109886, 45.96453600121189 ], [ 18.265100839730611, 45.96453600121189 ], [ 18.265100839730611, 45.964426786591169 ], [ 18.265210054351336, 45.964426786591169 ], [ 18.265210054351336, 45.96431757197044 ], [ 18.26531926897206, 45.96431757197044 ], [ 18.26531926897206, 45.964208357349719 ], [ 18.265428483592785, 45.964208357349719 ], [ 18.265428483592785, 45.963989928108269 ], [ 18.265537698213507, 45.963989928108269 ], [ 18.265537698213507, 45.963880713487548 ], [ 18.265646912834232, 45.963880713487548 ], [ 18.265646912834232, 45.963662284246098 ], [ 18.265756127454956, 45.963662284246098 ], [ 18.265756127454956, 45.963880713487548 ], [ 18.265974556696406, 45.963880713487548 ], [ 18.265974556696406, 45.963989928108269 ], [ 18.266192985937852, 45.963989928108269 ], [ 18.266192985937852, 45.96409914272899 ], [ 18.265756127454956, 45.96409914272899 ], [ 18.265756127454956, 45.96431757197044 ], [ 18.265646912834232, 45.96431757197044 ], [ 18.265646912834232, 45.96453600121189 ], [ 18.265537698213507, 45.96453600121189 ], [ 18.265537698213507, 45.964863645074061 ], [ 18.265428483592785, 45.964863645074061 ], [ 18.265428483592785, 45.96497285969479 ], [ 18.26531926897206, 45.96497285969479 ], [ 18.26531926897206, 45.965082074315511 ], [ 18.265210054351336, 45.965082074315511 ], [ 18.265210054351336, 45.965300503556961 ], [ 18.265100839730611, 45.965300503556961 ], [ 18.265100839730611, 45.965409718177682 ], [ 18.264991625109886, 45.965409718177682 ], [ 18.264991625109886, 45.96551893279841 ], [ 18.264882410489164, 45.96551893279841 ], [ 18.264882410489164, 45.965628147419132 ], [ 18.26477319586844, 45.965628147419132 ], [ 18.26477319586844, 45.96573736203986 ], [ 18.264663981247715, 45.96573736203986 ], [ 18.264663981247715, 45.965955791281303 ], [ 18.26455476662699, 45.965955791281303 ], [ 18.26455476662699, 45.966283435143481 ], [ 18.26477319586844, 45.966283435143481 ], [ 18.26477319586844, 45.966392649764202 ], [ 18.265210054351336, 45.966392649764202 ], [ 18.265210054351336, 45.966501864384924 ], [ 18.265646912834232, 45.966501864384924 ], [ 18.265646912834232, 45.966611079005652 ], [ 18.266411415179302, 45.966611079005652 ], [ 18.266411415179302, 45.966720293626373 ], [ 18.266739059041477, 45.966720293626373 ], [ 18.266739059041477, 45.966829508247102 ], [ 18.267175917524373, 45.966829508247102 ], [ 18.267175917524373, 45.966938722867823 ], [ 18.267721990627994, 45.966938722867823 ], [ 18.267721990627994, 45.967047937488552 ], [ 18.26815884911089, 45.967047937488552 ], [ 18.26815884911089, 45.967266366729994 ], [ 18.268595707593789, 45.967266366729994 ], [ 18.268595707593789, 45.967375581350723 ], [ 18.26892335145596, 45.967375581350723 ], [ 18.26892335145596, 45.967484795971444 ], [ 18.26914178069741, 45.967484795971444 ], [ 18.26914178069741, 45.967594010592173 ], [ 18.269250995318135, 45.967594010592173 ], [ 18.269250995318135, 45.967703225212894 ], [ 18.26914178069741, 45.967703225212894 ], [ 18.26914178069741, 45.967812439833615 ], [ 18.269032566076685, 45.967812439833615 ], [ 18.269032566076685, 45.967921654454344 ], [ 18.268814136835235, 45.967921654454344 ], [ 18.268814136835235, 45.968030869075065 ], [ 18.268704922214511, 45.968030869075065 ], [ 18.268704922214511, 45.968140083695793 ], [ 18.268486492973064, 45.968140083695793 ], [ 18.268486492973064, 45.968249298316515 ], [ 18.268268063731615, 45.968249298316515 ], [ 18.268268063731615, 45.968358512937236 ], [ 18.267940419869444, 45.968358512937236 ], [ 18.267940419869444, 45.968467727557965 ], [ 18.267721990627994, 45.968467727557965 ], [ 18.267721990627994, 45.968576942178686 ], [ 18.267394346765823, 45.968576942178686 ], [ 18.267394346765823, 45.968686156799414 ], [ 18.267066702903648, 45.968686156799414 ], [ 18.267066702903648, 45.968795371420136 ], [ 18.266520629800027, 45.968795371420136 ], [ 18.266520629800027, 45.968686156799414 ], [ 18.266302200558577, 45.968686156799414 ], [ 18.266302200558577, 45.968576942178686 ], [ 18.265974556696406, 45.968576942178686 ], [ 18.265974556696406, 45.968467727557965 ], [ 18.265537698213507, 45.968467727557965 ], [ 18.265537698213507, 45.968358512937236 ], [ 18.264991625109886, 45.968358512937236 ], [ 18.264991625109886, 45.968249298316515 ], [ 18.264445552006265, 45.968249298316515 ], [ 18.264445552006265, 45.968140083695793 ], [ 18.264008693523369, 45.968140083695793 ], [ 18.264008693523369, 45.968030869075065 ], [ 18.263244191178298, 45.968030869075065 ], [ 18.263244191178298, 45.968140083695793 ], [ 18.263134976557573, 45.968140083695793 ], [ 18.263134976557573, 45.968249298316515 ], [ 18.263025761936849, 45.968249298316515 ], [ 18.263025761936849, 45.968358512937236 ], [ 18.262916547316127, 45.968358512937236 ], [ 18.262916547316127, 45.968576942178686 ], [ 18.262807332695402, 45.968576942178686 ], [ 18.262807332695402, 45.968686156799414 ], [ 18.262698118074677, 45.968686156799414 ], [ 18.262698118074677, 45.968904586040864 ], [ 18.262588903453953, 45.968904586040864 ], [ 18.262588903453953, 45.969123015282307 ], [ 18.262479688833228, 45.969123015282307 ], [ 18.262479688833228, 45.969887517627377 ], [ 18.262370474212506, 45.969887517627377 ], [ 18.262370474212506, 45.970105946868827 ], [ 18.262152044971057, 45.970105946868827 ], [ 18.262152044971057, 45.970433590730998 ], [ 18.261933615729607, 45.970433590730998 ], [ 18.261933615729607, 45.971088878455348 ], [ 18.261824401108882, 45.971088878455348 ], [ 18.261824401108882, 45.971307307696797 ], [ 18.261715186488161, 45.971307307696797 ], [ 18.261715186488161, 45.97152573693824 ], [ 18.261824401108882, 45.97152573693824 ], [ 18.261824401108882, 45.971416522317519 ], [ 18.261933615729607, 45.971416522317519 ], [ 18.261933615729607, 45.971198093076069 ], [ 18.262042830350332, 45.971198093076069 ], [ 18.262042830350332, 45.970870449213898 ], [ 18.262152044971057, 45.970870449213898 ], [ 18.262152044971057, 45.970761234593176 ], [ 18.262261259591781, 45.970761234593176 ], [ 18.262261259591781, 45.970542805351727 ], [ 18.262370474212506, 45.970542805351727 ], [ 18.262370474212506, 45.970433590730998 ], [ 18.262479688833228, 45.970433590730998 ], [ 18.262479688833228, 45.970324376110277 ], [ 18.262588903453953, 45.970324376110277 ], [ 18.262588903453953, 45.970215161489556 ], [ 18.263025761936849, 45.970215161489556 ], [ 18.263025761936849, 45.970105946868827 ], [ 18.263571835040473, 45.970105946868827 ], [ 18.263571835040473, 45.969996732248106 ], [ 18.263790264281919, 45.969996732248106 ], [ 18.263790264281919, 45.970105946868827 ], [ 18.264008693523369, 45.970105946868827 ], [ 18.264008693523369, 45.970324376110277 ], [ 18.264117908144094, 45.970324376110277 ], [ 18.264117908144094, 45.970433590730998 ], [ 18.26433633738554, 45.970433590730998 ], [ 18.26433633738554, 45.970542805351727 ], [ 18.264445552006265, 45.970542805351727 ], [ 18.264445552006265, 45.970652019972448 ], [ 18.26531926897206, 45.970652019972448 ], [ 18.26531926897206, 45.970761234593176 ], [ 18.265537698213507, 45.970761234593176 ], [ 18.265537698213507, 45.970979663834619 ], [ 18.265756127454956, 45.970979663834619 ], [ 18.265756127454956, 45.971088878455348 ], [ 18.265974556696406, 45.971088878455348 ], [ 18.265974556696406, 45.971198093076069 ], [ 18.266302200558577, 45.971198093076069 ], [ 18.266302200558577, 45.971307307696797 ], [ 18.266411415179302, 45.971307307696797 ], [ 18.266411415179302, 45.971416522317519 ], [ 18.266520629800027, 45.971416522317519 ], [ 18.266520629800027, 45.971634951558968 ], [ 18.267394346765823, 45.971634951558968 ], [ 18.267394346765823, 45.97174416617969 ], [ 18.267175917524373, 45.97174416617969 ], [ 18.267175917524373, 45.971853380800418 ], [ 18.266957488282923, 45.971853380800418 ], [ 18.266957488282923, 45.971962595421139 ], [ 18.266629844420752, 45.971962595421139 ], [ 18.266629844420752, 45.972071810041868 ], [ 18.266411415179302, 45.972071810041868 ], [ 18.266411415179302, 45.972181024662589 ], [ 18.266192985937852, 45.972181024662589 ], [ 18.266192985937852, 45.972290239283311 ], [ 18.265974556696406, 45.972290239283311 ], [ 18.265974556696406, 45.972399453904039 ], [ 18.265428483592785, 45.972399453904039 ], [ 18.265428483592785, 45.97250866852476 ], [ 18.265210054351336, 45.97250866852476 ], [ 18.265210054351336, 45.972617883145489 ], [ 18.264445552006265, 45.972617883145489 ], [ 18.264445552006265, 45.97250866852476 ], [ 18.264227122764819, 45.97250866852476 ], [ 18.264227122764819, 45.972399453904039 ], [ 18.263899478902644, 45.972399453904039 ], [ 18.263899478902644, 45.972290239283311 ], [ 18.263681049661194, 45.972290239283311 ], [ 18.263681049661194, 45.972181024662589 ], [ 18.263571835040473, 45.972181024662589 ], [ 18.263571835040473, 45.972071810041868 ], [ 18.263462620419748, 45.972071810041868 ], [ 18.263462620419748, 45.971962595421139 ], [ 18.263353405799023, 45.971962595421139 ], [ 18.263353405799023, 45.972071810041868 ], [ 18.263134976557573, 45.972071810041868 ], [ 18.263134976557573, 45.972181024662589 ], [ 18.263025761936849, 45.972181024662589 ], [ 18.263025761936849, 45.972290239283311 ], [ 18.262916547316127, 45.972290239283311 ], [ 18.262916547316127, 45.972399453904039 ], [ 18.262698118074677, 45.972399453904039 ], [ 18.262698118074677, 45.972617883145489 ], [ 18.262588903453953, 45.972617883145489 ], [ 18.262588903453953, 45.97272709776621 ], [ 18.262479688833228, 45.97272709776621 ], [ 18.262479688833228, 45.972836312386931 ], [ 18.262370474212506, 45.972836312386931 ], [ 18.262370474212506, 45.97294552700766 ], [ 18.262261259591781, 45.97294552700766 ], [ 18.262261259591781, 45.973054741628381 ], [ 18.262152044971057, 45.973054741628381 ], [ 18.262152044971057, 45.973273170869831 ], [ 18.262042830350332, 45.973273170869831 ], [ 18.262042830350332, 45.973491600111281 ], [ 18.261933615729607, 45.973491600111281 ], [ 18.261933615729607, 45.973710029352731 ], [ 18.261824401108882, 45.973710029352731 ], [ 18.261824401108882, 45.973819243973452 ], [ 18.261715186488161, 45.973819243973452 ], [ 18.261715186488161, 45.97392845859418 ], [ 18.261605971867436, 45.97392845859418 ], [ 18.261605971867436, 45.974037673214902 ], [ 18.261496757246711, 45.974037673214902 ], [ 18.261496757246711, 45.974256102456351 ], [ 18.261387542625986, 45.974256102456351 ], [ 18.261387542625986, 45.974365317077073 ], [ 18.261278328005261, 45.974365317077073 ], [ 18.261278328005261, 45.974583746318523 ], [ 18.261169113384536, 45.974583746318523 ], [ 18.261169113384536, 45.975129819422143 ], [ 18.261278328005261, 45.975129819422143 ], [ 18.261278328005261, 45.975239034042872 ], [ 18.261496757246711, 45.975239034042872 ], [ 18.261496757246711, 45.975348248663593 ], [ 18.261824401108882, 45.975348248663593 ], [ 18.261824401108882, 45.975457463284314 ], [ 18.262042830350332, 45.975457463284314 ], [ 18.262042830350332, 45.975566677905043 ], [ 18.262152044971057, 45.975566677905043 ], [ 18.262152044971057, 45.975675892525764 ], [ 18.262261259591781, 45.975675892525764 ], [ 18.262261259591781, 45.976112751008664 ], [ 18.262370474212506, 45.976112751008664 ], [ 18.262370474212506, 45.976221965629385 ], [ 18.263244191178298, 45.976221965629385 ], [ 18.263244191178298, 45.976003536387935 ], [ 18.263353405799023, 45.976003536387935 ], [ 18.263353405799023, 45.975894321767214 ], [ 18.263462620419748, 45.975894321767214 ], [ 18.263462620419748, 45.975675892525764 ], [ 18.263571835040473, 45.975675892525764 ], [ 18.263571835040473, 45.975566677905043 ], [ 18.263681049661194, 45.975566677905043 ], [ 18.263681049661194, 45.975457463284314 ], [ 18.263790264281919, 45.975457463284314 ], [ 18.263790264281919, 45.975348248663593 ], [ 18.263899478902644, 45.975348248663593 ], [ 18.263899478902644, 45.975239034042872 ], [ 18.264008693523369, 45.975239034042872 ], [ 18.264008693523369, 45.975457463284314 ], [ 18.263899478902644, 45.975457463284314 ], [ 18.263899478902644, 45.975566677905043 ], [ 18.263790264281919, 45.975566677905043 ], [ 18.263790264281919, 45.975675892525764 ], [ 18.263681049661194, 45.975675892525764 ], [ 18.263681049661194, 45.975894321767214 ], [ 18.263571835040473, 45.975894321767214 ], [ 18.263571835040473, 45.976003536387935 ], [ 18.263462620419748, 45.976003536387935 ], [ 18.263462620419748, 45.976221965629385 ], [ 18.263353405799023, 45.976221965629385 ], [ 18.263353405799023, 45.976331180250114 ], [ 18.263134976557573, 45.976331180250114 ], [ 18.263134976557573, 45.976440394870835 ], [ 18.262588903453953, 45.976440394870835 ] ] ] } },
{ "type": "Feature", "properties": { "parcel_id": 26, "area_ha": 14.98, "pixels": 1498 }, "geometry": { "type": "Polygon", "coordinates": [ [ [ 18.283558110633013, 45.976440394870835 ], [ 18.283558110633013, 45.976112751008664 ], [ 18.283448896012288, 45.976112751008664 ], [ 18.283448896012288, 45.975894321767214 ], [ 18.283230466770839, 45.975894321767214 ], [ 18.283230466770839, 45.975785107146493 ], [ 18.282793608287943, 45.975785107146493 ], [ 18.282793608287943, 45.975566677905043 ], [ 18.282684393667218, 45.975566677905043 ], [ 18.282684393667218, 45.975457463284314 ], [ 18.282356749805047, 45.975457463284314 ], [ 18.282356749805047, 45.975348248663593 ], [ 18.28093695973563, 45.975348248663593 ], [ 18.28093695973563, 45.975239034042872 ], [ 18.279735598907664, 45.975239034042872 ], [ 18.279735598907664, 45.975129819422143 ], [ 18.279517169666214, 45.975129819422143 ], [ 18.279517169666214, 45.975020604801422 ], [ 18.279298740424768, 45.975020604801422 ], [ 18.279298740424768, 45.974911390180694 ], [ 18.278861881941868, 45.974911390180694 ], [ 18.278861881941868, 45.975020604801422 ], [ 18.278752667321143, 45.975020604801422 ], [ 18.278752667321143, 45.975129819422143 ], [ 18.278534238079697, 45.975129819422143 ], [ 18.278534238079697, 45.975239034042872 ], [ 18.278425023458972, 45.975239034042872 ], [ 18.278425023458972, 45.975457463284314 ], [ 18.278315808838247, 45.975457463284314 ], [ 18.278315808838247, 45.975566677905043 ], [ 18.277988164976076, 45.975566677905043 ], [ 18.277988164976076, 45.975675892525764 ], [ 18.277442091872455, 45.975675892525764 ], [ 18.277442091872455, 45.975457463284314 ], [ 18.277551306493176, 45.975457463284314 ], [ 18.277551306493176, 45.975348248663593 ], [ 18.277660521113901, 45.975348248663593 ], [ 18.277660521113901, 45.975239034042872 ], [ 18.277769735734626, 45.975239034042872 ], [ 18.277769735734626, 45.975129819422143 ], [ 18.277878950355351, 45.975129819422143 ], [ 18.277878950355351, 45.975020604801422 ], [ 18.277988164976076, 45.975020604801422 ], [ 18.277988164976076, 45.974911390180694 ], [ 18.278097379596797, 45.974911390180694 ], [ 18.278097379596797, 45.974802175559972 ], [ 18.278315808838247, 45.974802175559972 ], [ 18.278315808838247, 45.974692960939244 ], [ 18.278425023458972, 45.974692960939244 ], [ 18.278425023458972, 45.974583746318523 ], [ 18.278534238079697, 45.974583746318523 ], [ 18.278534238079697, 45.974474531697801 ], [ 18.278643452700422, 45.974474531697801 ], [ 18.278643452700422, 45.974365317077073 ], [ 18.278752667321143, 45.974365317077073 ], [ 18.278752667321143, 45.974256102456351 ], [ 18.278971096562593, 45.974256102456351 ], [ 18.278971096562593, 45.974146887835623 ], [ 18.279080311183318, 45.974146887835623 ], [ 18.279080311183318, 45.974037673214902 ], [ 18.279298740424768, 45.974037673214902 ], [ 18.279298740424768, 45.97392845859418 ], [ 18.279407955045489, 45.97392845859418 ], [ 18.279407955045489, 45.973819243973452 ], [ 18.279517169666214, 45.973819243973452 ], [ 18.279517169666214, 45.973710029352731 ], [ 18.279626384286939, 45.973710029352731 ], [ 18.279626384286939, 45.973600814732002 ], [ 18.279735598907664, 45.973600814732002 ], [ 18.279735598907664, 45.973491600111281 ], [ 18.279844813528388, 45.973491600111281 ], [ 18.279844813528388, 45.973382385490552 ], [ 18.279954028149113, 45.973382385490552 ], [ 18.279954028149113, 45.973273170869831 ], [ 18.280281672011284, 45.973273170869831 ], [ 18.280281672011284, 45.97316395624911 ], [ 18.280390886632009, 45.97316395624911 ], [ 18.280390886632009, 45.973054741628381 ], [ 18.280500101252734, 45.973054741628381 ], [ 18.280500101252734, 45.97294552700766 ], [ 18.280609315873459, 45.97294552700766 ], [ 18.280609315873459, 45.972836312386931 ], [ 18.28071853049418, 45.972836312386931 ], [ 18.28071853049418, 45.97272709776621 ], [ 18.280827745114905, 45.97272709776621 ], [ 18.280827745114905, 45.972399453904039 ], [ 18.28093695973563, 45.972399453904039 ], [ 18.28093695973563, 45.972290239283311 ], [ 18.281046174356355, 45.972290239283311 ], [ 18.281046174356355, 45.972181024662589 ], [ 18.28115538897708, 45.972181024662589 ], [ 18.28115538897708, 45.971962595421139 ], [ 18.281264603597801, 45.971962595421139 ], [ 18.281264603597801, 45.971853380800418 ], [ 18.281373818218526, 45.971853380800418 ], [ 18.281373818218526, 45.97174416617969 ], [ 18.281592247459976, 45.97174416617969 ], [ 18.281592247459976, 45.971634951558968 ], [ 18.281701462080701, 45.971634951558968 ], [ 18.281701462080701, 45.971853380800418 ], [ 18.281919891322147, 45.971853380800418 ], [ 18.281919891322147, 45.97174416617969 ], [ 18.282138320563597, 45.97174416617969 ], [ 18.282138320563597, 45.971634951558968 ], [ 18.282247535184322, 45.971634951558968 ], [ 18.282247535184322, 45.97152573693824 ], [ 18.282356749805047, 45.97152573693824 ], [ 18.282356749805047, 45.971416522317519 ], [ 18.282465964425771, 45.971416522317519 ], [ 18.282465964425771, 45.971307307696797 ], [ 18.282575179046493, 45.971307307696797 ], [ 18.282575179046493, 45.971198093076069 ], [ 18.282793608287943, 45.971198093076069 ], [ 18.282793608287943, 45.971088878455348 ], [ 18.283121252150117, 45.971088878455348 ], [ 18.283121252150117, 45.970979663834619 ], [ 18.283994969115909, 45.970979663834619 ], [ 18.283994969115909, 45.971088878455348 ], [ 18.284650256840255, 45.971088878455348 ], [ 18.284650256840255, 45.97152573693824 ], [ 18.28475947146098, 45.97152573693824 ], [ 18.28475947146098, 45.971634951558968 ], [ 18.284650256840255, 45.971634951558968 ], [ 18.284650256840255, 45.972399453904039 ], [ 18.28454104221953, 45.972399453904039 ], [ 18.28454104221953, 45.972836312386931 ], [ 18.284431827598805, 45.972836312386931 ], [ 18.284431827598805, 45.973382385490552 ], [ 18.284322612978084, 45.973382385490552 ], [ 18.284322612978084, 45.973710029352731 ], [ 18.284213398357359, 45.973710029352731 ], [ 18.284213398357359, 45.974037673214902 ], [ 18.284104183736634, 45.974037673214902 ], [ 18.284104183736634, 45.974146887835623 ], [ 18.283885754495184, 45.974146887835623 ], [ 18.283885754495184, 45.974256102456351 ], [ 18.283667325253738, 45.974256102456351 ], [ 18.283667325253738, 45.974146887835623 ], [ 18.282793608287943, 45.974146887835623 ], [ 18.282793608287943, 45.974256102456351 ], [ 18.282575179046493, 45.974256102456351 ], [ 18.282575179046493, 45.974474531697801 ], [ 18.282793608287943, 45.974474531697801 ], [ 18.282793608287943, 45.974583746318523 ], [ 18.283339681391563, 45.974583746318523 ], [ 18.283339681391563, 45.974692960939244 ], [ 18.283776539874459, 45.974692960939244 ], [ 18.283776539874459, 45.975239034042872 ], [ 18.283885754495184, 45.975239034042872 ], [ 18.283885754495184, 45.975785107146493 ], [ 18.283776539874459, 45.975785107146493 ], [ 18.283776539874459, 45.976112751008664 ], [ 18.283667325253738, 45.976112751008664 ], [ 18.283667325253738, 45.976440394870835 ], [ 18.283558110633013, 45.976440394870835 ] ] ] } },
{ "type": "Feature", "properties": { "parcel_id": 27, "area_ha": 8.47, "pixels": 847 }, "geometry": { "type": "Polygon", "coordinates": [ [ [ 18.247408071173279, 45.976112751008664 ], [ 18.247408071173279, 45.976003536387935 ], [ 18.247298856552554, 45.976003536387935 ], [ 18.247298856552554, 45.975894321767214 ], [ 18.247189641931833, 45.975894321767214 ], [ 18.247189641931833, 45.975348248663593 ], [ 18.247080427311108, 45.975348248663593 ], [ 18.247080427311108, 45.975239034042872 ], [ 18.246971212690383, 45.975239034042872 ], [ 18.246971212690383, 45.975129819422143 ], [ 18.246534354207487, 45.975129819422143 ], [ 18.246534354207487, 45.975020604801422 ], [ 18.247080427311108, 45.975020604801422 ], [ 18.247080427311108, 45.975129819422143 ], [ 18.247408071173279, 45.975129819422143 ], [ 18.247408071173279, 45.975239034042872 ], [ 18.248391002759799, 45.975239034042872 ], [ 18.248391002759799, 45.975129819422143 ], [ 18.248609432001246, 45.975129819422143 ], [ 18.248609432001246, 45.975020604801422 ], [ 18.24871864662197, 45.975020604801422 ], [ 18.24871864662197, 45.974911390180694 ], [ 18.248827861242695, 45.974911390180694 ], [ 18.248827861242695, 45.974583746318523 ], [ 18.24871864662197, 45.974583746318523 ], [ 18.24871864662197, 45.974474531697801 ], [ 18.248609432001246, 45.974474531697801 ], [ 18.248609432001246, 45.974365317077073 ], [ 18.248500217380524, 45.974365317077073 ], [ 18.248500217380524, 45.974256102456351 ], [ 18.248391002759799, 45.974256102456351 ], [ 18.248391002759799, 45.974146887835623 ], [ 18.248281788139074, 45.974146887835623 ], [ 18.248281788139074, 45.974037673214902 ], [ 18.24817257351835, 45.974037673214902 ], [ 18.24817257351835, 45.973819243973452 ], [ 18.248063358897625, 45.973819243973452 ], [ 18.248063358897625, 45.973382385490552 ], [ 18.24817257351835, 45.973382385490552 ], [ 18.24817257351835, 45.97294552700766 ], [ 18.248281788139074, 45.97294552700766 ], [ 18.248281788139074, 45.972836312386931 ], [ 18.248500217380524, 45.972836312386931 ], [ 18.248500217380524, 45.97272709776621 ], [ 18.248827861242695, 45.97272709776621 ], [ 18.248827861242695, 45.972836312386931 ], [ 18.24915550510487, 45.972836312386931 ], [ 18.24915550510487, 45.97294552700766 ], [ 18.249483148967041, 45.97294552700766 ], [ 18.249483148967041, 45.973054741628381 ], [ 18.249920007449937, 45.973054741628381 ], [ 18.249920007449937, 45.97316395624911 ], [ 18.250356865932837, 45.97316395624911 ], [ 18.250356865932837, 45.973273170869831 ], [ 18.251121368277904, 45.973273170869831 ], [ 18.251121368277904, 45.97316395624911 ], [ 18.251449012140078, 45.97316395624911 ], [ 18.251449012140078, 45.973382385490552 ], [ 18.251558226760803, 45.973382385490552 ], [ 18.251558226760803, 45.973491600111281 ], [ 18.251995085243699, 45.973491600111281 ], [ 18.251995085243699, 45.973382385490552 ], [ 18.25254115834732, 45.973382385490552 ], [ 18.25254115834732, 45.973491600111281 ], [ 18.25275958758877, 45.973491600111281 ], [ 18.25275958758877, 45.973600814732002 ], [ 18.252978016830216, 45.973600814732002 ], [ 18.252978016830216, 45.973710029352731 ], [ 18.253087231450941, 45.973710029352731 ], [ 18.253087231450941, 45.973819243973452 ], [ 18.253196446071666, 45.973819243973452 ], [ 18.253196446071666, 45.974365317077073 ], [ 18.253087231450941, 45.974365317077073 ], [ 18.253087231450941, 45.974802175559972 ], [ 18.253196446071666, 45.974802175559972 ], [ 18.253196446071666, 45.974911390180694 ], [ 18.253742519175287, 45.974911390180694 ], [ 18.253742519175287, 45.974802175559972 ], [ 18.254070163037461, 45.974802175559972 ], [ 18.254070163037461, 45.974911390180694 ], [ 18.254179377658186, 45.974911390180694 ], [ 18.254179377658186, 45.975020604801422 ], [ 18.254288592278908, 45.975020604801422 ], [ 18.254288592278908, 45.975239034042872 ], [ 18.254397806899632, 45.975239034042872 ], [ 18.254397806899632, 45.975348248663593 ], [ 18.254507021520357, 45.975348248663593 ], [ 18.254507021520357, 45.975457463284314 ], [ 18.254725450761807, 45.975457463284314 ], [ 18.254725450761807, 45.975566677905043 ], [ 18.254397806899632, 45.975566677905043 ], [ 18.254397806899632, 45.975457463284314 ], [ 18.254070163037461, 45.975457463284314 ], [ 18.254070163037461, 45.975348248663593 ], [ 18.253633304554562, 45.975348248663593 ], [ 18.253633304554562, 45.975239034042872 ], [ 18.253196446071666, 45.975239034042872 ], [ 18.253196446071666, 45.975129819422143 ], [ 18.252868802209495, 45.975129819422143 ], [ 18.252868802209495, 45.975020604801422 ], [ 18.252431943726595, 45.975020604801422 ], [ 18.252431943726595, 45.974911390180694 ], [ 18.252104299864424, 45.974911390180694 ], [ 18.252104299864424, 45.974802175559972 ], [ 18.250466080553558, 45.974802175559972 ], [ 18.250466080553558, 45.974692960939244 ], [ 18.249920007449937, 45.974692960939244 ], [ 18.249920007449937, 45.974802175559972 ], [ 18.249701578208491, 45.974802175559972 ], [ 18.249701578208491, 45.974911390180694 ], [ 18.249592363587766, 45.974911390180694 ], [ 18.249592363587766, 45.975020604801422 ], [ 18.249483148967041, 45.975020604801422 ], [ 18.249483148967041, 45.975239034042872 ], [ 18.249373934346316, 45.975239034042872 ], [ 18.249373934346316, 45.975348248663593 ], [ 18.249264719725591, 45.975348248663593 ], [ 18.249264719725591, 45.975566677905043 ], [ 18.24915550510487, 45.975566677905043 ], [ 18.24915550510487, 45.975785107146493 ], [ 18.249046290484145, 45.975785107146493 ], [ 18.249046290484145, 45.976003536387935 ], [ 18.24893707586342, 45.976003536387935 ], [ 18.24893707586342, 45.975675892525764 ], [ 18.248827861242695, 45.975675892525764 ], [ 18.248827861242695, 45.975566677905043 ], [ 18.24817257351835, 45.975566677905043 ], [ 18.24817257351835, 45.975675892525764 ], [ 18.2479541442769, 45.975675892525764 ], [ 18.2479541442769, 45.975894321767214 ], [ 18.247844929656178, 45.975894321767214 ], [ 18.247844929656178, 45.976003536387935 ], [ 18.247735715035454, 45.976003536387935 ], [ 18.247735715035454, 45.976112751008664 ], [ 18.247408071173279, 45.976112751008664 ] ] ] } },
{ "type": "Feature", "properties": { "parcel_id": 28, "area_ha": 8.46, "pixels": 846 }, "geometry": { "type": "Polygon", "coordinates": [ [ [ 18.268814136835235, 45.975785107146493 ], [ 18.268814136835235, 45.975675892525764 ], [ 18.26892335145596, 45.975675892525764 ], [ 18.26892335145596, 45.975566677905043 ], [ 18.269032566076685, 45.975566677905043 ], [ 18.269032566076685, 45.975457463284314 ], [ 18.26914178069741, 45.975457463284314 ], [ 18.26914178069741, 45.975348248663593 ], [ 18.269250995318135, 45.975348248663593 ], [ 18.269250995318135, 45.975239034042872 ], [ 18.269360209938856, 45.975239034042872 ], [ 18.269360209938856, 45.975129819422143 ], [ 18.269469424559581, 45.975129819422143 ], [ 18.269469424559581, 45.975020604801422 ], [ 18.269578639180306, 45.975020604801422 ], [ 18.269578639180306, 45.974802175559972 ], [ 18.269469424559581, 45.974802175559972 ], [ 18.269469424559581, 45.974583746318523 ], [ 18.269360209938856, 45.974583746318523 ], [ 18.269360209938856, 45.974474531697801 ], [ 18.269032566076685, 45.974474531697801 ], [ 18.269032566076685, 45.974365317077073 ], [ 18.268704922214511, 45.974365317077073 ], [ 18.268704922214511, 45.974256102456351 ], [ 18.268268063731615, 45.974256102456351 ], [ 18.268268063731615, 45.974146887835623 ], [ 18.267940419869444, 45.974146887835623 ], [ 18.267940419869444, 45.974037673214902 ], [ 18.267612776007269, 45.974037673214902 ], [ 18.267612776007269, 45.97392845859418 ], [ 18.267394346765823, 45.97392845859418 ], [ 18.267394346765823, 45.973819243973452 ], [ 18.267175917524373, 45.973819243973452 ], [ 18.267175917524373, 45.973710029352731 ], [ 18.267066702903648, 45.973710029352731 ], [ 18.267066702903648, 45.973600814732002 ], [ 18.266848273662198, 45.973600814732002 ], [ 18.266848273662198, 45.973054741628381 ], [ 18.266957488282923, 45.973054741628381 ], [ 18.266957488282923, 45.97294552700766 ], [ 18.266848273662198, 45.97294552700766 ], [ 18.266848273662198, 45.972399453904039 ], [ 18.266957488282923, 45.972399453904039 ], [ 18.266957488282923, 45.972290239283311 ], [ 18.267285132145098, 45.972290239283311 ], [ 18.267285132145098, 45.972399453904039 ], [ 18.267612776007269, 45.972399453904039 ], [ 18.267612776007269, 45.972290239283311 ], [ 18.267721990627994, 45.972290239283311 ], [ 18.267721990627994, 45.972071810041868 ], [ 18.267831205248719, 45.972071810041868 ], [ 18.267831205248719, 45.97174416617969 ], [ 18.267721990627994, 45.97174416617969 ], [ 18.267721990627994, 45.971634951558968 ], [ 18.266520629800027, 45.971634951558968 ], [ 18.266520629800027, 45.971416522317519 ], [ 18.266411415179302, 45.971416522317519 ], [ 18.266411415179302, 45.971307307696797 ], [ 18.266302200558577, 45.971307307696797 ], [ 18.266302200558577, 45.971198093076069 ], [ 18.265974556696406, 45.971198093076069 ], [ 18.265974556696406, 45.971088878455348 ], [ 18.265756127454956, 45.971088878455348 ], [ 18.265756127454956, 45.970979663834619 ], [ 18.265537698213507, 45.970979663834619 ], [ 18.265537698213507, 45.970761234593176 ], [ 18.26531926897206, 45.970761234593176 ], [ 18.26531926897206, 45.970652019972448 ], [ 18.264991625109886, 45.970652019972448 ], [ 18.264991625109886, 45.970542805351727 ], [ 18.265428483592785, 45.970542805351727 ], [ 18.265428483592785, 45.970652019972448 ], [ 18.265756127454956, 45.970652019972448 ], [ 18.265756127454956, 45.970761234593176 ], [ 18.266083771317131, 45.970761234593176 ], [ 18.266083771317131, 45.970870449213898 ], [ 18.266411415179302, 45.970870449213898 ], [ 18.266411415179302, 45.970979663834619 ], [ 18.266739059041477, 45.970979663834619 ], [ 18.266739059041477, 45.971088878455348 ], [ 18.267066702903648, 45.971088878455348 ], [ 18.267066702903648, 45.971198093076069 ], [ 18.267940419869444, 45.971198093076069 ], [ 18.267940419869444, 45.971307307696797 ], [ 18.26815884911089, 45.971307307696797 ], [ 18.26815884911089, 45.971416522317519 ], [ 18.268377278352339, 45.971416522317519 ], [ 18.268377278352339, 45.97152573693824 ], [ 18.268704922214511, 45.97152573693824 ], [ 18.268704922214511, 45.971634951558968 ], [ 18.26892335145596, 45.971634951558968 ], [ 18.26892335145596, 45.97174416617969 ], [ 18.269250995318135, 45.97174416617969 ], [ 18.269250995318135, 45.971853380800418 ], [ 18.269469424559581, 45.971853380800418 ], [ 18.269469424559581, 45.971962595421139 ], [ 18.269687853801031, 45.971962595421139 ], [ 18.269687853801031, 45.972071810041868 ], [ 18.270233926904652, 45.972071810041868 ], [ 18.270233926904652, 45.972181024662589 ], [ 18.270561570766823, 45.972181024662589 ], [ 18.270561570766823, 45.972290239283311 ], [ 18.270670785387548, 45.972290239283311 ], [ 18.270670785387548, 45.972399453904039 ], [ 18.270780000008273, 45.972399453904039 ], [ 18.270780000008273, 45.97294552700766 ], [ 18.270670785387548, 45.97294552700766 ], [ 18.270670785387548, 45.973273170869831 ], [ 18.270561570766823, 45.973273170869831 ], [ 18.270561570766823, 45.973491600111281 ], [ 18.270452356146102, 45.973491600111281 ], [ 18.270452356146102, 45.973710029352731 ], [ 18.270343141525377, 45.973710029352731 ], [ 18.270343141525377, 45.97392845859418 ], [ 18.270233926904652, 45.97392845859418 ], [ 18.270233926904652, 45.974146887835623 ], [ 18.270124712283927, 45.974146887835623 ], [ 18.270124712283927, 45.974256102456351 ], [ 18.270015497663202, 45.974256102456351 ], [ 18.270015497663202, 45.974365317077073 ], [ 18.269906283042481, 45.974365317077073 ], [ 18.269906283042481, 45.975239034042872 ], [ 18.269687853801031, 45.975239034042872 ], [ 18.269687853801031, 45.975348248663593 ], [ 18.269578639180306, 45.975348248663593 ], [ 18.269578639180306, 45.975457463284314 ], [ 18.269469424559581, 45.975457463284314 ], [ 18.269469424559581, 45.975566677905043 ], [ 18.269360209938856, 45.975566677905043 ], [ 18.269360209938856, 45.975675892525764 ], [ 18.269250995318135, 45.975675892525764 ], [ 18.269250995318135, 45.975785107146493 ], [ 18.268814136835235, 45.975785107146493 ] ] ] } },
{ "type": "Feature", "properties": { "parcel_id": 29, "area_ha": 16.99, "pixels": 1699 }, "geometry": { "type": "Polygon", "coordinates": [ [ [ 18.254943880003253, 45.975675892525764 ], [ 18.254943880003253, 45.975566677905043 ], [ 18.254725450761807, 45.975566677905043 ], [ 18.254725450761807, 45.975457463284314 ], [ 18.254507021520357, 45.975457463284314 ], [ 18.254507021520357, 45.975348248663593 ], [ 18.254397806899632, 45.975348248663593 ], [ 18.254397806899632, 45.975239034042872 ], [ 18.254288592278908, 45.975239034042872 ], [ 18.254288592278908, 45.975020604801422 ], [ 18.254179377658186, 45.975020604801422 ], [ 18.254179377658186, 45.974911390180694 ], [ 18.254070163037461, 45.974911390180694 ], [ 18.254070163037461, 45.974802175559972 ], [ 18.253742519175287, 45.974802175559972 ], [ 18.253742519175287, 45.974911390180694 ], [ 18.253196446071666, 45.974911390180694 ], [ 18.253196446071666, 45.974802175559972 ], [ 18.253087231450941, 45.974802175559972 ], [ 18.253087231450941, 45.974365317077073 ], [ 18.253196446071666, 45.974365317077073 ], [ 18.253196446071666, 45.973819243973452 ], [ 18.253087231450941, 45.973819243973452 ], [ 18.253087231450941, 45.973710029352731 ], [ 18.252978016830216, 45.973710029352731 ], [ 18.252978016830216, 45.973600814732002 ], [ 18.25275958758877, 45.973600814732002 ], [ 18.25275958758877, 45.973491600111281 ], [ 18.25254115834732, 45.973491600111281 ], [ 18.25254115834732, 45.973382385490552 ], [ 18.251995085243699, 45.973382385490552 ], [ 18.251995085243699, 45.973491600111281 ], [ 18.251558226760803, 45.973491600111281 ], [ 18.251558226760803, 45.973382385490552 ], [ 18.251449012140078, 45.973382385490552 ], [ 18.251449012140078, 45.97316395624911 ], [ 18.251558226760803, 45.97316395624911 ], [ 18.251558226760803, 45.97294552700766 ], [ 18.251667441381528, 45.97294552700766 ], [ 18.251667441381528, 45.97272709776621 ], [ 18.251776656002249, 45.97272709776621 ], [ 18.251776656002249, 45.972399453904039 ], [ 18.251667441381528, 45.972399453904039 ], [ 18.251667441381528, 45.972290239283311 ], [ 18.251558226760803, 45.972290239283311 ], [ 18.251558226760803, 45.972181024662589 ], [ 18.251121368277904, 45.972181024662589 ], [ 18.251121368277904, 45.972071810041868 ], [ 18.249264719725591, 45.972071810041868 ], [ 18.249264719725591, 45.971962595421139 ], [ 18.24915550510487, 45.971962595421139 ], [ 18.24915550510487, 45.971853380800418 ], [ 18.249046290484145, 45.971853380800418 ], [ 18.249046290484145, 45.971634951558968 ], [ 18.24915550510487, 45.971634951558968 ], [ 18.24915550510487, 45.97152573693824 ], [ 18.249264719725591, 45.97152573693824 ], [ 18.249264719725591, 45.971416522317519 ], [ 18.251776656002249, 45.971416522317519 ], [ 18.251776656002249, 45.971307307696797 ], [ 18.251885870622974, 45.971307307696797 ], [ 18.251885870622974, 45.970105946868827 ], [ 18.251995085243699, 45.970105946868827 ], [ 18.251995085243699, 45.969996732248106 ], [ 18.252104299864424, 45.969996732248106 ], [ 18.252104299864424, 45.969887517627377 ], [ 18.252868802209495, 45.969887517627377 ], [ 18.252868802209495, 45.969996732248106 ], [ 18.253087231450941, 45.969996732248106 ], [ 18.253087231450941, 45.970105946868827 ], [ 18.25352408993384, 45.970105946868827 ], [ 18.25352408993384, 45.970215161489556 ], [ 18.253742519175287, 45.970215161489556 ], [ 18.253742519175287, 45.970324376110277 ], [ 18.253960948416736, 45.970324376110277 ], [ 18.253960948416736, 45.970215161489556 ], [ 18.254397806899632, 45.970215161489556 ], [ 18.254397806899632, 45.970105946868827 ], [ 18.254616236141082, 45.970105946868827 ], [ 18.254616236141082, 45.970215161489556 ], [ 18.255053094623978, 45.970215161489556 ], [ 18.255053094623978, 45.970324376110277 ], [ 18.255271523865428, 45.970324376110277 ], [ 18.255271523865428, 45.970433590730998 ], [ 18.255489953106874, 45.970433590730998 ], [ 18.255489953106874, 45.970542805351727 ], [ 18.255599167727599, 45.970542805351727 ], [ 18.255599167727599, 45.970652019972448 ], [ 18.255817596969049, 45.970652019972448 ], [ 18.255817596969049, 45.970761234593176 ], [ 18.256036026210499, 45.970761234593176 ], [ 18.256036026210499, 45.970870449213898 ], [ 18.256254455451945, 45.970870449213898 ], [ 18.256254455451945, 45.970979663834619 ], [ 18.256691313934844, 45.970979663834619 ], [ 18.256691313934844, 45.971088878455348 ], [ 18.256909743176291, 45.971088878455348 ], [ 18.256909743176291, 45.971198093076069 ], [ 18.25712817241774, 45.971198093076069 ], [ 18.25712817241774, 45.971307307696797 ], [ 18.257346601659187, 45.971307307696797 ], [ 18.257346601659187, 45.971416522317519 ], [ 18.257565030900636, 45.971416522317519 ], [ 18.257565030900636, 45.97152573693824 ], [ 18.257783460142086, 45.97152573693824 ], [ 18.257783460142086, 45.971634951558968 ], [ 18.257892674762811, 45.971634951558968 ], [ 18.257892674762811, 45.97174416617969 ], [ 18.258111104004257, 45.97174416617969 ], [ 18.258111104004257, 45.972071810041868 ], [ 18.258220318624982, 45.972071810041868 ], [ 18.258220318624982, 45.972181024662589 ], [ 18.258438747866432, 45.972181024662589 ], [ 18.258438747866432, 45.972290239283311 ], [ 18.258657177107878, 45.972290239283311 ], [ 18.258657177107878, 45.972399453904039 ], [ 18.258766391728603, 45.972399453904039 ], [ 18.258766391728603, 45.97250866852476 ], [ 18.258875606349328, 45.97250866852476 ], [ 18.258875606349328, 45.97272709776621 ], [ 18.258766391728603, 45.97272709776621 ], [ 18.258766391728603, 45.972836312386931 ], [ 18.258657177107878, 45.972836312386931 ], [ 18.258657177107878, 45.97294552700766 ], [ 18.258438747866432, 45.97294552700766 ], [ 18.258438747866432, 45.973054741628381 ], [ 18.258329533245707, 45.973054741628381 ], [ 18.258329533245707, 45.973273170869831 ], [ 18.258220318624982, 45.973273170869831 ], [ 18.258220318624982, 45.973600814732002 ], [ 18.258111104004257, 45.973600814732002 ], [ 18.258111104004257, 45.973491600111281 ], [ 18.257892674762811, 45.973491600111281 ], [ 18.257892674762811, 45.973600814732002 ], [ 18.257783460142086, 45.973600814732002 ], [ 18.257783460142086, 45.973819243973452 ], [ 18.257674245521361, 45.973819243973452 ], [ 18.257674245521361, 45.97392845859418 ], [ 18.257018957797015, 45.97392845859418 ], [ 18.257018957797015, 45.973819243973452 ], [ 18.256800528555566, 45.973819243973452 ], [ 18.256800528555566, 45.973710029352731 ], [ 18.256691313934844, 45.973710029352731 ], [ 18.256691313934844, 45.973600814732002 ], [ 18.256472884693395, 45.973600814732002 ], [ 18.256472884693395, 45.973382385490552 ], [ 18.25636367007267, 45.973382385490552 ], [ 18.25636367007267, 45.973273170869831 ], [ 18.256472884693395, 45.973273170869831 ], [ 18.256472884693395, 45.973054741628381 ], [ 18.256582099314119, 45.973054741628381 ], [ 18.256582099314119, 45.97294552700766 ], [ 18.256691313934844, 45.97294552700766 ], [ 18.256691313934844, 45.972836312386931 ], [ 18.256909743176291, 45.972836312386931 ], [ 18.256909743176291, 45.97250866852476 ], [ 18.256800528555566, 45.97250866852476 ], [ 18.256800528555566, 45.972399453904039 ], [ 18.256472884693395, 45.972399453904039 ], [ 18.256472884693395, 45.972290239283311 ], [ 18.25636367007267, 45.972290239283311 ], [ 18.25636367007267, 45.972181024662589 ], [ 18.256254455451945, 45.972181024662589 ], [ 18.256254455451945, 45.972071810041868 ], [ 18.25614524083122, 45.972071810041868 ], [ 18.25614524083122, 45.971962595421139 ], [ 18.255380738486153, 45.971962595421139 ], [ 18.255380738486153, 45.972071810041868 ], [ 18.255053094623978, 45.972071810041868 ], [ 18.255053094623978, 45.972181024662589 ], [ 18.254725450761807, 45.972181024662589 ], [ 18.254725450761807, 45.972071810041868 ], [ 18.254616236141082, 45.972071810041868 ], [ 18.254616236141082, 45.971962595421139 ], [ 18.254397806899632, 45.971962595421139 ], [ 18.254397806899632, 45.971853380800418 ], [ 18.254288592278908, 45.971853380800418 ], [ 18.254288592278908, 45.972181024662589 ], [ 18.254179377658186, 45.972181024662589 ], [ 18.254179377658186, 45.972399453904039 ], [ 18.254288592278908, 45.972399453904039 ], [ 18.254288592278908, 45.97250866852476 ], [ 18.254725450761807, 45.97250866852476 ], [ 18.254725450761807, 45.972617883145489 ], [ 18.254834665382528, 45.972617883145489 ], [ 18.254834665382528, 45.972836312386931 ], [ 18.254943880003253, 45.972836312386931 ], [ 18.254943880003253, 45.973054741628381 ], [ 18.254397806899632, 45.973054741628381 ], [ 18.254397806899632, 45.97294552700766 ], [ 18.253960948416736, 45.97294552700766 ], [ 18.253960948416736, 45.973054741628381 ], [ 18.253742519175287, 45.973054741628381 ], [ 18.253742519175287, 45.974037673214902 ], [ 18.253851733796012, 45.974037673214902 ], [ 18.253851733796012, 45.974146887835623 ], [ 18.254070163037461, 45.974146887835623 ], [ 18.254070163037461, 45.974256102456351 ], [ 18.254288592278908, 45.974256102456351 ], [ 18.254288592278908, 45.974365317077073 ], [ 18.254397806899632, 45.974365317077073 ], [ 18.254397806899632, 45.974474531697801 ], [ 18.254507021520357, 45.974474531697801 ], [ 18.254507021520357, 45.974583746318523 ], [ 18.254616236141082, 45.974583746318523 ], [ 18.254616236141082, 45.974692960939244 ], [ 18.254834665382528, 45.974692960939244 ], [ 18.254834665382528, 45.975457463284314 ], [ 18.256036026210499, 45.975457463284314 ], [ 18.256036026210499, 45.975348248663593 ], [ 18.256254455451945, 45.975348248663593 ], [ 18.256254455451945, 45.975239034042872 ], [ 18.25636367007267, 45.975239034042872 ], [ 18.25636367007267, 45.975129819422143 ], [ 18.256582099314119, 45.975129819422143 ], [ 18.256582099314119, 45.975239034042872 ], [ 18.256472884693395, 45.975239034042872 ], [ 18.256472884693395, 45.975348248663593 ], [ 18.25636367007267, 45.975348248663593 ], [ 18.25636367007267, 45.975457463284314 ], [ 18.256254455451945, 45.975457463284314 ], [ 18.256254455451945, 45.975566677905043 ], [ 18.256036026210499, 45.975566677905043 ], [ 18.256036026210499, 45.975675892525764 ], [ 18.254943880003253, 45.975675892525764 ] ] ] } },
{ "type": "Feature", "properties": { "parcel_id": 30, "area_ha": 7.26, "pixels": 726 }, "geometry": { "type": "Polygon", "coordinates": [ [ [ 18.254834665382528, 45.975457463284314 ], [ 18.254834665382528, 45.974692960939244 ], [ 18.254616236141082, 45.974692960939244 ], [ 18.254616236141082, 45.974583746318523 ], [ 18.254507021520357, 45.974583746318523 ], [ 18.254507021520357, 45.974474531697801 ], [ 18.254397806899632, 45.974474531697801 ], [ 18.254397806899632, 45.974365317077073 ], [ 18.254288592278908, 45.974365317077073 ], [ 18.254288592278908, 45.974256102456351 ], [ 18.254070163037461, 45.974256102456351 ], [ 18.254070163037461, 45.974146887835623 ], [ 18.253851733796012, 45.974146887835623 ], [ 18.253851733796012, 45.974037673214902 ], [ 18.253742519175287, 45.974037673214902 ], [ 18.253742519175287, 45.973054741628381 ], [ 18.253960948416736, 45.973054741628381 ], [ 18.253960948416736, 45.97294552700766 ], [ 18.254397806899632, 45.97294552700766 ], [ 18.254397806899632, 45.973054741628381 ], [ 18.254943880003253, 45.973054741628381 ], [ 18.254943880003253, 45.972836312386931 ], [ 18.254834665382528, 45.972836312386931 ], [ 18.254834665382528, 45.972617883145489 ], [ 18.254725450761807, 45.972617883145489 ], [ 18.254725450761807, 45.97250866852476 ], [ 18.254288592278908, 45.97250866852476 ], [ 18.254288592278908, 45.972399453904039 ], [ 18.254179377658186, 45.972399453904039 ], [ 18.254179377658186, 45.972181024662589 ], [ 18.254288592278908, 45.972181024662589 ], [ 18.254288592278908, 45.971853380800418 ], [ 18.254397806899632, 45.971853380800418 ], [ 18.254397806899632, 45.971962595421139 ], [ 18.254616236141082, 45.971962595421139 ], [ 18.254616236141082, 45.972071810041868 ], [ 18.254725450761807, 45.972071810041868 ], [ 18.254725450761807, 45.972181024662589 ], [ 18.255053094623978, 45.972181024662589 ], [ 18.255053094623978, 45.972071810041868 ], [ 18.255380738486153, 45.972071810041868 ], [ 18.255380738486153, 45.971962595421139 ], [ 18.25614524083122, 45.971962595421139 ], [ 18.25614524083122, 45.972071810041868 ], [ 18.256254455451945, 45.972071810041868 ], [ 18.256254455451945, 45.972181024662589 ], [ 18.25636367007267, 45.972181024662589 ], [ 18.25636367007267, 45.972290239283311 ], [ 18.256472884693395, 45.972290239283311 ], [ 18.256472884693395, 45.972399453904039 ], [ 18.256800528555566, 45.972399453904039 ], [ 18.256800528555566, 45.97250866852476 ], [ 18.256909743176291, 45.97250866852476 ], [ 18.256909743176291, 45.972836312386931 ], [ 18.256691313934844, 45.972836312386931 ], [ 18.256691313934844, 45.97294552700766 ], [ 18.256582099314119, 45.97294552700766 ], [ 18.256582099314119, 45.973054741628381 ], [ 18.256472884693395, 45.973054741628381 ], [ 18.256472884693395, 45.973273170869831 ], [ 18.25636367007267, 45.973273170869831 ], [ 18.25636367007267, 45.973382385490552 ], [ 18.256472884693395, 45.973382385490552 ], [ 18.256472884693395, 45.973600814732002 ], [ 18.256691313934844, 45.973600814732002 ], [ 18.256691313934844, 45.973710029352731 ], [ 18.256800528555566, 45.973710029352731 ], [ 18.256800528555566, 45.973819243973452 ], [ 18.257018957797015, 45.973819243973452 ], [ 18.257018957797015, 45.97392845859418 ], [ 18.257674245521361, 45.97392845859418 ], [ 18.257674245521361, 45.973819243973452 ], [ 18.257783460142086, 45.973819243973452 ], [ 18.257783460142086, 45.973600814732002 ], [ 18.257892674762811, 45.973600814732002 ], [ 18.257892674762811, 45.973491600111281 ], [ 18.258111104004257, 45.973491600111281 ], [ 18.258111104004257, 45.973600814732002 ], [ 18.258220318624982, 45.973600814732002 ], [ 18.258220318624982, 45.973710029352731 ], [ 18.258329533245707, 45.973710029352731 ], [ 18.258329533245707, 45.974037673214902 ], [ 18.257565030900636, 45.974037673214902 ], [ 18.257565030900636, 45.974146887835623 ], [ 18.257455816279911, 45.974146887835623 ], [ 18.257455816279911, 45.974365317077073 ], [ 18.257346601659187, 45.974365317077073 ], [ 18.257346601659187, 45.974474531697801 ], [ 18.25712817241774, 45.974474531697801 ], [ 18.25712817241774, 45.974583746318523 ], [ 18.257018957797015, 45.974583746318523 ], [ 18.257018957797015, 45.974692960939244 ], [ 18.256909743176291, 45.974692960939244 ], [ 18.256909743176291, 45.974802175559972 ], [ 18.256800528555566, 45.974802175559972 ], [ 18.256800528555566, 45.974911390180694 ], [ 18.256691313934844, 45.974911390180694 ], [ 18.256691313934844, 45.975020604801422 ], [ 18.256582099314119, 45.975020604801422 ], [ 18.256582099314119, 45.975129819422143 ], [ 18.25636367007267, 45.975129819422143 ], [ 18.25636367007267, 45.975239034042872 ], [ 18.256254455451945, 45.975239034042872 ], [ 18.256254455451945, 45.975348248663593 ], [ 18.256036026210499, 45.975348248663593 ], [ 18.256036026210499, 45.975457463284314 ], [ 18.254834665382528, 45.975457463284314 ] ] ] } },
{ "type": "Feature", "properties": { "parcel_id": 31, "area_ha": 15.46, "pixels": 1546 }, "geometry": { "type": "Polygon", "coordinates": [ [ [ 18.275585443320139, 45.975457463284314 ], [ 18.275585443320139, 45.975348248663593 ], [ 18.275694657940864, 45.975348248663593 ], [ 18.275694657940864, 45.975239034042872 ], [ 18.275803872561589, 45.975239034042872 ], [ 18.275803872561589, 45.975129819422143 ], [ 18.276022301803039, 45.975129819422143 ], [ 18.276022301803039, 45.975020604801422 ], [ 18.276131516423764, 45.975020604801422 ], [ 18.276131516423764, 45.974802175559972 ], [ 18.276240731044485, 45.974802175559972 ], [ 18.276240731044485, 45.974692960939244 ], [ 18.27634994566521, 45.974692960939244 ], [ 18.27634994566521, 45.974583746318523 ], [ 18.27656837490666, 45.974583746318523 ], [ 18.27656837490666, 45.974365317077073 ], [ 18.276677589527385, 45.974365317077073 ], [ 18.276677589527385, 45.974256102456351 ], [ 18.276786804148109, 45.974256102456351 ], [ 18.276786804148109, 45.974146887835623 ], [ 18.276896018768831, 45.974146887835623 ], [ 18.276896018768831, 45.974037673214902 ], [ 18.277005233389556, 45.974037673214902 ], [ 18.277005233389556, 45.97392845859418 ], [ 18.277114448010281, 45.97392845859418 ], [ 18.277114448010281, 45.973600814732002 ], [ 18.276459160285935, 45.973600814732002 ], [ 18.276459160285935, 45.973710029352731 ], [ 18.27634994566521, 45.973710029352731 ], [ 18.27634994566521, 45.973819243973452 ], [ 18.276240731044485, 45.973819243973452 ], [ 18.276240731044485, 45.97392845859418 ], [ 18.276022301803039, 45.97392845859418 ], [ 18.276022301803039, 45.974037673214902 ], [ 18.275913087182314, 45.974037673214902 ], [ 18.275913087182314, 45.97392845859418 ], [ 18.275803872561589, 45.97392845859418 ], [ 18.275803872561589, 45.973819243973452 ], [ 18.275476228699418, 45.973819243973452 ], [ 18.275476228699418, 45.973710029352731 ], [ 18.275039370216518, 45.973710029352731 ], [ 18.275039370216518, 45.973491600111281 ], [ 18.274930155595797, 45.973491600111281 ], [ 18.274930155595797, 45.973382385490552 ], [ 18.274820940975072, 45.973382385490552 ], [ 18.274820940975072, 45.973273170869831 ], [ 18.274711726354347, 45.973273170869831 ], [ 18.274711726354347, 45.97316395624911 ], [ 18.274602511733622, 45.97316395624911 ], [ 18.274602511733622, 45.97294552700766 ], [ 18.274384082492173, 45.97294552700766 ], [ 18.274384082492173, 45.972836312386931 ], [ 18.274056438630002, 45.972836312386931 ], [ 18.274056438630002, 45.97272709776621 ], [ 18.273510365526381, 45.97272709776621 ], [ 18.273510365526381, 45.972617883145489 ], [ 18.27296429242276, 45.972617883145489 ], [ 18.27296429242276, 45.97250866852476 ], [ 18.27274586318131, 45.97250866852476 ], [ 18.27274586318131, 45.972617883145489 ], [ 18.272199790077689, 45.972617883145489 ], [ 18.272199790077689, 45.97250866852476 ], [ 18.272090575456964, 45.97250866852476 ], [ 18.272090575456964, 45.972617883145489 ], [ 18.271981360836239, 45.972617883145489 ], [ 18.271981360836239, 45.97250866852476 ], [ 18.271326073111894, 45.97250866852476 ], [ 18.271326073111894, 45.972399453904039 ], [ 18.271216858491169, 45.972399453904039 ], [ 18.271216858491169, 45.972290239283311 ], [ 18.271107643870447, 45.972290239283311 ], [ 18.271107643870447, 45.972181024662589 ], [ 18.270998429249723, 45.972181024662589 ], [ 18.270998429249723, 45.973054741628381 ], [ 18.271107643870447, 45.973054741628381 ], [ 18.271107643870447, 45.97316395624911 ], [ 18.271216858491169, 45.97316395624911 ], [ 18.271216858491169, 45.97392845859418 ], [ 18.271435287732618, 45.97392845859418 ], [ 18.271435287732618, 45.974146887835623 ], [ 18.271544502353343, 45.974146887835623 ], [ 18.271544502353343, 45.974256102456351 ], [ 18.271107643870447, 45.974256102456351 ], [ 18.271107643870447, 45.974146887835623 ], [ 18.270889214628998, 45.974146887835623 ], [ 18.270889214628998, 45.97392845859418 ], [ 18.270561570766823, 45.97392845859418 ], [ 18.270561570766823, 45.974037673214902 ], [ 18.270452356146102, 45.974037673214902 ], [ 18.270452356146102, 45.974146887835623 ], [ 18.270343141525377, 45.974146887835623 ], [ 18.270343141525377, 45.974256102456351 ], [ 18.270233926904652, 45.974256102456351 ], [ 18.270233926904652, 45.974365317077073 ], [ 18.270124712283927, 45.974365317077073 ], [ 18.270124712283927, 45.974474531697801 ], [ 18.270015497663202, 45.974474531697801 ], [ 18.270015497663202, 45.974692960939244 ], [ 18.269906283042481, 45.974692960939244 ], [ 18.269906283042481, 45.974365317077073 ], [ 18.270015497663202, 45.974365317077073 ], [ 18.270015497663202, 45.974256102456351 ], [ 18.270124712283927, 45.974256102456351 ], [ 18.270124712283927, 45.974146887835623 ], [ 18.270233926904652, 45.974146887835623 ], [ 18.270233926904652, 45.97392845859418 ], [ 18.270343141525377, 45.97392845859418 ], [ 18.270343141525377, 45.973710029352731 ], [ 18.270452356146102, 45.973710029352731 ], [ 18.270452356146102, 45.973491600111281 ], [ 18.270561570766823, 45.973491600111281 ], [ 18.270561570766823, 45.973273170869831 ], [ 18.270670785387548, 45.973273170869831 ], [ 18.270670785387548, 45.97294552700766 ], [ 18.270780000008273, 45.97294552700766 ], [ 18.270780000008273, 45.972399453904039 ], [ 18.270670785387548, 45.972399453904039 ], [ 18.270670785387548, 45.972290239283311 ], [ 18.270561570766823, 45.972290239283311 ], [ 18.270561570766823, 45.972181024662589 ], [ 18.270233926904652, 45.972181024662589 ], [ 18.270233926904652, 45.972071810041868 ], [ 18.269687853801031, 45.972071810041868 ], [ 18.269687853801031, 45.971962595421139 ], [ 18.269469424559581, 45.971962595421139 ], [ 18.269469424559581, 45.971853380800418 ], [ 18.269250995318135, 45.971853380800418 ], [ 18.269250995318135, 45.97174416617969 ], [ 18.26892335145596, 45.97174416617969 ], [ 18.26892335145596, 45.971634951558968 ], [ 18.268704922214511, 45.971634951558968 ], [ 18.268704922214511, 45.97152573693824 ], [ 18.268377278352339, 45.97152573693824 ], [ 18.268377278352339, 45.971416522317519 ], [ 18.26815884911089, 45.971416522317519 ], [ 18.26815884911089, 45.971307307696797 ], [ 18.267940419869444, 45.971307307696797 ], [ 18.267940419869444, 45.971198093076069 ], [ 18.267066702903648, 45.971198093076069 ], [ 18.267066702903648, 45.971088878455348 ], [ 18.266739059041477, 45.971088878455348 ], [ 18.266739059041477, 45.970979663834619 ], [ 18.266411415179302, 45.970979663834619 ], [ 18.266411415179302, 45.970870449213898 ], [ 18.266083771317131, 45.970870449213898 ], [ 18.266083771317131, 45.970761234593176 ], [ 18.265756127454956, 45.970761234593176 ], [ 18.265756127454956, 45.970652019972448 ], [ 18.265428483592785, 45.970652019972448 ], [ 18.265428483592785, 45.970542805351727 ], [ 18.264991625109886, 45.970542805351727 ], [ 18.264991625109886, 45.970433590730998 ], [ 18.264663981247715, 45.970433590730998 ], [ 18.264663981247715, 45.970324376110277 ], [ 18.26433633738554, 45.970324376110277 ], [ 18.26433633738554, 45.969887517627377 ], [ 18.264663981247715, 45.969887517627377 ], [ 18.264663981247715, 45.969778303006656 ], [ 18.26477319586844, 45.969778303006656 ], [ 18.26477319586844, 45.969887517627377 ], [ 18.265428483592785, 45.969887517627377 ], [ 18.265428483592785, 45.969996732248106 ], [ 18.265974556696406, 45.969996732248106 ], [ 18.265974556696406, 45.970105946868827 ], [ 18.266302200558577, 45.970105946868827 ], [ 18.266302200558577, 45.970215161489556 ], [ 18.266848273662198, 45.970215161489556 ], [ 18.266848273662198, 45.970324376110277 ], [ 18.267175917524373, 45.970324376110277 ], [ 18.267175917524373, 45.970433590730998 ], [ 18.267394346765823, 45.970433590730998 ], [ 18.267394346765823, 45.970542805351727 ], [ 18.267831205248719, 45.970542805351727 ], [ 18.267831205248719, 45.970652019972448 ], [ 18.26815884911089, 45.970652019972448 ], [ 18.26815884911089, 45.970761234593176 ], [ 18.268595707593789, 45.970761234593176 ], [ 18.268595707593789, 45.970870449213898 ], [ 18.26892335145596, 45.970870449213898 ], [ 18.26892335145596, 45.970979663834619 ], [ 18.269250995318135, 45.970979663834619 ], [ 18.269250995318135, 45.971088878455348 ], [ 18.269469424559581, 45.971088878455348 ], [ 18.269469424559581, 45.971198093076069 ], [ 18.269906283042481, 45.971198093076069 ], [ 18.269906283042481, 45.971307307696797 ], [ 18.270233926904652, 45.971307307696797 ], [ 18.270233926904652, 45.971416522317519 ], [ 18.270670785387548, 45.971416522317519 ], [ 18.270670785387548, 45.97152573693824 ], [ 18.271216858491169, 45.97152573693824 ], [ 18.271216858491169, 45.971634951558968 ], [ 18.271762931594793, 45.971634951558968 ], [ 18.271762931594793, 45.97174416617969 ], [ 18.271981360836239, 45.97174416617969 ], [ 18.271981360836239, 45.971853380800418 ], [ 18.272199790077689, 45.971853380800418 ], [ 18.272199790077689, 45.971962595421139 ], [ 18.27252743393986, 45.971962595421139 ], [ 18.27252743393986, 45.972071810041868 ], [ 18.27296429242276, 45.972071810041868 ], [ 18.27296429242276, 45.972181024662589 ], [ 18.274165653250726, 45.972181024662589 ], [ 18.274165653250726, 45.972290239283311 ], [ 18.274384082492173, 45.972290239283311 ], [ 18.274384082492173, 45.972399453904039 ], [ 18.274493297112897, 45.972399453904039 ], [ 18.274493297112897, 45.97250866852476 ], [ 18.274711726354347, 45.97250866852476 ], [ 18.274711726354347, 45.972617883145489 ], [ 18.274930155595797, 45.972617883145489 ], [ 18.274930155595797, 45.97272709776621 ], [ 18.275148584837243, 45.97272709776621 ], [ 18.275148584837243, 45.972836312386931 ], [ 18.275367014078693, 45.972836312386931 ], [ 18.275367014078693, 45.97294552700766 ], [ 18.275476228699418, 45.97294552700766 ], [ 18.275476228699418, 45.972836312386931 ], [ 18.275694657940864, 45.972836312386931 ], [ 18.275694657940864, 45.97272709776621 ], [ 18.275803872561589, 45.97272709776621 ], [ 18.275803872561589, 45.97250866852476 ], [ 18.275913087182314, 45.97250866852476 ], [ 18.275913087182314, 45.972399453904039 ], [ 18.276022301803039, 45.972399453904039 ], [ 18.276022301803039, 45.972181024662589 ], [ 18.276131516423764, 45.972181024662589 ], [ 18.276131516423764, 45.972071810041868 ], [ 18.276240731044485, 45.972071810041868 ], [ 18.276240731044485, 45.971962595421139 ], [ 18.27634994566521, 45.971962595421139 ], [ 18.27634994566521, 45.971853380800418 ], [ 18.276459160285935, 45.971853380800418 ], [ 18.276459160285935, 45.97174416617969 ], [ 18.27656837490666, 45.97174416617969 ], [ 18.27656837490666, 45.971634951558968 ], [ 18.276677589527385, 45.971634951558968 ], [ 18.276677589527385, 45.97152573693824 ], [ 18.276786804148109, 45.97152573693824 ], [ 18.276786804148109, 45.971416522317519 ], [ 18.276896018768831, 45.971416522317519 ], [ 18.276896018768831, 45.971198093076069 ], [ 18.277005233389556, 45.971198093076069 ], [ 18.277005233389556, 45.970652019972448 ], [ 18.276896018768831, 45.970652019972448 ], [ 18.276896018768831, 45.969996732248106 ], [ 18.276786804148109, 45.969996732248106 ], [ 18.276786804148109, 45.969559873765206 ], [ 18.276677589527385, 45.969559873765206 ], [ 18.276677589527385, 45.969341444523756 ], [ 18.27656837490666, 45.969341444523756 ], [ 18.27656837490666, 45.969232229903035 ], [ 18.276240731044485, 45.969232229903035 ], [ 18.276240731044485, 45.969123015282307 ], [ 18.275367014078693, 45.969123015282307 ], [ 18.275367014078693, 45.969013800661585 ], [ 18.274930155595797, 45.969013800661585 ], [ 18.274930155595797, 45.968904586040864 ], [ 18.274602511733622, 45.968904586040864 ], [ 18.274602511733622, 45.968795371420136 ], [ 18.274384082492173, 45.968795371420136 ], [ 18.274384082492173, 45.968686156799414 ], [ 18.274056438630002, 45.968686156799414 ], [ 18.274056438630002, 45.968576942178686 ], [ 18.273619580147106, 45.968576942178686 ], [ 18.273619580147106, 45.968467727557965 ], [ 18.273182721664206, 45.968467727557965 ], [ 18.273182721664206, 45.968358512937236 ], [ 18.272855077802035, 45.968358512937236 ], [ 18.272855077802035, 45.968249298316515 ], [ 18.273291936284931, 45.968249298316515 ], [ 18.273291936284931, 45.968358512937236 ], [ 18.274165653250726, 45.968358512937236 ], [ 18.274165653250726, 45.968467727557965 ], [ 18.274493297112897, 45.968467727557965 ], [ 18.274493297112897, 45.968576942178686 ], [ 18.274820940975072, 45.968576942178686 ], [ 18.274820940975072, 45.968686156799414 ], [ 18.275039370216518, 45.968686156799414 ], [ 18.275039370216518, 45.968795371420136 ], [ 18.275476228699418, 45.968795371420136 ], [ 18.275476228699418, 45.968904586040864 ], [ 18.276131516423764, 45.968904586040864 ], [ 18.276131516423764, 45.969013800661585 ], [ 18.276459160285935, 45.969013800661585 ], [ 18.276459160285935, 45.969123015282307 ], [ 18.276677589527385, 45.969123015282307 ], [ 18.276677589527385, 45.969013800661585 ], [ 18.276786804148109, 45.969013800661585 ], [ 18.276786804148109, 45.969123015282307 ], [ 18.277005233389556, 45.969123015282307 ], [ 18.277005233389556, 45.969232229903035 ], [ 18.277114448010281, 45.969232229903035 ], [ 18.277114448010281, 45.970105946868827 ], [ 18.277223662631005, 45.970105946868827 ], [ 18.277223662631005, 45.970979663834619 ], [ 18.27733287725173, 45.970979663834619 ], [ 18.27733287725173, 45.971416522317519 ], [ 18.277551306493176, 45.971416522317519 ], [ 18.277551306493176, 45.971307307696797 ], [ 18.277660521113901, 45.971307307696797 ], [ 18.277660521113901, 45.971198093076069 ], [ 18.278206594217522, 45.971198093076069 ], [ 18.278206594217522, 45.971307307696797 ], [ 18.278315808838247, 45.971307307696797 ], [ 18.278315808838247, 45.97152573693824 ], [ 18.278206594217522, 45.97152573693824 ], [ 18.278206594217522, 45.97174416617969 ], [ 18.278097379596797, 45.97174416617969 ], [ 18.278097379596797, 45.971853380800418 ], [ 18.277988164976076, 45.971853380800418 ], [ 18.277988164976076, 45.971962595421139 ], [ 18.277769735734626, 45.971962595421139 ], [ 18.277769735734626, 45.972071810041868 ], [ 18.277660521113901, 45.972071810041868 ], [ 18.277660521113901, 45.972617883145489 ], [ 18.277769735734626, 45.972617883145489 ], [ 18.277769735734626, 45.97272709776621 ], [ 18.278097379596797, 45.97272709776621 ], [ 18.278097379596797, 45.972836312386931 ], [ 18.278315808838247, 45.972836312386931 ], [ 18.278315808838247, 45.97294552700766 ], [ 18.278971096562593, 45.97294552700766 ], [ 18.278971096562593, 45.972836312386931 ], [ 18.279189525804043, 45.972836312386931 ], [ 18.279189525804043, 45.97272709776621 ], [ 18.279298740424768, 45.97272709776621 ], [ 18.279298740424768, 45.972617883145489 ], [ 18.279407955045489, 45.972617883145489 ], [ 18.279407955045489, 45.97250866852476 ], [ 18.279517169666214, 45.97250866852476 ], [ 18.279517169666214, 45.972071810041868 ], [ 18.279407955045489, 45.972071810041868 ], [ 18.279407955045489, 45.971416522317519 ], [ 18.279517169666214, 45.971416522317519 ], [ 18.279517169666214, 45.971307307696797 ], [ 18.279735598907664, 45.971307307696797 ], [ 18.279735598907664, 45.971198093076069 ], [ 18.279844813528388, 45.971198093076069 ], [ 18.279844813528388, 45.971088878455348 ], [ 18.279954028149113, 45.971088878455348 ], [ 18.279954028149113, 45.970433590730998 ], [ 18.279844813528388, 45.970433590730998 ], [ 18.279844813528388, 45.970215161489556 ], [ 18.279735598907664, 45.970215161489556 ], [ 18.279735598907664, 45.970105946868827 ], [ 18.279626384286939, 45.970105946868827 ], [ 18.279626384286939, 45.969996732248106 ], [ 18.279517169666214, 45.969996732248106 ], [ 18.279517169666214, 45.969778303006656 ], [ 18.279407955045489, 45.969778303006656 ], [ 18.279407955045489, 45.969341444523756 ], [ 18.279298740424768, 45.969341444523756 ], [ 18.279298740424768, 45.969232229903035 ], [ 18.279517169666214, 45.969232229903035 ], [ 18.279517169666214, 45.969123015282307 ], [ 18.279844813528388, 45.969123015282307 ], [ 18.279844813528388, 45.969232229903035 ], [ 18.279954028149113, 45.969232229903035 ], [ 18.279954028149113, 45.969341444523756 ], [ 18.280063242769835, 45.969341444523756 ], [ 18.280063242769835, 45.969450659144485 ], [ 18.28017245739056, 45.969450659144485 ], [ 18.28017245739056, 45.969669088385928 ], [ 18.280281672011284, 45.969669088385928 ], [ 18.280281672011284, 45.969778303006656 ], [ 18.280390886632009, 45.969778303006656 ], [ 18.280390886632009, 45.969887517627377 ], [ 18.280609315873459, 45.969887517627377 ], [ 18.280609315873459, 45.970105946868827 ], [ 18.280500101252734, 45.970105946868827 ], [ 18.280500101252734, 45.970215161489556 ], [ 18.28017245739056, 45.970215161489556 ], [ 18.28017245739056, 45.971088878455348 ], [ 18.280063242769835, 45.971088878455348 ], [ 18.280063242769835, 45.971416522317519 ], [ 18.279954028149113, 45.971416522317519 ], [ 18.279954028149113, 45.971634951558968 ], [ 18.279844813528388, 45.971634951558968 ], [ 18.279844813528388, 45.972617883145489 ], [ 18.279735598907664, 45.972617883145489 ], [ 18.279735598907664, 45.97272709776621 ], [ 18.279626384286939, 45.97272709776621 ], [ 18.279626384286939, 45.972836312386931 ], [ 18.279517169666214, 45.972836312386931 ], [ 18.279517169666214, 45.97294552700766 ], [ 18.279407955045489, 45.97294552700766 ], [ 18.279407955045489, 45.973054741628381 ], [ 18.279298740424768, 45.973054741628381 ], [ 18.279298740424768, 45.97316395624911 ], [ 18.279189525804043, 45.97316395624911 ], [ 18.279189525804043, 45.973273170869831 ], [ 18.278861881941868, 45.973273170869831 ], [ 18.278861881941868, 45.973382385490552 ], [ 18.278425023458972, 45.973382385490552 ], [ 18.278425023458972, 45.973491600111281 ], [ 18.278206594217522, 45.973491600111281 ], [ 18.278206594217522, 45.973600814732002 ], [ 18.278097379596797, 45.973600814732002 ], [ 18.278097379596797, 45.973710029352731 ], [ 18.277878950355351, 45.973710029352731 ], [ 18.277878950355351, 45.973819243973452 ], [ 18.277769735734626, 45.973819243973452 ], [ 18.277769735734626, 45.97392845859418 ], [ 18.277551306493176, 45.97392845859418 ], [ 18.277551306493176, 45.974037673214902 ], [ 18.277442091872455, 45.974037673214902 ], [ 18.277442091872455, 45.974146887835623 ], [ 18.27733287725173, 45.974146887835623 ], [ 18.27733287725173, 45.974256102456351 ], [ 18.277114448010281, 45.974256102456351 ], [ 18.277114448010281, 45.974365317077073 ], [ 18.277005233389556, 45.974365317077073 ], [ 18.277005233389556, 45.974474531697801 ], [ 18.276896018768831, 45.974474531697801 ], [ 18.276896018768831, 45.974583746318523 ], [ 18.276786804148109, 45.974583746318523 ], [ 18.276786804148109, 45.974692960939244 ], [ 18.276677589527385, 45.974692960939244 ], [ 18.276677589527385, 45.974802175559972 ], [ 18.27656837490666, 45.974802175559972 ], [ 18.27656837490666, 45.974911390180694 ], [ 18.27634994566521, 45.974911390180694 ], [ 18.27634994566521, 45.975020604801422 ], [ 18.276240731044485, 45.975020604801422 ], [ 18.276240731044485, 45.975129819422143 ], [ 18.276131516423764, 45.975129819422143 ], [ 18.276131516423764, 45.975239034042872 ], [ 18.276022301803039, 45.975239034042872 ], [ 18.276022301803039, 45.975348248663593 ], [ 18.275803872561589, 45.975348248663593 ], [ 18.275803872561589, 45.975457463284314 ], [ 18.275585443320139, 45.975457463284314 ] ] ] } },
{ "type": "Feature", "properties": { "parcel_id": 32, "area_ha": 11.21, "pixels": 1121 }, "geometry": { "type": "Polygon", "coordinates": [ [ [ 18.286179261530396, 45.975348248663593 ], [ 18.286179261530396, 45.975020604801422 ], [ 18.286070046909671, 45.975020604801422 ], [ 18.286070046909671, 45.974583746318523 ], [ 18.285742403047497, 45.974583746318523 ], [ 18.285742403047497, 45.975239034042872 ], [ 18.285633188426775, 45.975239034042872 ], [ 18.285633188426775, 45.974802175559972 ], [ 18.28552397380605, 45.974802175559972 ], [ 18.28552397380605, 45.974474531697801 ], [ 18.285633188426775, 45.974474531697801 ], [ 18.285633188426775, 45.974256102456351 ], [ 18.285742403047497, 45.974256102456351 ], [ 18.285742403047497, 45.974146887835623 ], [ 18.285851617668222, 45.974146887835623 ], [ 18.285851617668222, 45.974037673214902 ], [ 18.285960832288946, 45.974037673214902 ], [ 18.285960832288946, 45.973819243973452 ], [ 18.286070046909671, 45.973819243973452 ], [ 18.286070046909671, 45.973382385490552 ], [ 18.286179261530396, 45.973382385490552 ], [ 18.286179261530396, 45.972071810041868 ], [ 18.286070046909671, 45.972071810041868 ], [ 18.286070046909671, 45.971416522317519 ], [ 18.285960832288946, 45.971416522317519 ], [ 18.285960832288946, 45.971088878455348 ], [ 18.285851617668222, 45.971088878455348 ], [ 18.285851617668222, 45.970979663834619 ], [ 18.285742403047497, 45.970979663834619 ], [ 18.285742403047497, 45.970870449213898 ], [ 18.285414759185326, 45.970870449213898 ], [ 18.285414759185326, 45.970979663834619 ], [ 18.285196329943876, 45.970979663834619 ], [ 18.285196329943876, 45.970870449213898 ], [ 18.285087115323151, 45.970870449213898 ], [ 18.285087115323151, 45.970761234593176 ], [ 18.28497790070243, 45.970761234593176 ], [ 18.28497790070243, 45.970652019972448 ], [ 18.284868686081705, 45.970652019972448 ], [ 18.284868686081705, 45.970542805351727 ], [ 18.28475947146098, 45.970542805351727 ], [ 18.28475947146098, 45.970215161489556 ], [ 18.284650256840255, 45.970215161489556 ], [ 18.284650256840255, 45.970105946868827 ], [ 18.284104183736634, 45.970105946868827 ], [ 18.284104183736634, 45.970215161489556 ], [ 18.283558110633013, 45.970215161489556 ], [ 18.283558110633013, 45.970105946868827 ], [ 18.282793608287943, 45.970105946868827 ], [ 18.282793608287943, 45.970215161489556 ], [ 18.282684393667218, 45.970215161489556 ], [ 18.282684393667218, 45.970652019972448 ], [ 18.282575179046493, 45.970652019972448 ], [ 18.282575179046493, 45.970761234593176 ], [ 18.282465964425771, 45.970761234593176 ], [ 18.282465964425771, 45.970870449213898 ], [ 18.282356749805047, 45.970870449213898 ], [ 18.282356749805047, 45.970979663834619 ], [ 18.282138320563597, 45.970979663834619 ], [ 18.282138320563597, 45.971088878455348 ], [ 18.282029105942872, 45.971088878455348 ], [ 18.282029105942872, 45.971198093076069 ], [ 18.281919891322147, 45.971198093076069 ], [ 18.281919891322147, 45.971307307696797 ], [ 18.281810676701426, 45.971307307696797 ], [ 18.281810676701426, 45.971416522317519 ], [ 18.281592247459976, 45.971416522317519 ], [ 18.281592247459976, 45.97152573693824 ], [ 18.281483032839251, 45.97152573693824 ], [ 18.281483032839251, 45.971634951558968 ], [ 18.281264603597801, 45.971634951558968 ], [ 18.281264603597801, 45.97174416617969 ], [ 18.281046174356355, 45.97174416617969 ], [ 18.281046174356355, 45.971853380800418 ], [ 18.28071853049418, 45.971853380800418 ], [ 18.28071853049418, 45.97174416617969 ], [ 18.280390886632009, 45.97174416617969 ], [ 18.280390886632009, 45.971634951558968 ], [ 18.280281672011284, 45.971634951558968 ], [ 18.280281672011284, 45.97152573693824 ], [ 18.280390886632009, 45.97152573693824 ], [ 18.280390886632009, 45.971198093076069 ], [ 18.280500101252734, 45.971198093076069 ], [ 18.280500101252734, 45.971088878455348 ], [ 18.280827745114905, 45.971088878455348 ], [ 18.280827745114905, 45.970979663834619 ], [ 18.281046174356355, 45.970979663834619 ], [ 18.281046174356355, 45.970870449213898 ], [ 18.28115538897708, 45.970870449213898 ], [ 18.28115538897708, 45.970761234593176 ], [ 18.281264603597801, 45.970761234593176 ], [ 18.281264603597801, 45.970652019972448 ], [ 18.281373818218526, 45.970652019972448 ], [ 18.281373818218526, 45.970433590730998 ], [ 18.281264603597801, 45.970433590730998 ], [ 18.281264603597801, 45.970215161489556 ], [ 18.281373818218526, 45.970215161489556 ], [ 18.281373818218526, 45.970105946868827 ], [ 18.281810676701426, 45.970105946868827 ], [ 18.281810676701426, 45.969996732248106 ], [ 18.282029105942872, 45.969996732248106 ], [ 18.282029105942872, 45.969887517627377 ], [ 18.282247535184322, 45.969887517627377 ], [ 18.282247535184322, 45.969778303006656 ], [ 18.282793608287943, 45.969778303006656 ], [ 18.282793608287943, 45.969669088385928 ], [ 18.282902822908667, 45.969669088385928 ], [ 18.282902822908667, 45.969559873765206 ], [ 18.283012037529392, 45.969559873765206 ], [ 18.283012037529392, 45.969450659144485 ], [ 18.283121252150117, 45.969450659144485 ], [ 18.283121252150117, 45.969341444523756 ], [ 18.283339681391563, 45.969341444523756 ], [ 18.283339681391563, 45.969232229903035 ], [ 18.283776539874459, 45.969232229903035 ], [ 18.283776539874459, 45.969123015282307 ], [ 18.284104183736634, 45.969123015282307 ], [ 18.284104183736634, 45.969013800661585 ], [ 18.28475947146098, 45.969013800661585 ], [ 18.28475947146098, 45.969123015282307 ], [ 18.285087115323151, 45.969123015282307 ], [ 18.285087115323151, 45.969013800661585 ], [ 18.285414759185326, 45.969013800661585 ], [ 18.285414759185326, 45.968904586040864 ], [ 18.28552397380605, 45.968904586040864 ], [ 18.28552397380605, 45.968795371420136 ], [ 18.285633188426775, 45.968795371420136 ], [ 18.285633188426775, 45.968686156799414 ], [ 18.285742403047497, 45.968686156799414 ], [ 18.285742403047497, 45.968576942178686 ], [ 18.285960832288946, 45.968576942178686 ], [ 18.285960832288946, 45.968467727557965 ], [ 18.286179261530396, 45.968467727557965 ], [ 18.286179261530396, 45.968358512937236 ], [ 18.286397690771842, 45.968358512937236 ], [ 18.286397690771842, 45.968249298316515 ], [ 18.286506905392567, 45.968249298316515 ], [ 18.286506905392567, 45.968140083695793 ], [ 18.286616120013292, 45.968140083695793 ], [ 18.286616120013292, 45.968030869075065 ], [ 18.286725334634017, 45.968030869075065 ], [ 18.286725334634017, 45.967812439833615 ], [ 18.286834549254742, 45.967812439833615 ], [ 18.286834549254742, 45.968686156799414 ], [ 18.286943763875463, 45.968686156799414 ], [ 18.286943763875463, 45.968904586040864 ], [ 18.287052978496188, 45.968904586040864 ], [ 18.287052978496188, 45.972290239283311 ], [ 18.287162193116913, 45.972290239283311 ], [ 18.287162193116913, 45.972836312386931 ], [ 18.287052978496188, 45.972836312386931 ], [ 18.287052978496188, 45.973382385490552 ], [ 18.287162193116913, 45.973382385490552 ], [ 18.287162193116913, 45.974256102456351 ], [ 18.287052978496188, 45.974256102456351 ], [ 18.287052978496188, 45.974692960939244 ], [ 18.286943763875463, 45.974692960939244 ], [ 18.286943763875463, 45.97392845859418 ], [ 18.286725334634017, 45.97392845859418 ], [ 18.286725334634017, 45.974037673214902 ], [ 18.286616120013292, 45.974037673214902 ], [ 18.286616120013292, 45.974256102456351 ], [ 18.286506905392567, 45.974256102456351 ], [ 18.286506905392567, 45.974474531697801 ], [ 18.286397690771842, 45.974474531697801 ], [ 18.286397690771842, 45.974802175559972 ], [ 18.286288476151118, 45.974802175559972 ], [ 18.286288476151118, 45.975348248663593 ], [ 18.286179261530396, 45.975348248663593 ] ] ] } },
{ "type": "Feature", "properties": { "parcel_id": 33, "area_ha": 15.01, "pixels": 1501 }, "geometry": { "type": "Polygon", "coordinates": [ [ [ 18.24533299337952, 45.975239034042872 ], [ 18.24533299337952, 45.975129819422143 ], [ 18.245114564138071, 45.975129819422143 ], [ 18.245114564138071, 45.975020604801422 ], [ 18.244786920275896, 45.975020604801422 ], [ 18.244786920275896, 45.974911390180694 ], [ 18.24456849103445, 45.974911390180694 ], [ 18.24456849103445, 45.974802175559972 ], [ 18.244350061793, 45.974802175559972 ], [ 18.244350061793, 45.974692960939244 ], [ 18.244131632551554, 45.974692960939244 ], [ 18.244131632551554, 45.974583746318523 ], [ 18.243913203310104, 45.974583746318523 ], [ 18.243913203310104, 45.974474531697801 ], [ 18.243585559447929, 45.974474531697801 ], [ 18.243585559447929, 45.974365317077073 ], [ 18.243367130206483, 45.974365317077073 ], [ 18.243367130206483, 45.974146887835623 ], [ 18.243257915585758, 45.974146887835623 ], [ 18.243257915585758, 45.974037673214902 ], [ 18.243367130206483, 45.974037673214902 ], [ 18.243367130206483, 45.973491600111281 ], [ 18.243476344827208, 45.973491600111281 ], [ 18.243476344827208, 45.97294552700766 ], [ 18.243585559447929, 45.97294552700766 ], [ 18.243585559447929, 45.972836312386931 ], [ 18.243694774068654, 45.972836312386931 ], [ 18.243694774068654, 45.97272709776621 ], [ 18.243803988689379, 45.97272709776621 ], [ 18.243803988689379, 45.972617883145489 ], [ 18.243694774068654, 45.972617883145489 ], [ 18.243694774068654, 45.97250866852476 ], [ 18.243803988689379, 45.97250866852476 ], [ 18.243803988689379, 45.972399453904039 ], [ 18.243694774068654, 45.972399453904039 ], [ 18.243694774068654, 45.972181024662589 ], [ 18.243585559447929, 45.972181024662589 ], [ 18.243585559447929, 45.971853380800418 ], [ 18.243694774068654, 45.971853380800418 ], [ 18.243694774068654, 45.97174416617969 ], [ 18.243803988689379, 45.97174416617969 ], [ 18.243803988689379, 45.971634951558968 ], [ 18.244131632551554, 45.971634951558968 ], [ 18.244131632551554, 45.97152573693824 ], [ 18.244350061793, 45.97152573693824 ], [ 18.244350061793, 45.971634951558968 ], [ 18.244786920275896, 45.971634951558968 ], [ 18.244786920275896, 45.97152573693824 ], [ 18.244896134896621, 45.97152573693824 ], [ 18.244896134896621, 45.971634951558968 ], [ 18.245005349517346, 45.971634951558968 ], [ 18.245005349517346, 45.97174416617969 ], [ 18.245660637241691, 45.97174416617969 ], [ 18.245660637241691, 45.971853380800418 ], [ 18.245879066483141, 45.971853380800418 ], [ 18.245879066483141, 45.971962595421139 ], [ 18.246097495724587, 45.971962595421139 ], [ 18.246097495724587, 45.972071810041868 ], [ 18.246425139586762, 45.972071810041868 ], [ 18.246425139586762, 45.972181024662589 ], [ 18.246643568828212, 45.972181024662589 ], [ 18.246643568828212, 45.972071810041868 ], [ 18.246971212690383, 45.972071810041868 ], [ 18.246971212690383, 45.971962595421139 ], [ 18.247735715035454, 45.971962595421139 ], [ 18.247735715035454, 45.972071810041868 ], [ 18.2479541442769, 45.972071810041868 ], [ 18.2479541442769, 45.972181024662589 ], [ 18.248281788139074, 45.972181024662589 ], [ 18.248281788139074, 45.972071810041868 ], [ 18.248391002759799, 45.972071810041868 ], [ 18.248391002759799, 45.971853380800418 ], [ 18.248281788139074, 45.971853380800418 ], [ 18.248281788139074, 45.97174416617969 ], [ 18.24817257351835, 45.97174416617969 ], [ 18.24817257351835, 45.971634951558968 ], [ 18.248063358897625, 45.971634951558968 ], [ 18.248063358897625, 45.971307307696797 ], [ 18.248827861242695, 45.971307307696797 ], [ 18.248827861242695, 45.971634951558968 ], [ 18.24893707586342, 45.971634951558968 ], [ 18.24893707586342, 45.971962595421139 ], [ 18.249046290484145, 45.971962595421139 ], [ 18.249046290484145, 45.972071810041868 ], [ 18.24915550510487, 45.972071810041868 ], [ 18.24915550510487, 45.972181024662589 ], [ 18.249483148967041, 45.972181024662589 ], [ 18.249483148967041, 45.972290239283311 ], [ 18.250247651312112, 45.972290239283311 ], [ 18.250247651312112, 45.972399453904039 ], [ 18.250793724415733, 45.972399453904039 ], [ 18.250793724415733, 45.97250866852476 ], [ 18.251121368277904, 45.97250866852476 ], [ 18.251121368277904, 45.972617883145489 ], [ 18.251230582898629, 45.972617883145489 ], [ 18.251230582898629, 45.97272709776621 ], [ 18.251339797519353, 45.97272709776621 ], [ 18.251339797519353, 45.973054741628381 ], [ 18.251230582898629, 45.973054741628381 ], [ 18.251230582898629, 45.97316395624911 ], [ 18.251121368277904, 45.97316395624911 ], [ 18.251121368277904, 45.973273170869831 ], [ 18.250356865932837, 45.973273170869831 ], [ 18.250356865932837, 45.97316395624911 ], [ 18.249920007449937, 45.97316395624911 ], [ 18.249920007449937, 45.973054741628381 ], [ 18.249483148967041, 45.973054741628381 ], [ 18.249483148967041, 45.97294552700766 ], [ 18.24915550510487, 45.97294552700766 ], [ 18.24915550510487, 45.972836312386931 ], [ 18.248827861242695, 45.972836312386931 ], [ 18.248827861242695, 45.97272709776621 ], [ 18.248500217380524, 45.97272709776621 ], [ 18.248500217380524, 45.972836312386931 ], [ 18.248281788139074, 45.972836312386931 ], [ 18.248281788139074, 45.97294552700766 ], [ 18.24817257351835, 45.97294552700766 ], [ 18.24817257351835, 45.973382385490552 ], [ 18.248063358897625, 45.973382385490552 ], [ 18.248063358897625, 45.973819243973452 ], [ 18.24817257351835, 45.973819243973452 ], [ 18.24817257351835, 45.974037673214902 ], [ 18.248281788139074, 45.974037673214902 ], [ 18.248281788139074, 45.974146887835623 ], [ 18.248391002759799, 45.974146887835623 ], [ 18.248391002759799, 45.974256102456351 ], [ 18.248500217380524, 45.974256102456351 ], [ 18.248500217380524, 45.974365317077073 ], [ 18.248609432001246, 45.974365317077073 ], [ 18.248609432001246, 45.974474531697801 ], [ 18.24871864662197, 45.974474531697801 ], [ 18.24871864662197, 45.974583746318523 ], [ 18.248827861242695, 45.974583746318523 ], [ 18.248827861242695, 45.974911390180694 ], [ 18.24871864662197, 45.974911390180694 ], [ 18.24871864662197, 45.975020604801422 ], [ 18.248609432001246, 45.975020604801422 ], [ 18.248609432001246, 45.975129819422143 ], [ 18.248391002759799, 45.975129819422143 ], [ 18.248391002759799, 45.975239034042872 ], [ 18.247408071173279, 45.975239034042872 ], [ 18.247408071173279, 45.975129819422143 ], [ 18.247080427311108, 45.975129819422143 ], [ 18.247080427311108, 45.975020604801422 ], [ 18.245660637241691, 45.975020604801422 ], [ 18.245660637241691, 45.975129819422143 ], [ 18.245442208000242, 45.975129819422143 ], [ 18.245442208000242, 45.975239034042872 ], [ 18.24533299337952, 45.975239034042872 ] ] ] } },
{ "type": "Feature", "properties": { "parcel_id": 34, "area_ha": 12.15, "pixels": 1215 }, "geometry": { "type": "Polygon", "coordinates": [ [ [ 18.242930271723584, 45.973819243973452 ], [ 18.242930271723584, 45.973273170869831 ], [ 18.242821057102862, 45.973273170869831 ], [ 18.242821057102862, 45.973054741628381 ], [ 18.242711842482137, 45.973054741628381 ], [ 18.242711842482137, 45.97294552700766 ], [ 18.242602627861412, 45.97294552700766 ], [ 18.242602627861412, 45.972836312386931 ], [ 18.242384198619963, 45.972836312386931 ], [ 18.242384198619963, 45.97272709776621 ], [ 18.242056554757792, 45.97272709776621 ], [ 18.242056554757792, 45.972617883145489 ], [ 18.241728910895617, 45.972617883145489 ], [ 18.241728910895617, 45.97250866852476 ], [ 18.2407459793091, 45.97250866852476 ], [ 18.2407459793091, 45.972399453904039 ], [ 18.24052755006765, 45.972399453904039 ], [ 18.24052755006765, 45.972290239283311 ], [ 18.240309120826204, 45.972290239283311 ], [ 18.240309120826204, 45.972181024662589 ], [ 18.239981476964029, 45.972181024662589 ], [ 18.239981476964029, 45.972290239283311 ], [ 18.238889330756788, 45.972290239283311 ], [ 18.238889330756788, 45.972181024662589 ], [ 18.238561686894613, 45.972181024662589 ], [ 18.238561686894613, 45.972071810041868 ], [ 18.238234043032442, 45.972071810041868 ], [ 18.238234043032442, 45.971962595421139 ], [ 18.238015613790992, 45.971962595421139 ], [ 18.238015613790992, 45.971853380800418 ], [ 18.237797184549546, 45.971853380800418 ], [ 18.237797184549546, 45.97174416617969 ], [ 18.237687969928821, 45.97174416617969 ], [ 18.237687969928821, 45.971198093076069 ], [ 18.237578755308096, 45.971198093076069 ], [ 18.237578755308096, 45.970870449213898 ], [ 18.237469540687371, 45.970870449213898 ], [ 18.237469540687371, 45.970652019972448 ], [ 18.237687969928821, 45.970652019972448 ], [ 18.237687969928821, 45.970542805351727 ], [ 18.238124828411717, 45.970542805351727 ], [ 18.238124828411717, 45.970433590730998 ], [ 18.238670901515338, 45.970433590730998 ], [ 18.238670901515338, 45.970324376110277 ], [ 18.238780116136063, 45.970324376110277 ], [ 18.238780116136063, 45.970215161489556 ], [ 18.238889330756788, 45.970215161489556 ], [ 18.238889330756788, 45.969996732248106 ], [ 18.238780116136063, 45.969996732248106 ], [ 18.238780116136063, 45.969887517627377 ], [ 18.238561686894613, 45.969887517627377 ], [ 18.238561686894613, 45.969778303006656 ], [ 18.238452472273892, 45.969778303006656 ], [ 18.238452472273892, 45.969669088385928 ], [ 18.238343257653167, 45.969669088385928 ], [ 18.238343257653167, 45.969559873765206 ], [ 18.238234043032442, 45.969559873765206 ], [ 18.238234043032442, 45.969450659144485 ], [ 18.238124828411717, 45.969450659144485 ], [ 18.238124828411717, 45.969123015282307 ], [ 18.238234043032442, 45.969123015282307 ], [ 18.238234043032442, 45.969013800661585 ], [ 18.238670901515338, 45.969013800661585 ], [ 18.238670901515338, 45.968904586040864 ], [ 18.239544618481133, 45.968904586040864 ], [ 18.239544618481133, 45.969013800661585 ], [ 18.23976304772258, 45.969013800661585 ], [ 18.23976304772258, 45.969123015282307 ], [ 18.239981476964029, 45.969123015282307 ], [ 18.239981476964029, 45.969232229903035 ], [ 18.240855193929825, 45.969232229903035 ], [ 18.240855193929825, 45.969450659144485 ], [ 18.239653833101858, 45.969450659144485 ], [ 18.239653833101858, 45.969559873765206 ], [ 18.239326189239684, 45.969559873765206 ], [ 18.239326189239684, 45.969669088385928 ], [ 18.239107759998234, 45.969669088385928 ], [ 18.239107759998234, 45.969778303006656 ], [ 18.238998545377513, 45.969778303006656 ], [ 18.238998545377513, 45.969996732248106 ], [ 18.239107759998234, 45.969996732248106 ], [ 18.239107759998234, 45.970105946868827 ], [ 18.239216974618959, 45.970105946868827 ], [ 18.239216974618959, 45.970215161489556 ], [ 18.239435403860409, 45.970215161489556 ], [ 18.239435403860409, 45.970324376110277 ], [ 18.243803988689379, 45.970324376110277 ], [ 18.243803988689379, 45.970433590730998 ], [ 18.24456849103445, 45.970433590730998 ], [ 18.24456849103445, 45.970542805351727 ], [ 18.243585559447929, 45.970542805351727 ], [ 18.243585559447929, 45.970652019972448 ], [ 18.242930271723584, 45.970652019972448 ], [ 18.242930271723584, 45.970870449213898 ], [ 18.243367130206483, 45.970870449213898 ], [ 18.243367130206483, 45.970979663834619 ], [ 18.243585559447929, 45.970979663834619 ], [ 18.243585559447929, 45.971088878455348 ], [ 18.244131632551554, 45.971088878455348 ], [ 18.244131632551554, 45.971198093076069 ], [ 18.24456849103445, 45.971198093076069 ], [ 18.24456849103445, 45.971307307696797 ], [ 18.244677705655175, 45.971307307696797 ], [ 18.244677705655175, 45.971416522317519 ], [ 18.244786920275896, 45.971416522317519 ], [ 18.244786920275896, 45.971634951558968 ], [ 18.244350061793, 45.971634951558968 ], [ 18.244350061793, 45.97152573693824 ], [ 18.244131632551554, 45.97152573693824 ], [ 18.244131632551554, 45.971634951558968 ], [ 18.243803988689379, 45.971634951558968 ], [ 18.243803988689379, 45.97174416617969 ], [ 18.243694774068654, 45.97174416617969 ], [ 18.243694774068654, 45.971853380800418 ], [ 18.243585559447929, 45.971853380800418 ], [ 18.243585559447929, 45.972181024662589 ], [ 18.243694774068654, 45.972181024662589 ], [ 18.243694774068654, 45.972399453904039 ], [ 18.243803988689379, 45.972399453904039 ], [ 18.243803988689379, 45.97250866852476 ], [ 18.243585559447929, 45.97250866852476 ], [ 18.243585559447929, 45.972399453904039 ], [ 18.243148700965033, 45.972399453904039 ], [ 18.243148700965033, 45.97272709776621 ], [ 18.243039486344308, 45.97272709776621 ], [ 18.243039486344308, 45.973273170869831 ], [ 18.243148700965033, 45.973273170869831 ], [ 18.243148700965033, 45.973600814732002 ], [ 18.243039486344308, 45.973600814732002 ], [ 18.243039486344308, 45.973819243973452 ], [ 18.242930271723584, 45.973819243973452 ] ] ] } },
{ "type": "Feature", "properties": { "parcel_id": 35, "area_ha": 11.59, "pixels": 1159 }, "geometry": { "type": "Polygon", "coordinates": [ [ [ 18.251230582898629, 45.97316395624911 ], [ 18.251230582898629, 45.973054741628381 ], [ 18.251339797519353, 45.973054741628381 ], [ 18.251339797519353, 45.97272709776621 ], [ 18.251230582898629, 45.97272709776621 ], [ 18.251230582898629, 45.972617883145489 ], [ 18.251121368277904, 45.972617883145489 ], [ 18.251121368277904, 45.97250866852476 ], [ 18.250793724415733, 45.97250866852476 ], [ 18.250793724415733, 45.972399453904039 ], [ 18.250247651312112, 45.972399453904039 ], [ 18.250247651312112, 45.972290239283311 ], [ 18.249483148967041, 45.972290239283311 ], [ 18.249483148967041, 45.972181024662589 ], [ 18.24915550510487, 45.972181024662589 ], [ 18.24915550510487, 45.972071810041868 ], [ 18.249046290484145, 45.972071810041868 ], [ 18.249046290484145, 45.971962595421139 ], [ 18.24893707586342, 45.971962595421139 ], [ 18.24893707586342, 45.971634951558968 ], [ 18.248827861242695, 45.971634951558968 ], [ 18.248827861242695, 45.971198093076069 ], [ 18.24893707586342, 45.971198093076069 ], [ 18.24893707586342, 45.971088878455348 ], [ 18.249046290484145, 45.971088878455348 ], [ 18.249046290484145, 45.970870449213898 ], [ 18.24893707586342, 45.970870449213898 ], [ 18.24893707586342, 45.970761234593176 ], [ 18.248827861242695, 45.970761234593176 ], [ 18.248827861242695, 45.970652019972448 ], [ 18.24817257351835, 45.970652019972448 ], [ 18.24817257351835, 45.970542805351727 ], [ 18.248500217380524, 45.970542805351727 ], [ 18.248500217380524, 45.970433590730998 ], [ 18.24893707586342, 45.970433590730998 ], [ 18.24893707586342, 45.970324376110277 ], [ 18.24915550510487, 45.970324376110277 ], [ 18.24915550510487, 45.970215161489556 ], [ 18.249373934346316, 45.970215161489556 ], [ 18.249373934346316, 45.970105946868827 ], [ 18.249592363587766, 45.970105946868827 ], [ 18.249592363587766, 45.969996732248106 ], [ 18.249810792829212, 45.969996732248106 ], [ 18.249810792829212, 45.969887517627377 ], [ 18.249920007449937, 45.969887517627377 ], [ 18.249920007449937, 45.969778303006656 ], [ 18.250029222070662, 45.969778303006656 ], [ 18.250029222070662, 45.969450659144485 ], [ 18.250138436691387, 45.969450659144485 ], [ 18.250138436691387, 45.969341444523756 ], [ 18.250247651312112, 45.969341444523756 ], [ 18.250247651312112, 45.969232229903035 ], [ 18.250356865932837, 45.969232229903035 ], [ 18.250356865932837, 45.969123015282307 ], [ 18.250575295174283, 45.969123015282307 ], [ 18.250575295174283, 45.969013800661585 ], [ 18.250684509795008, 45.969013800661585 ], [ 18.250684509795008, 45.968249298316515 ], [ 18.250575295174283, 45.968249298316515 ], [ 18.250575295174283, 45.968140083695793 ], [ 18.250356865932837, 45.968140083695793 ], [ 18.250356865932837, 45.968030869075065 ], [ 18.250029222070662, 45.968030869075065 ], [ 18.250029222070662, 45.967921654454344 ], [ 18.249920007449937, 45.967921654454344 ], [ 18.249920007449937, 45.967812439833615 ], [ 18.249810792829212, 45.967812439833615 ], [ 18.249810792829212, 45.967703225212894 ], [ 18.249920007449937, 45.967703225212894 ], [ 18.249920007449937, 45.967484795971444 ], [ 18.250029222070662, 45.967484795971444 ], [ 18.250029222070662, 45.967157152109273 ], [ 18.249810792829212, 45.967157152109273 ], [ 18.249810792829212, 45.967047937488552 ], [ 18.249701578208491, 45.967047937488552 ], [ 18.249701578208491, 45.966938722867823 ], [ 18.249920007449937, 45.966938722867823 ], [ 18.249920007449937, 45.967047937488552 ], [ 18.250575295174283, 45.967047937488552 ], [ 18.250575295174283, 45.966938722867823 ], [ 18.250902939036457, 45.966938722867823 ], [ 18.250902939036457, 45.967047937488552 ], [ 18.25254115834732, 45.967047937488552 ], [ 18.25254115834732, 45.967157152109273 ], [ 18.252978016830216, 45.967157152109273 ], [ 18.252978016830216, 45.967047937488552 ], [ 18.253196446071666, 45.967047937488552 ], [ 18.253196446071666, 45.967266366729994 ], [ 18.253087231450941, 45.967266366729994 ], [ 18.253087231450941, 45.967921654454344 ], [ 18.252978016830216, 45.967921654454344 ], [ 18.252978016830216, 45.968249298316515 ], [ 18.253087231450941, 45.968249298316515 ], [ 18.253087231450941, 45.968686156799414 ], [ 18.253196446071666, 45.968686156799414 ], [ 18.253196446071666, 45.969123015282307 ], [ 18.253305660692391, 45.969123015282307 ], [ 18.253305660692391, 45.969450659144485 ], [ 18.253196446071666, 45.969450659144485 ], [ 18.253196446071666, 45.969669088385928 ], [ 18.253087231450941, 45.969669088385928 ], [ 18.253087231450941, 45.969778303006656 ], [ 18.253196446071666, 45.969778303006656 ], [ 18.253196446071666, 45.969996732248106 ], [ 18.253305660692391, 45.969996732248106 ], [ 18.253305660692391, 45.970105946868827 ], [ 18.253087231450941, 45.970105946868827 ], [ 18.253087231450941, 45.969996732248106 ], [ 18.252868802209495, 45.969996732248106 ], [ 18.252868802209495, 45.969887517627377 ], [ 18.252104299864424, 45.969887517627377 ], [ 18.252104299864424, 45.969996732248106 ], [ 18.251995085243699, 45.969996732248106 ], [ 18.251995085243699, 45.970105946868827 ], [ 18.251885870622974, 45.970105946868827 ], [ 18.251885870622974, 45.971307307696797 ], [ 18.251776656002249, 45.971307307696797 ], [ 18.251776656002249, 45.971416522317519 ], [ 18.249264719725591, 45.971416522317519 ], [ 18.249264719725591, 45.97152573693824 ], [ 18.24915550510487, 45.97152573693824 ], [ 18.24915550510487, 45.971634951558968 ], [ 18.249046290484145, 45.971634951558968 ], [ 18.249046290484145, 45.971853380800418 ], [ 18.24915550510487, 45.971853380800418 ], [ 18.24915550510487, 45.971962595421139 ], [ 18.249264719725591, 45.971962595421139 ], [ 18.249264719725591, 45.972071810041868 ], [ 18.251121368277904, 45.972071810041868 ], [ 18.251121368277904, 45.972181024662589 ], [ 18.251558226760803, 45.972181024662589 ], [ 18.251558226760803, 45.972290239283311 ], [ 18.251667441381528, 45.972290239283311 ], [ 18.251667441381528, 45.972399453904039 ], [ 18.251776656002249, 45.972399453904039 ], [ 18.251776656002249, 45.97272709776621 ], [ 18.251667441381528, 45.97272709776621 ], [ 18.251667441381528, 45.97294552700766 ], [ 18.251558226760803, 45.97294552700766 ], [ 18.251558226760803, 45.97316395624911 ], [ 18.251230582898629, 45.97316395624911 ] ] ] } },
{ "type": "Feature", "properties": { "parcel_id": 36, "area_ha": 17.3, "pixels": 1730 }, "geometry": { "type": "Polygon", "coordinates": [ [ [ 18.275367014078693, 45.97294552700766 ], [ 18.275367014078693, 45.972836312386931 ], [ 18.275148584837243, 45.972836312386931 ], [ 18.275148584837243, 45.97272709776621 ], [ 18.274930155595797, 45.97272709776621 ], [ 18.274930155595797, 45.972617883145489 ], [ 18.274711726354347, 45.972617883145489 ], [ 18.274711726354347, 45.97250866852476 ], [ 18.274493297112897, 45.97250866852476 ], [ 18.274493297112897, 45.972399453904039 ], [ 18.274384082492173, 45.972399453904039 ], [ 18.274384082492173, 45.972290239283311 ], [ 18.274165653250726, 45.972290239283311 ], [ 18.274165653250726, 45.972181024662589 ], [ 18.27296429242276, 45.972181024662589 ], [ 18.27296429242276, 45.972071810041868 ], [ 18.27252743393986, 45.972071810041868 ], [ 18.27252743393986, 45.971962595421139 ], [ 18.272199790077689, 45.971962595421139 ], [ 18.272199790077689, 45.971853380800418 ], [ 18.271981360836239, 45.971853380800418 ], [ 18.271981360836239, 45.97174416617969 ], [ 18.271762931594793, 45.97174416617969 ], [ 18.271762931594793, 45.971634951558968 ], [ 18.271653716974068, 45.971634951558968 ], [ 18.271653716974068, 45.97152573693824 ], [ 18.271435287732618, 45.97152573693824 ], [ 18.271435287732618, 45.971416522317519 ], [ 18.271216858491169, 45.971416522317519 ], [ 18.271216858491169, 45.971307307696797 ], [ 18.270889214628998, 45.971307307696797 ], [ 18.270889214628998, 45.971198093076069 ], [ 18.270780000008273, 45.971198093076069 ], [ 18.270780000008273, 45.971088878455348 ], [ 18.270670785387548, 45.971088878455348 ], [ 18.270670785387548, 45.970979663834619 ], [ 18.270561570766823, 45.970979663834619 ], [ 18.270561570766823, 45.970105946868827 ], [ 18.270670785387548, 45.970105946868827 ], [ 18.270670785387548, 45.969887517627377 ], [ 18.270780000008273, 45.969887517627377 ], [ 18.270780000008273, 45.969778303006656 ], [ 18.270889214628998, 45.969778303006656 ], [ 18.270889214628998, 45.969669088385928 ], [ 18.270998429249723, 45.969669088385928 ], [ 18.270998429249723, 45.969013800661585 ], [ 18.271107643870447, 45.969013800661585 ], [ 18.271107643870447, 45.968795371420136 ], [ 18.271216858491169, 45.968795371420136 ], [ 18.271216858491169, 45.968686156799414 ], [ 18.271326073111894, 45.968686156799414 ], [ 18.271326073111894, 45.968576942178686 ], [ 18.271544502353343, 45.968576942178686 ], [ 18.271544502353343, 45.968467727557965 ], [ 18.271762931594793, 45.968467727557965 ], [ 18.271762931594793, 45.968358512937236 ], [ 18.271872146215514, 45.968358512937236 ], [ 18.271872146215514, 45.968140083695793 ], [ 18.272309004698414, 45.968140083695793 ], [ 18.272309004698414, 45.968030869075065 ], [ 18.27252743393986, 45.968030869075065 ], [ 18.27252743393986, 45.968140083695793 ], [ 18.272855077802035, 45.968140083695793 ], [ 18.272855077802035, 45.968358512937236 ], [ 18.273182721664206, 45.968358512937236 ], [ 18.273182721664206, 45.968467727557965 ], [ 18.273619580147106, 45.968467727557965 ], [ 18.273619580147106, 45.968576942178686 ], [ 18.274056438630002, 45.968576942178686 ], [ 18.274056438630002, 45.968686156799414 ], [ 18.274384082492173, 45.968686156799414 ], [ 18.274384082492173, 45.968795371420136 ], [ 18.274602511733622, 45.968795371420136 ], [ 18.274602511733622, 45.968904586040864 ], [ 18.274930155595797, 45.968904586040864 ], [ 18.274930155595797, 45.969013800661585 ], [ 18.275367014078693, 45.969013800661585 ], [ 18.275367014078693, 45.969123015282307 ], [ 18.276240731044485, 45.969123015282307 ], [ 18.276240731044485, 45.969232229903035 ], [ 18.27656837490666, 45.969232229903035 ], [ 18.27656837490666, 45.969341444523756 ], [ 18.276677589527385, 45.969341444523756 ], [ 18.276677589527385, 45.969559873765206 ], [ 18.276786804148109, 45.969559873765206 ], [ 18.276786804148109, 45.969996732248106 ], [ 18.276896018768831, 45.969996732248106 ], [ 18.276896018768831, 45.970652019972448 ], [ 18.277005233389556, 45.970652019972448 ], [ 18.277005233389556, 45.971198093076069 ], [ 18.276896018768831, 45.971198093076069 ], [ 18.276896018768831, 45.971416522317519 ], [ 18.276786804148109, 45.971416522317519 ], [ 18.276786804148109, 45.97152573693824 ], [ 18.276677589527385, 45.97152573693824 ], [ 18.276677589527385, 45.971634951558968 ], [ 18.27656837490666, 45.971634951558968 ], [ 18.27656837490666, 45.97174416617969 ], [ 18.276459160285935, 45.97174416617969 ], [ 18.276459160285935, 45.971853380800418 ], [ 18.27634994566521, 45.971853380800418 ], [ 18.27634994566521, 45.971962595421139 ], [ 18.276240731044485, 45.971962595421139 ], [ 18.276240731044485, 45.972071810041868 ], [ 18.276131516423764, 45.972071810041868 ], [ 18.276131516423764, 45.972181024662589 ], [ 18.276022301803039, 45.972181024662589 ], [ 18.276022301803039, 45.972399453904039 ], [ 18.275913087182314, 45.972399453904039 ], [ 18.275913087182314, 45.97250866852476 ], [ 18.275803872561589, 45.97250866852476 ], [ 18.275803872561589, 45.97272709776621 ], [ 18.275694657940864, 45.97272709776621 ], [ 18.275694657940864, 45.972836312386931 ], [ 18.275476228699418, 45.972836312386931 ], [ 18.275476228699418, 45.97294552700766 ], [ 18.275367014078693, 45.97294552700766 ] ] ] } },
{ "type": "Feature", "properties": { "parcel_id": 37, "area_ha": 5.97, "pixels": 597 }, "geometry": { "type": "Polygon", "coordinates": [ [ [ 18.278315808838247, 45.97294552700766 ], [ 18.278315808838247, 45.972836312386931 ], [ 18.278097379596797, 45.972836312386931 ], [ 18.278097379596797, 45.97272709776621 ], [ 18.277769735734626, 45.97272709776621 ], [ 18.277769735734626, 45.972617883145489 ], [ 18.277660521113901, 45.972617883145489 ], [ 18.277660521113901, 45.972071810041868 ], [ 18.277769735734626, 45.972071810041868 ], [ 18.277769735734626, 45.971962595421139 ], [ 18.277988164976076, 45.971962595421139 ], [ 18.277988164976076, 45.971853380800418 ], [ 18.278097379596797, 45.971853380800418 ], [ 18.278097379596797, 45.97174416617969 ], [ 18.278206594217522, 45.97174416617969 ], [ 18.278206594217522, 45.97152573693824 ], [ 18.278315808838247, 45.97152573693824 ], [ 18.278315808838247, 45.971307307696797 ], [ 18.278206594217522, 45.971307307696797 ], [ 18.278206594217522, 45.971198093076069 ], [ 18.277660521113901, 45.971198093076069 ], [ 18.277660521113901, 45.971307307696797 ], [ 18.277551306493176, 45.971307307696797 ], [ 18.277551306493176, 45.971416522317519 ], [ 18.27733287725173, 45.971416522317519 ], [ 18.27733287725173, 45.970979663834619 ], [ 18.277223662631005, 45.970979663834619 ], [ 18.277223662631005, 45.970105946868827 ], [ 18.277114448010281, 45.970105946868827 ], [ 18.277114448010281, 45.969450659144485 ], [ 18.277223662631005, 45.969450659144485 ], [ 18.277223662631005, 45.969669088385928 ], [ 18.27733287725173, 45.969669088385928 ], [ 18.27733287725173, 45.969778303006656 ], [ 18.277442091872455, 45.969778303006656 ], [ 18.277442091872455, 45.969887517627377 ], [ 18.277551306493176, 45.969887517627377 ], [ 18.277551306493176, 45.969996732248106 ], [ 18.277878950355351, 45.969996732248106 ], [ 18.277878950355351, 45.969887517627377 ], [ 18.277988164976076, 45.969887517627377 ], [ 18.277988164976076, 45.969669088385928 ], [ 18.278097379596797, 45.969669088385928 ], [ 18.278097379596797, 45.969559873765206 ], [ 18.278206594217522, 45.969559873765206 ], [ 18.278206594217522, 45.969450659144485 ], [ 18.278315808838247, 45.969450659144485 ], [ 18.278315808838247, 45.969341444523756 ], [ 18.278425023458972, 45.969341444523756 ], [ 18.278425023458972, 45.969232229903035 ], [ 18.278534238079697, 45.969232229903035 ], [ 18.278534238079697, 45.969123015282307 ], [ 18.278643452700422, 45.969123015282307 ], [ 18.278643452700422, 45.968904586040864 ], [ 18.278752667321143, 45.968904586040864 ], [ 18.278752667321143, 45.968795371420136 ], [ 18.279080311183318, 45.968795371420136 ], [ 18.279080311183318, 45.968904586040864 ], [ 18.279189525804043, 45.968904586040864 ], [ 18.279189525804043, 45.969013800661585 ], [ 18.279298740424768, 45.969013800661585 ], [ 18.279298740424768, 45.969341444523756 ], [ 18.279407955045489, 45.969341444523756 ], [ 18.279407955045489, 45.969778303006656 ], [ 18.279517169666214, 45.969778303006656 ], [ 18.279517169666214, 45.969996732248106 ], [ 18.279626384286939, 45.969996732248106 ], [ 18.279626384286939, 45.970105946868827 ], [ 18.279735598907664, 45.970105946868827 ], [ 18.279735598907664, 45.970215161489556 ], [ 18.279844813528388, 45.970215161489556 ], [ 18.279844813528388, 45.970433590730998 ], [ 18.279954028149113, 45.970433590730998 ], [ 18.279954028149113, 45.971088878455348 ], [ 18.279844813528388, 45.971088878455348 ], [ 18.279844813528388, 45.971198093076069 ], [ 18.279735598907664, 45.971198093076069 ], [ 18.279735598907664, 45.971307307696797 ], [ 18.279517169666214, 45.971307307696797 ], [ 18.279517169666214, 45.971416522317519 ], [ 18.279407955045489, 45.971416522317519 ], [ 18.279407955045489, 45.972071810041868 ], [ 18.279517169666214, 45.972071810041868 ], [ 18.279517169666214, 45.97250866852476 ], [ 18.279407955045489, 45.97250866852476 ], [ 18.279407955045489, 45.972617883145489 ], [ 18.279298740424768, 45.972617883145489 ], [ 18.279298740424768, 45.97272709776621 ], [ 18.279189525804043, 45.97272709776621 ], [ 18.279189525804043, 45.972836312386931 ], [ 18.278971096562593, 45.972836312386931 ], [ 18.278971096562593, 45.97294552700766 ], [ 18.278315808838247, 45.97294552700766 ] ] ] } },
{ "type": "Feature", "properties": { "parcel_id": 38, "area_ha": 17.32, "pixels": 1732 }, "geometry": { "type": "Polygon", "coordinates": [ [ [ 18.279844813528388, 45.97250866852476 ], [ 18.279844813528388, 45.971634951558968 ], [ 18.279954028149113, 45.971634951558968 ], [ 18.279954028149113, 45.971416522317519 ], [ 18.280063242769835, 45.971416522317519 ], [ 18.280063242769835, 45.971088878455348 ], [ 18.28017245739056, 45.971088878455348 ], [ 18.28017245739056, 45.970215161489556 ], [ 18.280500101252734, 45.970215161489556 ], [ 18.280500101252734, 45.970105946868827 ], [ 18.280609315873459, 45.970105946868827 ], [ 18.280609315873459, 45.969887517627377 ], [ 18.280390886632009, 45.969887517627377 ], [ 18.280390886632009, 45.969778303006656 ], [ 18.280281672011284, 45.969778303006656 ], [ 18.280281672011284, 45.969669088385928 ], [ 18.28017245739056, 45.969669088385928 ], [ 18.28017245739056, 45.969450659144485 ], [ 18.280063242769835, 45.969450659144485 ], [ 18.280063242769835, 45.969341444523756 ], [ 18.279954028149113, 45.969341444523756 ], [ 18.279954028149113, 45.969232229903035 ], [ 18.279844813528388, 45.969232229903035 ], [ 18.279844813528388, 45.969123015282307 ], [ 18.279735598907664, 45.969123015282307 ], [ 18.279735598907664, 45.969013800661585 ], [ 18.279626384286939, 45.969013800661585 ], [ 18.279626384286939, 45.968795371420136 ], [ 18.279517169666214, 45.968795371420136 ], [ 18.279517169666214, 45.968686156799414 ], [ 18.279407955045489, 45.968686156799414 ], [ 18.279407955045489, 45.968467727557965 ], [ 18.279626384286939, 45.968467727557965 ], [ 18.279626384286939, 45.968358512937236 ], [ 18.280281672011284, 45.968358512937236 ], [ 18.280281672011284, 45.968249298316515 ], [ 18.28071853049418, 45.968249298316515 ], [ 18.28071853049418, 45.968140083695793 ], [ 18.28017245739056, 45.968140083695793 ], [ 18.28017245739056, 45.968249298316515 ], [ 18.279517169666214, 45.968249298316515 ], [ 18.279517169666214, 45.968140083695793 ], [ 18.279298740424768, 45.968140083695793 ], [ 18.279298740424768, 45.967921654454344 ], [ 18.279189525804043, 45.967921654454344 ], [ 18.279189525804043, 45.967812439833615 ], [ 18.279080311183318, 45.967812439833615 ], [ 18.279080311183318, 45.967703225212894 ], [ 18.278971096562593, 45.967703225212894 ], [ 18.278971096562593, 45.967594010592173 ], [ 18.278861881941868, 45.967594010592173 ], [ 18.278861881941868, 45.967484795971444 ], [ 18.278752667321143, 45.967484795971444 ], [ 18.278752667321143, 45.967266366729994 ], [ 18.278861881941868, 45.967266366729994 ], [ 18.278861881941868, 45.967375581350723 ], [ 18.278971096562593, 45.967375581350723 ], [ 18.278971096562593, 45.967484795971444 ], [ 18.279189525804043, 45.967484795971444 ], [ 18.279189525804043, 45.967594010592173 ], [ 18.279298740424768, 45.967594010592173 ], [ 18.279298740424768, 45.967812439833615 ], [ 18.279407955045489, 45.967812439833615 ], [ 18.279407955045489, 45.967921654454344 ], [ 18.279517169666214, 45.967921654454344 ], [ 18.279517169666214, 45.968030869075065 ], [ 18.28017245739056, 45.968030869075065 ], [ 18.28017245739056, 45.967921654454344 ], [ 18.28071853049418, 45.967921654454344 ], [ 18.28071853049418, 45.967812439833615 ], [ 18.281483032839251, 45.967812439833615 ], [ 18.281483032839251, 45.967921654454344 ], [ 18.281592247459976, 45.967921654454344 ], [ 18.281592247459976, 45.968030869075065 ], [ 18.281919891322147, 45.968030869075065 ], [ 18.281919891322147, 45.967921654454344 ], [ 18.282029105942872, 45.967921654454344 ], [ 18.282029105942872, 45.967703225212894 ], [ 18.282138320563597, 45.967703225212894 ], [ 18.282138320563597, 45.967594010592173 ], [ 18.282247535184322, 45.967594010592173 ], [ 18.282247535184322, 45.967484795971444 ], [ 18.282356749805047, 45.967484795971444 ], [ 18.282356749805047, 45.967266366729994 ], [ 18.282465964425771, 45.967266366729994 ], [ 18.282465964425771, 45.966938722867823 ], [ 18.282356749805047, 45.966938722867823 ], [ 18.282356749805047, 45.966611079005652 ], [ 18.281919891322147, 45.966611079005652 ], [ 18.281919891322147, 45.966501864384924 ], [ 18.281483032839251, 45.966501864384924 ], [ 18.281483032839251, 45.966392649764202 ], [ 18.281264603597801, 45.966392649764202 ], [ 18.281264603597801, 45.966283435143481 ], [ 18.28115538897708, 45.966283435143481 ], [ 18.28115538897708, 45.966174220522753 ], [ 18.281046174356355, 45.966174220522753 ], [ 18.281046174356355, 45.965955791281303 ], [ 18.281264603597801, 45.965955791281303 ], [ 18.281264603597801, 45.966065005902031 ], [ 18.281701462080701, 45.966065005902031 ], [ 18.281701462080701, 45.965955791281303 ], [ 18.281810676701426, 45.965955791281303 ], [ 18.281810676701426, 45.965628147419132 ], [ 18.281701462080701, 45.965628147419132 ], [ 18.281701462080701, 45.965409718177682 ], [ 18.282138320563597, 45.965409718177682 ], [ 18.282138320563597, 45.965300503556961 ], [ 18.282247535184322, 45.965300503556961 ], [ 18.282247535184322, 45.965191288936239 ], [ 18.282575179046493, 45.965191288936239 ], [ 18.282575179046493, 45.965082074315511 ], [ 18.283339681391563, 45.965082074315511 ], [ 18.283339681391563, 45.965191288936239 ], [ 18.283558110633013, 45.965191288936239 ], [ 18.283558110633013, 45.96551893279841 ], [ 18.283667325253738, 45.96551893279841 ], [ 18.283667325253738, 45.965628147419132 ], [ 18.283776539874459, 45.965628147419132 ], [ 18.283776539874459, 45.96573736203986 ], [ 18.283885754495184, 45.96573736203986 ], [ 18.283885754495184, 45.965846576660581 ], [ 18.284650256840255, 45.965846576660581 ], [ 18.284650256840255, 45.965955791281303 ], [ 18.284868686081705, 45.965955791281303 ], [ 18.284868686081705, 45.966065005902031 ], [ 18.28497790070243, 45.966065005902031 ], [ 18.28497790070243, 45.966392649764202 ], [ 18.285087115323151, 45.966392649764202 ], [ 18.285087115323151, 45.966501864384924 ], [ 18.285196329943876, 45.966501864384924 ], [ 18.285196329943876, 45.967157152109273 ], [ 18.285305544564601, 45.967157152109273 ], [ 18.285305544564601, 45.967266366729994 ], [ 18.28552397380605, 45.967266366729994 ], [ 18.28552397380605, 45.967375581350723 ], [ 18.286070046909671, 45.967375581350723 ], [ 18.286070046909671, 45.967484795971444 ], [ 18.286179261530396, 45.967484795971444 ], [ 18.286179261530396, 45.967703225212894 ], [ 18.286070046909671, 45.967703225212894 ], [ 18.286070046909671, 45.967812439833615 ], [ 18.285960832288946, 45.967812439833615 ], [ 18.285960832288946, 45.967921654454344 ], [ 18.28497790070243, 45.967921654454344 ], [ 18.28497790070243, 45.968030869075065 ], [ 18.284650256840255, 45.968030869075065 ], [ 18.284650256840255, 45.968140083695793 ], [ 18.28454104221953, 45.968140083695793 ], [ 18.28454104221953, 45.968358512937236 ], [ 18.284431827598805, 45.968358512937236 ], [ 18.284431827598805, 45.968467727557965 ], [ 18.284213398357359, 45.968467727557965 ], [ 18.284213398357359, 45.968576942178686 ], [ 18.284104183736634, 45.968576942178686 ], [ 18.284104183736634, 45.968795371420136 ], [ 18.28475947146098, 45.968795371420136 ], [ 18.28475947146098, 45.968904586040864 ], [ 18.285196329943876, 45.968904586040864 ], [ 18.285196329943876, 45.968795371420136 ], [ 18.285414759185326, 45.968795371420136 ], [ 18.285414759185326, 45.968686156799414 ], [ 18.28552397380605, 45.968686156799414 ], [ 18.28552397380605, 45.968576942178686 ], [ 18.285633188426775, 45.968576942178686 ], [ 18.285633188426775, 45.968467727557965 ], [ 18.285742403047497, 45.968467727557965 ], [ 18.285742403047497, 45.968358512937236 ], [ 18.285960832288946, 45.968358512937236 ], [ 18.285960832288946, 45.968249298316515 ], [ 18.286179261530396, 45.968249298316515 ], [ 18.286179261530396, 45.968140083695793 ], [ 18.286288476151118, 45.968140083695793 ], [ 18.286288476151118, 45.968030869075065 ], [ 18.286506905392567, 45.968030869075065 ], [ 18.286506905392567, 45.967921654454344 ], [ 18.286725334634017, 45.967921654454344 ], [ 18.286725334634017, 45.968030869075065 ], [ 18.286616120013292, 45.968030869075065 ], [ 18.286616120013292, 45.968140083695793 ], [ 18.286506905392567, 45.968140083695793 ], [ 18.286506905392567, 45.968249298316515 ], [ 18.286397690771842, 45.968249298316515 ], [ 18.286397690771842, 45.968358512937236 ], [ 18.286179261530396, 45.968358512937236 ], [ 18.286179261530396, 45.968467727557965 ], [ 18.285960832288946, 45.968467727557965 ], [ 18.285960832288946, 45.968576942178686 ], [ 18.285742403047497, 45.968576942178686 ], [ 18.285742403047497, 45.968686156799414 ], [ 18.285633188426775, 45.968686156799414 ], [ 18.285633188426775, 45.968795371420136 ], [ 18.28552397380605, 45.968795371420136 ], [ 18.28552397380605, 45.968904586040864 ], [ 18.285414759185326, 45.968904586040864 ], [ 18.285414759185326, 45.969013800661585 ], [ 18.285087115323151, 45.969013800661585 ], [ 18.285087115323151, 45.969123015282307 ], [ 18.28475947146098, 45.969123015282307 ], [ 18.28475947146098, 45.969013800661585 ], [ 18.284104183736634, 45.969013800661585 ], [ 18.284104183736634, 45.969123015282307 ], [ 18.283776539874459, 45.969123015282307 ], [ 18.283776539874459, 45.969232229903035 ], [ 18.283339681391563, 45.969232229903035 ], [ 18.283339681391563, 45.969341444523756 ], [ 18.283121252150117, 45.969341444523756 ], [ 18.283121252150117, 45.969450659144485 ], [ 18.283012037529392, 45.969450659144485 ], [ 18.283012037529392, 45.969559873765206 ], [ 18.282902822908667, 45.969559873765206 ], [ 18.282902822908667, 45.969669088385928 ], [ 18.282793608287943, 45.969669088385928 ], [ 18.282793608287943, 45.969778303006656 ], [ 18.282247535184322, 45.969778303006656 ], [ 18.282247535184322, 45.969887517627377 ], [ 18.282029105942872, 45.969887517627377 ], [ 18.282029105942872, 45.969996732248106 ], [ 18.281810676701426, 45.969996732248106 ], [ 18.281810676701426, 45.970105946868827 ], [ 18.281373818218526, 45.970105946868827 ], [ 18.281373818218526, 45.970215161489556 ], [ 18.281264603597801, 45.970215161489556 ], [ 18.281264603597801, 45.970433590730998 ], [ 18.281373818218526, 45.970433590730998 ], [ 18.281373818218526, 45.970652019972448 ], [ 18.281264603597801, 45.970652019972448 ], [ 18.281264603597801, 45.970761234593176 ], [ 18.28115538897708, 45.970761234593176 ], [ 18.28115538897708, 45.970870449213898 ], [ 18.281046174356355, 45.970870449213898 ], [ 18.281046174356355, 45.970979663834619 ], [ 18.280827745114905, 45.970979663834619 ], [ 18.280827745114905, 45.971088878455348 ], [ 18.280500101252734, 45.971088878455348 ], [ 18.280500101252734, 45.971198093076069 ], [ 18.280390886632009, 45.971198093076069 ], [ 18.280390886632009, 45.97152573693824 ], [ 18.280281672011284, 45.97152573693824 ], [ 18.280281672011284, 45.971634951558968 ], [ 18.280390886632009, 45.971634951558968 ], [ 18.280390886632009, 45.97174416617969 ], [ 18.28071853049418, 45.97174416617969 ], [ 18.28071853049418, 45.971853380800418 ], [ 18.281046174356355, 45.971853380800418 ], [ 18.281046174356355, 45.97174416617969 ], [ 18.281264603597801, 45.97174416617969 ], [ 18.281264603597801, 45.971634951558968 ], [ 18.281483032839251, 45.971634951558968 ], [ 18.281483032839251, 45.97152573693824 ], [ 18.281592247459976, 45.97152573693824 ], [ 18.281592247459976, 45.971416522317519 ], [ 18.281810676701426, 45.971416522317519 ], [ 18.281810676701426, 45.971307307696797 ], [ 18.281919891322147, 45.971307307696797 ], [ 18.281919891322147, 45.971198093076069 ], [ 18.282029105942872, 45.971198093076069 ], [ 18.282029105942872, 45.971088878455348 ], [ 18.282138320563597, 45.971088878455348 ], [ 18.282138320563597, 45.970979663834619 ], [ 18.282356749805047, 45.970979663834619 ], [ 18.282356749805047, 45.970870449213898 ], [ 18.282465964425771, 45.970870449213898 ], [ 18.282465964425771, 45.970761234593176 ], [ 18.282575179046493, 45.970761234593176 ], [ 18.282575179046493, 45.970652019972448 ], [ 18.282684393667218, 45.970652019972448 ], [ 18.282684393667218, 45.970215161489556 ], [ 18.282793608287943, 45.970215161489556 ], [ 18.282793608287943, 45.970105946868827 ], [ 18.283558110633013, 45.970105946868827 ], [ 18.283558110633013, 45.970215161489556 ], [ 18.284104183736634, 45.970215161489556 ], [ 18.284104183736634, 45.970105946868827 ], [ 18.284650256840255, 45.970105946868827 ], [ 18.284650256840255, 45.970215161489556 ], [ 18.28475947146098, 45.970215161489556 ], [ 18.28475947146098, 45.970542805351727 ], [ 18.284868686081705, 45.970542805351727 ], [ 18.284868686081705, 45.970652019972448 ], [ 18.28497790070243, 45.970652019972448 ], [ 18.28497790070243, 45.970761234593176 ], [ 18.285087115323151, 45.970761234593176 ], [ 18.285087115323151, 45.970870449213898 ], [ 18.285196329943876, 45.970870449213898 ], [ 18.285196329943876, 45.970979663834619 ], [ 18.285414759185326, 45.970979663834619 ], [ 18.285414759185326, 45.970870449213898 ], [ 18.285742403047497, 45.970870449213898 ], [ 18.285742403047497, 45.970979663834619 ], [ 18.28552397380605, 45.970979663834619 ], [ 18.28552397380605, 45.971088878455348 ], [ 18.285414759185326, 45.971088878455348 ], [ 18.285414759185326, 45.971198093076069 ], [ 18.285305544564601, 45.971198093076069 ], [ 18.285305544564601, 45.971307307696797 ], [ 18.285196329943876, 45.971307307696797 ], [ 18.285196329943876, 45.971198093076069 ], [ 18.285087115323151, 45.971198093076069 ], [ 18.285087115323151, 45.970979663834619 ], [ 18.28497790070243, 45.970979663834619 ], [ 18.28497790070243, 45.970870449213898 ], [ 18.284868686081705, 45.970870449213898 ], [ 18.284868686081705, 45.970761234593176 ], [ 18.28475947146098, 45.970761234593176 ], [ 18.28475947146098, 45.970652019972448 ], [ 18.28454104221953, 45.970652019972448 ], [ 18.28454104221953, 45.970542805351727 ], [ 18.283994969115909, 45.970542805351727 ], [ 18.283994969115909, 45.970652019972448 ], [ 18.283012037529392, 45.970652019972448 ], [ 18.283012037529392, 45.970761234593176 ], [ 18.282793608287943, 45.970761234593176 ], [ 18.282793608287943, 45.970870449213898 ], [ 18.282575179046493, 45.970870449213898 ], [ 18.282575179046493, 45.970979663834619 ], [ 18.282465964425771, 45.970979663834619 ], [ 18.282465964425771, 45.971088878455348 ], [ 18.282247535184322, 45.971088878455348 ], [ 18.282247535184322, 45.971198093076069 ], [ 18.282138320563597, 45.971198093076069 ], [ 18.282138320563597, 45.971307307696797 ], [ 18.282029105942872, 45.971307307696797 ], [ 18.282029105942872, 45.971416522317519 ], [ 18.281919891322147, 45.971416522317519 ], [ 18.281919891322147, 45.97152573693824 ], [ 18.281701462080701, 45.97152573693824 ], [ 18.281701462080701, 45.971634951558968 ], [ 18.281592247459976, 45.971634951558968 ], [ 18.281592247459976, 45.97174416617969 ], [ 18.281373818218526, 45.97174416617969 ], [ 18.281373818218526, 45.971853380800418 ], [ 18.281264603597801, 45.971853380800418 ], [ 18.281264603597801, 45.971962595421139 ], [ 18.28115538897708, 45.971962595421139 ], [ 18.28115538897708, 45.972071810041868 ], [ 18.28093695973563, 45.972071810041868 ], [ 18.28093695973563, 45.972181024662589 ], [ 18.28071853049418, 45.972181024662589 ], [ 18.28071853049418, 45.972290239283311 ], [ 18.280609315873459, 45.972290239283311 ], [ 18.280609315873459, 45.972399453904039 ], [ 18.280500101252734, 45.972399453904039 ], [ 18.280500101252734, 45.97250866852476 ], [ 18.280281672011284, 45.97250866852476 ], [ 18.280281672011284, 45.972399453904039 ], [ 18.279954028149113, 45.972399453904039 ], [ 18.279954028149113, 45.97250866852476 ], [ 18.279844813528388, 45.97250866852476 ] ] ] } },
{ "type": "Feature", "properties": { "parcel_id": 39, "area_ha": 18.22, "pixels": 1822 }, "geometry": { "type": "Polygon", "coordinates": [ [ [ 18.259858537935845, 45.972399453904039 ], [ 18.259858537935845, 45.972290239283311 ], [ 18.259640108694398, 45.972290239283311 ], [ 18.259640108694398, 45.972181024662589 ], [ 18.259530894073674, 45.972181024662589 ], [ 18.259530894073674, 45.972071810041868 ], [ 18.259312464832224, 45.972071810041868 ], [ 18.259312464832224, 45.971962595421139 ], [ 18.259094035590778, 45.971962595421139 ], [ 18.259094035590778, 45.971853380800418 ], [ 18.258984820970053, 45.971853380800418 ], [ 18.258984820970053, 45.97174416617969 ], [ 18.258766391728603, 45.97174416617969 ], [ 18.258766391728603, 45.971634951558968 ], [ 18.258547962487157, 45.971634951558968 ], [ 18.258547962487157, 45.97152573693824 ], [ 18.258438747866432, 45.97152573693824 ], [ 18.258438747866432, 45.971416522317519 ], [ 18.258220318624982, 45.971416522317519 ], [ 18.258220318624982, 45.971307307696797 ], [ 18.258001889383532, 45.971307307696797 ], [ 18.258001889383532, 45.971198093076069 ], [ 18.257783460142086, 45.971198093076069 ], [ 18.257783460142086, 45.971088878455348 ], [ 18.257565030900636, 45.971088878455348 ], [ 18.257565030900636, 45.970979663834619 ], [ 18.257346601659187, 45.970979663834619 ], [ 18.257346601659187, 45.970870449213898 ], [ 18.25712817241774, 45.970870449213898 ], [ 18.25712817241774, 45.970761234593176 ], [ 18.257018957797015, 45.970761234593176 ], [ 18.257018957797015, 45.970652019972448 ], [ 18.256800528555566, 45.970652019972448 ], [ 18.256800528555566, 45.970542805351727 ], [ 18.256472884693395, 45.970542805351727 ], [ 18.256472884693395, 45.970433590730998 ], [ 18.25636367007267, 45.970433590730998 ], [ 18.25636367007267, 45.970324376110277 ], [ 18.256254455451945, 45.970324376110277 ], [ 18.256254455451945, 45.970105946868827 ], [ 18.25636367007267, 45.970105946868827 ], [ 18.25636367007267, 45.969887517627377 ], [ 18.256472884693395, 45.969887517627377 ], [ 18.256472884693395, 45.969778303006656 ], [ 18.256582099314119, 45.969778303006656 ], [ 18.256582099314119, 45.969669088385928 ], [ 18.256909743176291, 45.969669088385928 ], [ 18.256909743176291, 45.969559873765206 ], [ 18.258001889383532, 45.969559873765206 ], [ 18.258001889383532, 45.969450659144485 ], [ 18.258111104004257, 45.969450659144485 ], [ 18.258111104004257, 45.969341444523756 ], [ 18.258220318624982, 45.969341444523756 ], [ 18.258220318624982, 45.968686156799414 ], [ 18.258329533245707, 45.968686156799414 ], [ 18.258329533245707, 45.968467727557965 ], [ 18.258438747866432, 45.968467727557965 ], [ 18.258438747866432, 45.968358512937236 ], [ 18.258547962487157, 45.968358512937236 ], [ 18.258547962487157, 45.968249298316515 ], [ 18.258766391728603, 45.968249298316515 ], [ 18.258766391728603, 45.968140083695793 ], [ 18.259312464832224, 45.968140083695793 ], [ 18.259312464832224, 45.968030869075065 ], [ 18.259530894073674, 45.968030869075065 ], [ 18.259530894073674, 45.967921654454344 ], [ 18.259640108694398, 45.967921654454344 ], [ 18.259640108694398, 45.967812439833615 ], [ 18.259749323315123, 45.967812439833615 ], [ 18.259749323315123, 45.967594010592173 ], [ 18.259858537935845, 45.967594010592173 ], [ 18.259858537935845, 45.967375581350723 ], [ 18.25996775255657, 45.967375581350723 ], [ 18.25996775255657, 45.967266366729994 ], [ 18.260076967177294, 45.967266366729994 ], [ 18.260076967177294, 45.966501864384924 ], [ 18.260186181798019, 45.966501864384924 ], [ 18.260186181798019, 45.966392649764202 ], [ 18.260295396418744, 45.966392649764202 ], [ 18.260295396418744, 45.966283435143481 ], [ 18.26095068414309, 45.966283435143481 ], [ 18.26095068414309, 45.966392649764202 ], [ 18.261824401108882, 45.966392649764202 ], [ 18.261824401108882, 45.966501864384924 ], [ 18.262479688833228, 45.966501864384924 ], [ 18.262479688833228, 45.966392649764202 ], [ 18.262588903453953, 45.966392649764202 ], [ 18.262588903453953, 45.966501864384924 ], [ 18.262916547316127, 45.966501864384924 ], [ 18.262916547316127, 45.966611079005652 ], [ 18.263462620419748, 45.966611079005652 ], [ 18.263462620419748, 45.966501864384924 ], [ 18.263790264281919, 45.966501864384924 ], [ 18.263790264281919, 45.966611079005652 ], [ 18.263681049661194, 45.966611079005652 ], [ 18.263681049661194, 45.966829508247102 ], [ 18.263571835040473, 45.966829508247102 ], [ 18.263571835040473, 45.967047937488552 ], [ 18.263462620419748, 45.967047937488552 ], [ 18.263462620419748, 45.967266366729994 ], [ 18.263353405799023, 45.967266366729994 ], [ 18.263353405799023, 45.967484795971444 ], [ 18.263244191178298, 45.967484795971444 ], [ 18.263244191178298, 45.967594010592173 ], [ 18.263134976557573, 45.967594010592173 ], [ 18.263134976557573, 45.967703225212894 ], [ 18.263025761936849, 45.967703225212894 ], [ 18.263025761936849, 45.967812439833615 ], [ 18.262916547316127, 45.967812439833615 ], [ 18.262916547316127, 45.967921654454344 ], [ 18.262807332695402, 45.967921654454344 ], [ 18.262807332695402, 45.968140083695793 ], [ 18.262698118074677, 45.968140083695793 ], [ 18.262698118074677, 45.968249298316515 ], [ 18.262588903453953, 45.968249298316515 ], [ 18.262588903453953, 45.968467727557965 ], [ 18.262479688833228, 45.968467727557965 ], [ 18.262479688833228, 45.968686156799414 ], [ 18.262370474212506, 45.968686156799414 ], [ 18.262370474212506, 45.968904586040864 ], [ 18.262261259591781, 45.968904586040864 ], [ 18.262261259591781, 45.969123015282307 ], [ 18.262152044971057, 45.969123015282307 ], [ 18.262152044971057, 45.969450659144485 ], [ 18.262042830350332, 45.969450659144485 ], [ 18.262042830350332, 45.969887517627377 ], [ 18.261933615729607, 45.969887517627377 ], [ 18.261933615729607, 45.969996732248106 ], [ 18.261824401108882, 45.969996732248106 ], [ 18.261824401108882, 45.970324376110277 ], [ 18.261715186488161, 45.970324376110277 ], [ 18.261715186488161, 45.970542805351727 ], [ 18.261605971867436, 45.970542805351727 ], [ 18.261605971867436, 45.970870449213898 ], [ 18.261496757246711, 45.970870449213898 ], [ 18.261496757246711, 45.971088878455348 ], [ 18.261278328005261, 45.971088878455348 ], [ 18.261278328005261, 45.971198093076069 ], [ 18.261169113384536, 45.971198093076069 ], [ 18.261169113384536, 45.971307307696797 ], [ 18.261059898763815, 45.971307307696797 ], [ 18.261059898763815, 45.971416522317519 ], [ 18.26095068414309, 45.971416522317519 ], [ 18.26095068414309, 45.97152573693824 ], [ 18.260841469522365, 45.97152573693824 ], [ 18.260841469522365, 45.971634951558968 ], [ 18.26073225490164, 45.971634951558968 ], [ 18.26073225490164, 45.97174416617969 ], [ 18.260623040280915, 45.97174416617969 ], [ 18.260623040280915, 45.971853380800418 ], [ 18.26051382566019, 45.971853380800418 ], [ 18.26051382566019, 45.971962595421139 ], [ 18.260404611039469, 45.971962595421139 ], [ 18.260404611039469, 45.972071810041868 ], [ 18.260295396418744, 45.972071810041868 ], [ 18.260295396418744, 45.972181024662589 ], [ 18.260186181798019, 45.972181024662589 ], [ 18.260186181798019, 45.972290239283311 ], [ 18.25996775255657, 45.972290239283311 ], [ 18.25996775255657, 45.972399453904039 ], [ 18.259858537935845, 45.972399453904039 ] ] ] } },
{ "type": "Feature", "properties": { "parcel_id": 40, "area_ha": 12.76, "pixels": 1276 }, "geometry": { "type": "Polygon", "coordinates": [ [ [ 18.246425139586762, 45.972181024662589 ], [ 18.246425139586762, 45.972071810041868 ], [ 18.246097495724587, 45.972071810041868 ], [ 18.246097495724587, 45.971962595421139 ], [ 18.245879066483141, 45.971962595421139 ], [ 18.245879066483141, 45.971853380800418 ], [ 18.245660637241691, 45.971853380800418 ], [ 18.245660637241691, 45.97174416617969 ], [ 18.245005349517346, 45.97174416617969 ], [ 18.245005349517346, 45.971634951558968 ], [ 18.244896134896621, 45.971634951558968 ], [ 18.244896134896621, 45.97152573693824 ], [ 18.244786920275896, 45.97152573693824 ], [ 18.244786920275896, 45.971416522317519 ], [ 18.244677705655175, 45.971416522317519 ], [ 18.244677705655175, 45.971307307696797 ], [ 18.24456849103445, 45.971307307696797 ], [ 18.24456849103445, 45.971198093076069 ], [ 18.244131632551554, 45.971198093076069 ], [ 18.244131632551554, 45.971088878455348 ], [ 18.243585559447929, 45.971088878455348 ], [ 18.243585559447929, 45.970979663834619 ], [ 18.243367130206483, 45.970979663834619 ], [ 18.243367130206483, 45.970870449213898 ], [ 18.242930271723584, 45.970870449213898 ], [ 18.242930271723584, 45.970652019972448 ], [ 18.243585559447929, 45.970652019972448 ], [ 18.243585559447929, 45.970542805351727 ], [ 18.24456849103445, 45.970542805351727 ], [ 18.24456849103445, 45.970433590730998 ], [ 18.244677705655175, 45.970433590730998 ], [ 18.244677705655175, 45.970324376110277 ], [ 18.244786920275896, 45.970324376110277 ], [ 18.244786920275896, 45.970215161489556 ], [ 18.244896134896621, 45.970215161489556 ], [ 18.244896134896621, 45.969887517627377 ], [ 18.244786920275896, 45.969887517627377 ], [ 18.244786920275896, 45.969778303006656 ], [ 18.244350061793, 45.969778303006656 ], [ 18.244350061793, 45.969669088385928 ], [ 18.244131632551554, 45.969669088385928 ], [ 18.244131632551554, 45.969559873765206 ], [ 18.244022417930829, 45.969559873765206 ], [ 18.244022417930829, 45.969450659144485 ], [ 18.243913203310104, 45.969450659144485 ], [ 18.243913203310104, 45.969341444523756 ], [ 18.244022417930829, 45.969341444523756 ], [ 18.244022417930829, 45.969232229903035 ], [ 18.244131632551554, 45.969232229903035 ], [ 18.244131632551554, 45.969123015282307 ], [ 18.244240847172275, 45.969123015282307 ], [ 18.244240847172275, 45.968795371420136 ], [ 18.244350061793, 45.968795371420136 ], [ 18.244350061793, 45.968576942178686 ], [ 18.244240847172275, 45.968576942178686 ], [ 18.244240847172275, 45.968358512937236 ], [ 18.244131632551554, 45.968358512937236 ], [ 18.244131632551554, 45.968249298316515 ], [ 18.244022417930829, 45.968249298316515 ], [ 18.244022417930829, 45.967812439833615 ], [ 18.244131632551554, 45.967812439833615 ], [ 18.244131632551554, 45.967484795971444 ], [ 18.244240847172275, 45.967484795971444 ], [ 18.244240847172275, 45.967594010592173 ], [ 18.244350061793, 45.967594010592173 ], [ 18.244350061793, 45.967484795971444 ], [ 18.244459276413725, 45.967484795971444 ], [ 18.244459276413725, 45.967594010592173 ], [ 18.24456849103445, 45.967594010592173 ], [ 18.24456849103445, 45.967703225212894 ], [ 18.244786920275896, 45.967703225212894 ], [ 18.244786920275896, 45.967812439833615 ], [ 18.245005349517346, 45.967812439833615 ], [ 18.245005349517346, 45.967921654454344 ], [ 18.24533299337952, 45.967921654454344 ], [ 18.24533299337952, 45.967812439833615 ], [ 18.245442208000242, 45.967812439833615 ], [ 18.245442208000242, 45.967703225212894 ], [ 18.245660637241691, 45.967703225212894 ], [ 18.245660637241691, 45.967594010592173 ], [ 18.246097495724587, 45.967594010592173 ], [ 18.246097495724587, 45.967703225212894 ], [ 18.246425139586762, 45.967703225212894 ], [ 18.246425139586762, 45.967812439833615 ], [ 18.246752783448933, 45.967812439833615 ], [ 18.246752783448933, 45.967921654454344 ], [ 18.247189641931833, 45.967921654454344 ], [ 18.247189641931833, 45.968030869075065 ], [ 18.247408071173279, 45.968030869075065 ], [ 18.247408071173279, 45.968140083695793 ], [ 18.247517285794004, 45.968140083695793 ], [ 18.247517285794004, 45.968249298316515 ], [ 18.247626500414729, 45.968249298316515 ], [ 18.247626500414729, 45.968358512937236 ], [ 18.247517285794004, 45.968358512937236 ], [ 18.247517285794004, 45.968467727557965 ], [ 18.247408071173279, 45.968467727557965 ], [ 18.247408071173279, 45.968576942178686 ], [ 18.247298856552554, 45.968576942178686 ], [ 18.247298856552554, 45.968686156799414 ], [ 18.246752783448933, 45.968686156799414 ], [ 18.246752783448933, 45.968795371420136 ], [ 18.246534354207487, 45.968795371420136 ], [ 18.246534354207487, 45.969013800661585 ], [ 18.246643568828212, 45.969013800661585 ], [ 18.246643568828212, 45.969123015282307 ], [ 18.246971212690383, 45.969123015282307 ], [ 18.246971212690383, 45.969232229903035 ], [ 18.247298856552554, 45.969232229903035 ], [ 18.247298856552554, 45.969123015282307 ], [ 18.247517285794004, 45.969123015282307 ], [ 18.247517285794004, 45.969013800661585 ], [ 18.247735715035454, 45.969013800661585 ], [ 18.247735715035454, 45.969123015282307 ], [ 18.24871864662197, 45.969123015282307 ], [ 18.24871864662197, 45.969232229903035 ], [ 18.24893707586342, 45.969232229903035 ], [ 18.24893707586342, 45.969341444523756 ], [ 18.249046290484145, 45.969341444523756 ], [ 18.249046290484145, 45.969450659144485 ], [ 18.24915550510487, 45.969450659144485 ], [ 18.24915550510487, 45.969559873765206 ], [ 18.249046290484145, 45.969559873765206 ], [ 18.249046290484145, 45.969778303006656 ], [ 18.248609432001246, 45.969778303006656 ], [ 18.248609432001246, 45.969669088385928 ], [ 18.248281788139074, 45.969669088385928 ], [ 18.248281788139074, 45.969559873765206 ], [ 18.248063358897625, 45.969559873765206 ], [ 18.248063358897625, 45.969669088385928 ], [ 18.247189641931833, 45.969669088385928 ], [ 18.247189641931833, 45.969778303006656 ], [ 18.247080427311108, 45.969778303006656 ], [ 18.247080427311108, 45.970105946868827 ], [ 18.247189641931833, 45.970105946868827 ], [ 18.247189641931833, 45.970215161489556 ], [ 18.247298856552554, 45.970215161489556 ], [ 18.247298856552554, 45.970324376110277 ], [ 18.247517285794004, 45.970324376110277 ], [ 18.247517285794004, 45.970433590730998 ], [ 18.247626500414729, 45.970433590730998 ], [ 18.247626500414729, 45.970542805351727 ], [ 18.24817257351835, 45.970542805351727 ], [ 18.24817257351835, 45.970652019972448 ], [ 18.248827861242695, 45.970652019972448 ], [ 18.248827861242695, 45.970761234593176 ], [ 18.24893707586342, 45.970761234593176 ], [ 18.24893707586342, 45.970870449213898 ], [ 18.249046290484145, 45.970870449213898 ], [ 18.249046290484145, 45.971088878455348 ], [ 18.24893707586342, 45.971088878455348 ], [ 18.24893707586342, 45.971198093076069 ], [ 18.248827861242695, 45.971198093076069 ], [ 18.248827861242695, 45.971307307696797 ], [ 18.248063358897625, 45.971307307696797 ], [ 18.248063358897625, 45.971634951558968 ], [ 18.24817257351835, 45.971634951558968 ], [ 18.24817257351835, 45.97174416617969 ], [ 18.248281788139074, 45.97174416617969 ], [ 18.248281788139074, 45.971853380800418 ], [ 18.248391002759799, 45.971853380800418 ], [ 18.248391002759799, 45.972071810041868 ], [ 18.248281788139074, 45.972071810041868 ], [ 18.248281788139074, 45.972181024662589 ], [ 18.2479541442769, 45.972181024662589 ], [ 18.2479541442769, 45.972071810041868 ], [ 18.247735715035454, 45.972071810041868 ], [ 18.247735715035454, 45.971962595421139 ], [ 18.246971212690383, 45.971962595421139 ], [ 18.246971212690383, 45.972071810041868 ], [ 18.246643568828212, 45.972071810041868 ], [ 18.246643568828212, 45.972181024662589 ], [ 18.246425139586762, 45.972181024662589 ] ] ] } },
{ "type": "Feature", "properties": { "parcel_id": 41, "area_ha": 13.13, "pixels": 1313 }, "geometry": { "type": "Polygon", "coordinates": [ [ [ 18.287271407737638, 45.972071810041868 ], [ 18.287271407737638, 45.971198093076069 ], [ 18.287162193116913, 45.971198093076069 ], [ 18.287162193116913, 45.971853380800418 ], [ 18.287052978496188, 45.971853380800418 ], [ 18.287052978496188, 45.968904586040864 ], [ 18.286943763875463, 45.968904586040864 ], [ 18.286943763875463, 45.968686156799414 ], [ 18.286834549254742, 45.968686156799414 ], [ 18.286834549254742, 45.967703225212894 ], [ 18.286943763875463, 45.967703225212894 ], [ 18.286943763875463, 45.967484795971444 ], [ 18.287052978496188, 45.967484795971444 ], [ 18.287052978496188, 45.966938722867823 ], [ 18.286943763875463, 45.966938722867823 ], [ 18.286943763875463, 45.966501864384924 ], [ 18.287052978496188, 45.966501864384924 ], [ 18.287052978496188, 45.965191288936239 ], [ 18.287162193116913, 45.965191288936239 ], [ 18.287162193116913, 45.96497285969479 ], [ 18.287052978496188, 45.96497285969479 ], [ 18.287052978496188, 45.96409914272899 ], [ 18.286943763875463, 45.96409914272899 ], [ 18.286943763875463, 45.963006996521749 ], [ 18.287052978496188, 45.963006996521749 ], [ 18.287052978496188, 45.961805635693786 ], [ 18.286943763875463, 45.961805635693786 ], [ 18.286943763875463, 45.961150347969436 ], [ 18.287052978496188, 45.961150347969436 ], [ 18.287052978496188, 45.960822704107265 ], [ 18.287162193116913, 45.960822704107265 ], [ 18.287162193116913, 45.960385845624366 ], [ 18.287271407737638, 45.960385845624366 ], [ 18.287271407737638, 45.964645215832611 ], [ 18.287380622358363, 45.964645215832611 ], [ 18.287380622358363, 45.965409718177682 ], [ 18.287271407737638, 45.965409718177682 ], [ 18.287271407737638, 45.965846576660581 ], [ 18.2893464855314, 45.965846576660581 ], [ 18.2893464855314, 45.971962595421139 ], [ 18.287489836979088, 45.971962595421139 ], [ 18.287489836979088, 45.972071810041868 ], [ 18.287271407737638, 45.972071810041868 ] ] ] } },
{ "type": "Feature", "properties": { "parcel_id": 42, "area_ha": 10.95, "pixels": 1095 }, "geometry": { "type": "Polygon", "coordinates": [ [ [ 18.271216858491169, 45.971634951558968 ], [ 18.271216858491169, 45.97152573693824 ], [ 18.270670785387548, 45.97152573693824 ], [ 18.270670785387548, 45.971416522317519 ], [ 18.270233926904652, 45.971416522317519 ], [ 18.270233926904652, 45.971307307696797 ], [ 18.269906283042481, 45.971307307696797 ], [ 18.269906283042481, 45.971198093076069 ], [ 18.269469424559581, 45.971198093076069 ], [ 18.269469424559581, 45.971088878455348 ], [ 18.269250995318135, 45.971088878455348 ], [ 18.269250995318135, 45.970979663834619 ], [ 18.26892335145596, 45.970979663834619 ], [ 18.26892335145596, 45.970870449213898 ], [ 18.268595707593789, 45.970870449213898 ], [ 18.268595707593789, 45.970761234593176 ], [ 18.26815884911089, 45.970761234593176 ], [ 18.26815884911089, 45.970652019972448 ], [ 18.267831205248719, 45.970652019972448 ], [ 18.267831205248719, 45.970542805351727 ], [ 18.267394346765823, 45.970542805351727 ], [ 18.267394346765823, 45.970433590730998 ], [ 18.267175917524373, 45.970433590730998 ], [ 18.267175917524373, 45.970324376110277 ], [ 18.266848273662198, 45.970324376110277 ], [ 18.266848273662198, 45.970215161489556 ], [ 18.266629844420752, 45.970215161489556 ], [ 18.266629844420752, 45.970105946868827 ], [ 18.266411415179302, 45.970105946868827 ], [ 18.266411415179302, 45.969996732248106 ], [ 18.266083771317131, 45.969996732248106 ], [ 18.266083771317131, 45.969887517627377 ], [ 18.265865342075681, 45.969887517627377 ], [ 18.265865342075681, 45.969778303006656 ], [ 18.265537698213507, 45.969778303006656 ], [ 18.265537698213507, 45.969559873765206 ], [ 18.265865342075681, 45.969559873765206 ], [ 18.265865342075681, 45.969450659144485 ], [ 18.266083771317131, 45.969450659144485 ], [ 18.266083771317131, 45.969341444523756 ], [ 18.266302200558577, 45.969341444523756 ], [ 18.266302200558577, 45.969232229903035 ], [ 18.266520629800027, 45.969232229903035 ], [ 18.266520629800027, 45.969123015282307 ], [ 18.266629844420752, 45.969123015282307 ], [ 18.266629844420752, 45.969013800661585 ], [ 18.266957488282923, 45.969013800661585 ], [ 18.266957488282923, 45.968904586040864 ], [ 18.267175917524373, 45.968904586040864 ], [ 18.267175917524373, 45.968795371420136 ], [ 18.267066702903648, 45.968795371420136 ], [ 18.267066702903648, 45.968686156799414 ], [ 18.267394346765823, 45.968686156799414 ], [ 18.267394346765823, 45.968576942178686 ], [ 18.267721990627994, 45.968576942178686 ], [ 18.267721990627994, 45.968467727557965 ], [ 18.267940419869444, 45.968467727557965 ], [ 18.267940419869444, 45.968358512937236 ], [ 18.268268063731615, 45.968358512937236 ], [ 18.268268063731615, 45.968249298316515 ], [ 18.268486492973064, 45.968249298316515 ], [ 18.268486492973064, 45.968140083695793 ], [ 18.26892335145596, 45.968140083695793 ], [ 18.26892335145596, 45.968030869075065 ], [ 18.26914178069741, 45.968030869075065 ], [ 18.26914178069741, 45.967921654454344 ], [ 18.269360209938856, 45.967921654454344 ], [ 18.269360209938856, 45.967812439833615 ], [ 18.269578639180306, 45.967812439833615 ], [ 18.269578639180306, 45.967703225212894 ], [ 18.269797068421756, 45.967703225212894 ], [ 18.269797068421756, 45.967594010592173 ], [ 18.270015497663202, 45.967594010592173 ], [ 18.270015497663202, 45.967484795971444 ], [ 18.270670785387548, 45.967484795971444 ], [ 18.270670785387548, 45.967594010592173 ], [ 18.270889214628998, 45.967594010592173 ], [ 18.270889214628998, 45.967703225212894 ], [ 18.271216858491169, 45.967703225212894 ], [ 18.271216858491169, 45.967812439833615 ], [ 18.271544502353343, 45.967812439833615 ], [ 18.271544502353343, 45.967921654454344 ], [ 18.271981360836239, 45.967921654454344 ], [ 18.271981360836239, 45.968030869075065 ], [ 18.272309004698414, 45.968030869075065 ], [ 18.272309004698414, 45.968140083695793 ], [ 18.271872146215514, 45.968140083695793 ], [ 18.271872146215514, 45.968358512937236 ], [ 18.271762931594793, 45.968358512937236 ], [ 18.271762931594793, 45.968467727557965 ], [ 18.271544502353343, 45.968467727557965 ], [ 18.271544502353343, 45.968576942178686 ], [ 18.271326073111894, 45.968576942178686 ], [ 18.271326073111894, 45.968686156799414 ], [ 18.271216858491169, 45.968686156799414 ], [ 18.271216858491169, 45.968795371420136 ], [ 18.271107643870447, 45.968795371420136 ], [ 18.271107643870447, 45.969013800661585 ], [ 18.270998429249723, 45.969013800661585 ], [ 18.270998429249723, 45.969669088385928 ], [ 18.270889214628998, 45.969669088385928 ], [ 18.270889214628998, 45.969778303006656 ], [ 18.270780000008273, 45.969778303006656 ], [ 18.270780000008273, 45.969887517627377 ], [ 18.270670785387548, 45.969887517627377 ], [ 18.270670785387548, 45.970105946868827 ], [ 18.270561570766823, 45.970105946868827 ], [ 18.270561570766823, 45.970979663834619 ], [ 18.270670785387548, 45.970979663834619 ], [ 18.270670785387548, 45.971088878455348 ], [ 18.270780000008273, 45.971088878455348 ], [ 18.270780000008273, 45.971198093076069 ], [ 18.270889214628998, 45.971198093076069 ], [ 18.270889214628998, 45.971307307696797 ], [ 18.271216858491169, 45.971307307696797 ], [ 18.271216858491169, 45.971416522317519 ], [ 18.271435287732618, 45.971416522317519 ], [ 18.271435287732618, 45.97152573693824 ], [ 18.271653716974068, 45.97152573693824 ], [ 18.271653716974068, 45.971634951558968 ], [ 18.271216858491169, 45.971634951558968 ] ] ] } },
{ "type": "Feature", "properties": { "parcel_id": 43, "area_ha": 6.0, "pixels": 600 }, "geometry": { "type": "Polygon", "coordinates": [ [ [ 18.261715186488161, 45.97152573693824 ], [ 18.261715186488161, 45.971307307696797 ], [ 18.261824401108882, 45.971307307696797 ], [ 18.261824401108882, 45.971088878455348 ], [ 18.261933615729607, 45.971088878455348 ], [ 18.261933615729607, 45.970433590730998 ], [ 18.262152044971057, 45.970433590730998 ], [ 18.262152044971057, 45.970105946868827 ], [ 18.262370474212506, 45.970105946868827 ], [ 18.262370474212506, 45.969887517627377 ], [ 18.262479688833228, 45.969887517627377 ], [ 18.262479688833228, 45.969123015282307 ], [ 18.262588903453953, 45.969123015282307 ], [ 18.262588903453953, 45.968904586040864 ], [ 18.262698118074677, 45.968904586040864 ], [ 18.262698118074677, 45.968686156799414 ], [ 18.262807332695402, 45.968686156799414 ], [ 18.262807332695402, 45.968576942178686 ], [ 18.262916547316127, 45.968576942178686 ], [ 18.262916547316127, 45.968358512937236 ], [ 18.263025761936849, 45.968358512937236 ], [ 18.263025761936849, 45.968249298316515 ], [ 18.263134976557573, 45.968249298316515 ], [ 18.263134976557573, 45.968140083695793 ], [ 18.263244191178298, 45.968140083695793 ], [ 18.263244191178298, 45.968030869075065 ], [ 18.264008693523369, 45.968030869075065 ], [ 18.264008693523369, 45.968140083695793 ], [ 18.264445552006265, 45.968140083695793 ], [ 18.264445552006265, 45.968249298316515 ], [ 18.264991625109886, 45.968249298316515 ], [ 18.264991625109886, 45.968358512937236 ], [ 18.265537698213507, 45.968358512937236 ], [ 18.265537698213507, 45.968467727557965 ], [ 18.265974556696406, 45.968467727557965 ], [ 18.265974556696406, 45.968576942178686 ], [ 18.266302200558577, 45.968576942178686 ], [ 18.266302200558577, 45.968686156799414 ], [ 18.266520629800027, 45.968686156799414 ], [ 18.266520629800027, 45.968795371420136 ], [ 18.267175917524373, 45.968795371420136 ], [ 18.267175917524373, 45.968904586040864 ], [ 18.266957488282923, 45.968904586040864 ], [ 18.266957488282923, 45.969013800661585 ], [ 18.266629844420752, 45.969013800661585 ], [ 18.266629844420752, 45.969123015282307 ], [ 18.266520629800027, 45.969123015282307 ], [ 18.266520629800027, 45.969232229903035 ], [ 18.266302200558577, 45.969232229903035 ], [ 18.266302200558577, 45.969341444523756 ], [ 18.266083771317131, 45.969341444523756 ], [ 18.266083771317131, 45.969450659144485 ], [ 18.265865342075681, 45.969450659144485 ], [ 18.265865342075681, 45.969559873765206 ], [ 18.265537698213507, 45.969559873765206 ], [ 18.265537698213507, 45.969778303006656 ], [ 18.265865342075681, 45.969778303006656 ], [ 18.265865342075681, 45.969887517627377 ], [ 18.266083771317131, 45.969887517627377 ], [ 18.266083771317131, 45.969996732248106 ], [ 18.266411415179302, 45.969996732248106 ], [ 18.266411415179302, 45.970105946868827 ], [ 18.266629844420752, 45.970105946868827 ], [ 18.266629844420752, 45.970215161489556 ], [ 18.266302200558577, 45.970215161489556 ], [ 18.266302200558577, 45.970105946868827 ], [ 18.265974556696406, 45.970105946868827 ], [ 18.265974556696406, 45.969996732248106 ], [ 18.265428483592785, 45.969996732248106 ], [ 18.265428483592785, 45.969887517627377 ], [ 18.26477319586844, 45.969887517627377 ], [ 18.26477319586844, 45.969778303006656 ], [ 18.264663981247715, 45.969778303006656 ], [ 18.264663981247715, 45.969887517627377 ], [ 18.26433633738554, 45.969887517627377 ], [ 18.26433633738554, 45.970324376110277 ], [ 18.264663981247715, 45.970324376110277 ], [ 18.264663981247715, 45.970433590730998 ], [ 18.264991625109886, 45.970433590730998 ], [ 18.264991625109886, 45.970652019972448 ], [ 18.264445552006265, 45.970652019972448 ], [ 18.264445552006265, 45.970542805351727 ], [ 18.26433633738554, 45.970542805351727 ], [ 18.26433633738554, 45.970433590730998 ], [ 18.264117908144094, 45.970433590730998 ], [ 18.264117908144094, 45.970324376110277 ], [ 18.264008693523369, 45.970324376110277 ], [ 18.264008693523369, 45.970105946868827 ], [ 18.263790264281919, 45.970105946868827 ], [ 18.263790264281919, 45.969996732248106 ], [ 18.263571835040473, 45.969996732248106 ], [ 18.263571835040473, 45.970105946868827 ], [ 18.263025761936849, 45.970105946868827 ], [ 18.263025761936849, 45.970215161489556 ], [ 18.262588903453953, 45.970215161489556 ], [ 18.262588903453953, 45.970324376110277 ], [ 18.262479688833228, 45.970324376110277 ], [ 18.262479688833228, 45.970433590730998 ], [ 18.262370474212506, 45.970433590730998 ], [ 18.262370474212506, 45.970542805351727 ], [ 18.262261259591781, 45.970542805351727 ], [ 18.262261259591781, 45.970761234593176 ], [ 18.262152044971057, 45.970761234593176 ], [ 18.262152044971057, 45.970870449213898 ], [ 18.262042830350332, 45.970870449213898 ], [ 18.262042830350332, 45.971198093076069 ], [ 18.261933615729607, 45.971198093076069 ], [ 18.261933615729607, 45.971416522317519 ], [ 18.261824401108882, 45.971416522317519 ], [ 18.261824401108882, 45.97152573693824 ], [ 18.261715186488161, 45.97152573693824 ] ] ] } },
{ "type": "Feature", "properties": { "parcel_id": 44, "area_ha": 8.67, "pixels": 867 }, "geometry": { "type": "Polygon", "coordinates": [ [ [ 18.256254455451945, 45.970979663834619 ], [ 18.256254455451945, 45.970870449213898 ], [ 18.256036026210499, 45.970870449213898 ], [ 18.256036026210499, 45.970761234593176 ], [ 18.255817596969049, 45.970761234593176 ], [ 18.255817596969049, 45.970652019972448 ], [ 18.255599167727599, 45.970652019972448 ], [ 18.255599167727599, 45.970542805351727 ], [ 18.255489953106874, 45.970542805351727 ], [ 18.255489953106874, 45.970433590730998 ], [ 18.255271523865428, 45.970433590730998 ], [ 18.255271523865428, 45.970324376110277 ], [ 18.255053094623978, 45.970324376110277 ], [ 18.255053094623978, 45.970215161489556 ], [ 18.254616236141082, 45.970215161489556 ], [ 18.254616236141082, 45.970105946868827 ], [ 18.254397806899632, 45.970105946868827 ], [ 18.254397806899632, 45.970215161489556 ], [ 18.253960948416736, 45.970215161489556 ], [ 18.253960948416736, 45.970324376110277 ], [ 18.253742519175287, 45.970324376110277 ], [ 18.253742519175287, 45.970215161489556 ], [ 18.25352408993384, 45.970215161489556 ], [ 18.25352408993384, 45.970105946868827 ], [ 18.253305660692391, 45.970105946868827 ], [ 18.253305660692391, 45.969996732248106 ], [ 18.253196446071666, 45.969996732248106 ], [ 18.253196446071666, 45.969778303006656 ], [ 18.253087231450941, 45.969778303006656 ], [ 18.253087231450941, 45.969669088385928 ], [ 18.253196446071666, 45.969669088385928 ], [ 18.253196446071666, 45.969450659144485 ], [ 18.253305660692391, 45.969450659144485 ], [ 18.253305660692391, 45.969123015282307 ], [ 18.253196446071666, 45.969123015282307 ], [ 18.253196446071666, 45.968686156799414 ], [ 18.253087231450941, 45.968686156799414 ], [ 18.253087231450941, 45.968249298316515 ], [ 18.252978016830216, 45.968249298316515 ], [ 18.252978016830216, 45.967921654454344 ], [ 18.253087231450941, 45.967921654454344 ], [ 18.253087231450941, 45.967266366729994 ], [ 18.253196446071666, 45.967266366729994 ], [ 18.253196446071666, 45.966938722867823 ], [ 18.253305660692391, 45.966938722867823 ], [ 18.253305660692391, 45.966501864384924 ], [ 18.253414875313116, 45.966501864384924 ], [ 18.253414875313116, 45.966392649764202 ], [ 18.25352408993384, 45.966392649764202 ], [ 18.25352408993384, 45.966938722867823 ], [ 18.253633304554562, 45.966938722867823 ], [ 18.253633304554562, 45.967157152109273 ], [ 18.253742519175287, 45.967157152109273 ], [ 18.253742519175287, 45.967266366729994 ], [ 18.253851733796012, 45.967266366729994 ], [ 18.253851733796012, 45.967375581350723 ], [ 18.253960948416736, 45.967375581350723 ], [ 18.253960948416736, 45.967484795971444 ], [ 18.254070163037461, 45.967484795971444 ], [ 18.254070163037461, 45.967703225212894 ], [ 18.254179377658186, 45.967703225212894 ], [ 18.254179377658186, 45.967812439833615 ], [ 18.254397806899632, 45.967812439833615 ], [ 18.254397806899632, 45.967921654454344 ], [ 18.255162309244703, 45.967921654454344 ], [ 18.255162309244703, 45.967812439833615 ], [ 18.255817596969049, 45.967812439833615 ], [ 18.255817596969049, 45.967921654454344 ], [ 18.256691313934844, 45.967921654454344 ], [ 18.256691313934844, 45.967812439833615 ], [ 18.256800528555566, 45.967812439833615 ], [ 18.256800528555566, 45.967703225212894 ], [ 18.256909743176291, 45.967703225212894 ], [ 18.256909743176291, 45.966938722867823 ], [ 18.257018957797015, 45.966938722867823 ], [ 18.257018957797015, 45.966829508247102 ], [ 18.25712817241774, 45.966829508247102 ], [ 18.25712817241774, 45.967594010592173 ], [ 18.257237387038465, 45.967594010592173 ], [ 18.257237387038465, 45.968030869075065 ], [ 18.257346601659187, 45.968030869075065 ], [ 18.257346601659187, 45.968358512937236 ], [ 18.257565030900636, 45.968358512937236 ], [ 18.257565030900636, 45.968249298316515 ], [ 18.257674245521361, 45.968249298316515 ], [ 18.257674245521361, 45.968140083695793 ], [ 18.257892674762811, 45.968140083695793 ], [ 18.257892674762811, 45.968030869075065 ], [ 18.258001889383532, 45.968030869075065 ], [ 18.258001889383532, 45.967921654454344 ], [ 18.258220318624982, 45.967921654454344 ], [ 18.258220318624982, 45.967812439833615 ], [ 18.258438747866432, 45.967812439833615 ], [ 18.258438747866432, 45.967703225212894 ], [ 18.258766391728603, 45.967703225212894 ], [ 18.258766391728603, 45.967812439833615 ], [ 18.258547962487157, 45.967812439833615 ], [ 18.258547962487157, 45.967921654454344 ], [ 18.258329533245707, 45.967921654454344 ], [ 18.258329533245707, 45.968030869075065 ], [ 18.258111104004257, 45.968030869075065 ], [ 18.258111104004257, 45.968140083695793 ], [ 18.258001889383532, 45.968140083695793 ], [ 18.258001889383532, 45.968358512937236 ], [ 18.257892674762811, 45.968358512937236 ], [ 18.257892674762811, 45.968686156799414 ], [ 18.257783460142086, 45.968686156799414 ], [ 18.257783460142086, 45.969013800661585 ], [ 18.257674245521361, 45.969013800661585 ], [ 18.257674245521361, 45.969123015282307 ], [ 18.256909743176291, 45.969123015282307 ], [ 18.256909743176291, 45.969232229903035 ], [ 18.25636367007267, 45.969232229903035 ], [ 18.25636367007267, 45.969341444523756 ], [ 18.256254455451945, 45.969341444523756 ], [ 18.256254455451945, 45.969450659144485 ], [ 18.25614524083122, 45.969450659144485 ], [ 18.25614524083122, 45.969559873765206 ], [ 18.256036026210499, 45.969559873765206 ], [ 18.256036026210499, 45.969778303006656 ], [ 18.255926811589774, 45.969778303006656 ], [ 18.255926811589774, 45.969887517627377 ], [ 18.255817596969049, 45.969887517627377 ], [ 18.255817596969049, 45.969996732248106 ], [ 18.255708382348324, 45.969996732248106 ], [ 18.255708382348324, 45.970105946868827 ], [ 18.255599167727599, 45.970105946868827 ], [ 18.255599167727599, 45.970324376110277 ], [ 18.255708382348324, 45.970324376110277 ], [ 18.255708382348324, 45.970433590730998 ], [ 18.255817596969049, 45.970433590730998 ], [ 18.255817596969049, 45.970542805351727 ], [ 18.255926811589774, 45.970542805351727 ], [ 18.255926811589774, 45.970652019972448 ], [ 18.25614524083122, 45.970652019972448 ], [ 18.25614524083122, 45.970542805351727 ], [ 18.256254455451945, 45.970542805351727 ], [ 18.256254455451945, 45.970652019972448 ], [ 18.25636367007267, 45.970652019972448 ], [ 18.25636367007267, 45.970870449213898 ], [ 18.256472884693395, 45.970870449213898 ], [ 18.256472884693395, 45.970979663834619 ], [ 18.256254455451945, 45.970979663834619 ] ] ] } },
{ "type": "Feature", "properties": { "parcel_id": 45, "area_ha": 16.05, "pixels": 1605 }, "geometry": { "type": "Polygon", "coordinates": [ [ [ 18.237360326066646, 45.970870449213898 ], [ 18.237360326066646, 45.970542805351727 ], [ 18.237469540687371, 45.970542805351727 ], [ 18.237469540687371, 45.970433590730998 ], [ 18.237797184549546, 45.970433590730998 ], [ 18.237797184549546, 45.970324376110277 ], [ 18.238124828411717, 45.970324376110277 ], [ 18.238124828411717, 45.970215161489556 ], [ 18.238234043032442, 45.970215161489556 ], [ 18.238234043032442, 45.969887517627377 ], [ 18.238124828411717, 45.969887517627377 ], [ 18.238124828411717, 45.969778303006656 ], [ 18.238015613790992, 45.969778303006656 ], [ 18.238015613790992, 45.969669088385928 ], [ 18.237906399170267, 45.969669088385928 ], [ 18.237906399170267, 45.969559873765206 ], [ 18.237687969928821, 45.969559873765206 ], [ 18.237687969928821, 45.969450659144485 ], [ 18.237578755308096, 45.969450659144485 ], [ 18.237578755308096, 45.969013800661585 ], [ 18.237687969928821, 45.969013800661585 ], [ 18.237687969928821, 45.968904586040864 ], [ 18.237797184549546, 45.968904586040864 ], [ 18.237797184549546, 45.968686156799414 ], [ 18.237687969928821, 45.968686156799414 ], [ 18.237687969928821, 45.967812439833615 ], [ 18.237797184549546, 45.967812439833615 ], [ 18.237797184549546, 45.967484795971444 ], [ 18.237906399170267, 45.967484795971444 ], [ 18.237906399170267, 45.967266366729994 ], [ 18.238015613790992, 45.967266366729994 ], [ 18.238015613790992, 45.966938722867823 ], [ 18.238124828411717, 45.966938722867823 ], [ 18.238124828411717, 45.967047937488552 ], [ 18.238234043032442, 45.967047937488552 ], [ 18.238234043032442, 45.967157152109273 ], [ 18.238452472273892, 45.967157152109273 ], [ 18.238452472273892, 45.967266366729994 ], [ 18.238561686894613, 45.967266366729994 ], [ 18.238561686894613, 45.967375581350723 ], [ 18.238889330756788, 45.967375581350723 ], [ 18.238889330756788, 45.967266366729994 ], [ 18.239216974618959, 45.967266366729994 ], [ 18.239216974618959, 45.967157152109273 ], [ 18.239653833101858, 45.967157152109273 ], [ 18.239653833101858, 45.967047937488552 ], [ 18.240636764688375, 45.967047937488552 ], [ 18.240636764688375, 45.966938722867823 ], [ 18.241619696274892, 45.966938722867823 ], [ 18.241619696274892, 45.967047937488552 ], [ 18.242056554757792, 45.967047937488552 ], [ 18.242056554757792, 45.967157152109273 ], [ 18.242384198619963, 45.967157152109273 ], [ 18.242384198619963, 45.967266366729994 ], [ 18.243585559447929, 45.967266366729994 ], [ 18.243585559447929, 45.967375581350723 ], [ 18.243913203310104, 45.967375581350723 ], [ 18.243913203310104, 45.967484795971444 ], [ 18.244131632551554, 45.967484795971444 ], [ 18.244131632551554, 45.967812439833615 ], [ 18.244022417930829, 45.967812439833615 ], [ 18.244022417930829, 45.968249298316515 ], [ 18.244131632551554, 45.968249298316515 ], [ 18.244131632551554, 45.968358512937236 ], [ 18.244240847172275, 45.968358512937236 ], [ 18.244240847172275, 45.968576942178686 ], [ 18.244350061793, 45.968576942178686 ], [ 18.244350061793, 45.968795371420136 ], [ 18.244240847172275, 45.968795371420136 ], [ 18.244240847172275, 45.969123015282307 ], [ 18.244131632551554, 45.969123015282307 ], [ 18.244131632551554, 45.969232229903035 ], [ 18.244022417930829, 45.969232229903035 ], [ 18.244022417930829, 45.969341444523756 ], [ 18.243913203310104, 45.969341444523756 ], [ 18.243913203310104, 45.969450659144485 ], [ 18.244022417930829, 45.969450659144485 ], [ 18.244022417930829, 45.969559873765206 ], [ 18.244131632551554, 45.969559873765206 ], [ 18.244131632551554, 45.969669088385928 ], [ 18.244350061793, 45.969669088385928 ], [ 18.244350061793, 45.969778303006656 ], [ 18.244786920275896, 45.969778303006656 ], [ 18.244786920275896, 45.969887517627377 ], [ 18.244896134896621, 45.969887517627377 ], [ 18.244896134896621, 45.970215161489556 ], [ 18.244786920275896, 45.970215161489556 ], [ 18.244786920275896, 45.970324376110277 ], [ 18.244677705655175, 45.970324376110277 ], [ 18.244677705655175, 45.970433590730998 ], [ 18.243803988689379, 45.970433590730998 ], [ 18.243803988689379, 45.970324376110277 ], [ 18.239435403860409, 45.970324376110277 ], [ 18.239435403860409, 45.970215161489556 ], [ 18.239216974618959, 45.970215161489556 ], [ 18.239216974618959, 45.970105946868827 ], [ 18.239107759998234, 45.970105946868827 ], [ 18.239107759998234, 45.969996732248106 ], [ 18.238998545377513, 45.969996732248106 ], [ 18.238998545377513, 45.969778303006656 ], [ 18.239107759998234, 45.969778303006656 ], [ 18.239107759998234, 45.969669088385928 ], [ 18.239326189239684, 45.969669088385928 ], [ 18.239326189239684, 45.969559873765206 ], [ 18.239653833101858, 45.969559873765206 ], [ 18.239653833101858, 45.969450659144485 ], [ 18.240855193929825, 45.969450659144485 ], [ 18.240855193929825, 45.969232229903035 ], [ 18.239981476964029, 45.969232229903035 ], [ 18.239981476964029, 45.969123015282307 ], [ 18.23976304772258, 45.969123015282307 ], [ 18.23976304772258, 45.969013800661585 ], [ 18.239544618481133, 45.969013800661585 ], [ 18.239544618481133, 45.968904586040864 ], [ 18.238670901515338, 45.968904586040864 ], [ 18.238670901515338, 45.969013800661585 ], [ 18.238234043032442, 45.969013800661585 ], [ 18.238234043032442, 45.969123015282307 ], [ 18.238124828411717, 45.969123015282307 ], [ 18.238124828411717, 45.969450659144485 ], [ 18.238234043032442, 45.969450659144485 ], [ 18.238234043032442, 45.969559873765206 ], [ 18.238343257653167, 45.969559873765206 ], [ 18.238343257653167, 45.969669088385928 ], [ 18.238452472273892, 45.969669088385928 ], [ 18.238452472273892, 45.969778303006656 ], [ 18.238561686894613, 45.969778303006656 ], [ 18.238561686894613, 45.969887517627377 ], [ 18.238780116136063, 45.969887517627377 ], [ 18.238780116136063, 45.969996732248106 ], [ 18.238889330756788, 45.969996732248106 ], [ 18.238889330756788, 45.970215161489556 ], [ 18.238780116136063, 45.970215161489556 ], [ 18.238780116136063, 45.970324376110277 ], [ 18.238670901515338, 45.970324376110277 ], [ 18.238670901515338, 45.970433590730998 ], [ 18.238124828411717, 45.970433590730998 ], [ 18.238124828411717, 45.970542805351727 ], [ 18.237687969928821, 45.970542805351727 ], [ 18.237687969928821, 45.970652019972448 ], [ 18.237469540687371, 45.970652019972448 ], [ 18.237469540687371, 45.970870449213898 ], [ 18.237360326066646, 45.970870449213898 ] ] ] } },
{ "type": "Feature", "properties": { "parcel_id": 46, "area_ha": 8.11, "pixels": 811 }, "geometry": { "type": "Polygon", "coordinates": [ [ [ 18.247626500414729, 45.970542805351727 ], [ 18.247626500414729, 45.970433590730998 ], [ 18.247517285794004, 45.970433590730998 ], [ 18.247517285794004, 45.970324376110277 ], [ 18.247298856552554, 45.970324376110277 ], [ 18.247298856552554, 45.970215161489556 ], [ 18.247189641931833, 45.970215161489556 ], [ 18.247189641931833, 45.970105946868827 ], [ 18.247080427311108, 45.970105946868827 ], [ 18.247080427311108, 45.969778303006656 ], [ 18.247189641931833, 45.969778303006656 ], [ 18.247189641931833, 45.969669088385928 ], [ 18.248063358897625, 45.969669088385928 ], [ 18.248063358897625, 45.969559873765206 ], [ 18.248281788139074, 45.969559873765206 ], [ 18.248281788139074, 45.969669088385928 ], [ 18.248609432001246, 45.969669088385928 ], [ 18.248609432001246, 45.969778303006656 ], [ 18.249046290484145, 45.969778303006656 ], [ 18.249046290484145, 45.969559873765206 ], [ 18.24915550510487, 45.969559873765206 ], [ 18.24915550510487, 45.969450659144485 ], [ 18.249046290484145, 45.969450659144485 ], [ 18.249046290484145, 45.969341444523756 ], [ 18.24893707586342, 45.969341444523756 ], [ 18.24893707586342, 45.969232229903035 ], [ 18.24871864662197, 45.969232229903035 ], [ 18.24871864662197, 45.969123015282307 ], [ 18.247735715035454, 45.969123015282307 ], [ 18.247735715035454, 45.969013800661585 ], [ 18.247517285794004, 45.969013800661585 ], [ 18.247517285794004, 45.969123015282307 ], [ 18.247298856552554, 45.969123015282307 ], [ 18.247298856552554, 45.969232229903035 ], [ 18.246971212690383, 45.969232229903035 ], [ 18.246971212690383, 45.969123015282307 ], [ 18.246643568828212, 45.969123015282307 ], [ 18.246643568828212, 45.969013800661585 ], [ 18.246534354207487, 45.969013800661585 ], [ 18.246534354207487, 45.968795371420136 ], [ 18.246752783448933, 45.968795371420136 ], [ 18.246752783448933, 45.968686156799414 ], [ 18.247298856552554, 45.968686156799414 ], [ 18.247298856552554, 45.968576942178686 ], [ 18.247408071173279, 45.968576942178686 ], [ 18.247408071173279, 45.968467727557965 ], [ 18.247517285794004, 45.968467727557965 ], [ 18.247517285794004, 45.968358512937236 ], [ 18.247626500414729, 45.968358512937236 ], [ 18.247626500414729, 45.968249298316515 ], [ 18.247517285794004, 45.968249298316515 ], [ 18.247517285794004, 45.968140083695793 ], [ 18.247408071173279, 45.968140083695793 ], [ 18.247408071173279, 45.968030869075065 ], [ 18.247189641931833, 45.968030869075065 ], [ 18.247189641931833, 45.967921654454344 ], [ 18.246752783448933, 45.967921654454344 ], [ 18.246752783448933, 45.967812439833615 ], [ 18.246425139586762, 45.967812439833615 ], [ 18.246425139586762, 45.967703225212894 ], [ 18.246097495724587, 45.967703225212894 ], [ 18.246097495724587, 45.967594010592173 ], [ 18.245660637241691, 45.967594010592173 ], [ 18.245660637241691, 45.967703225212894 ], [ 18.245442208000242, 45.967703225212894 ], [ 18.245442208000242, 45.967812439833615 ], [ 18.24533299337952, 45.967812439833615 ], [ 18.24533299337952, 45.967921654454344 ], [ 18.245005349517346, 45.967921654454344 ], [ 18.245005349517346, 45.967812439833615 ], [ 18.244786920275896, 45.967812439833615 ], [ 18.244786920275896, 45.967703225212894 ], [ 18.24456849103445, 45.967703225212894 ], [ 18.24456849103445, 45.967594010592173 ], [ 18.244459276413725, 45.967594010592173 ], [ 18.244459276413725, 45.967484795971444 ], [ 18.24456849103445, 45.967484795971444 ], [ 18.24456849103445, 45.967375581350723 ], [ 18.244677705655175, 45.967375581350723 ], [ 18.244677705655175, 45.967266366729994 ], [ 18.245442208000242, 45.967266366729994 ], [ 18.245442208000242, 45.967375581350723 ], [ 18.246097495724587, 45.967375581350723 ], [ 18.246097495724587, 45.967484795971444 ], [ 18.247189641931833, 45.967484795971444 ], [ 18.247189641931833, 45.967375581350723 ], [ 18.247298856552554, 45.967375581350723 ], [ 18.247298856552554, 45.967157152109273 ], [ 18.247408071173279, 45.967157152109273 ], [ 18.247408071173279, 45.966938722867823 ], [ 18.2479541442769, 45.966938722867823 ], [ 18.2479541442769, 45.967047937488552 ], [ 18.24817257351835, 45.967047937488552 ], [ 18.24817257351835, 45.967157152109273 ], [ 18.249264719725591, 45.967157152109273 ], [ 18.249264719725591, 45.967266366729994 ], [ 18.249483148967041, 45.967266366729994 ], [ 18.249483148967041, 45.967375581350723 ], [ 18.249592363587766, 45.967375581350723 ], [ 18.249592363587766, 45.967484795971444 ], [ 18.249701578208491, 45.967484795971444 ], [ 18.249701578208491, 45.967703225212894 ], [ 18.249810792829212, 45.967703225212894 ], [ 18.249810792829212, 45.967812439833615 ], [ 18.249920007449937, 45.967812439833615 ], [ 18.249920007449937, 45.967921654454344 ], [ 18.250029222070662, 45.967921654454344 ], [ 18.250029222070662, 45.968030869075065 ], [ 18.250356865932837, 45.968030869075065 ], [ 18.250356865932837, 45.968140083695793 ], [ 18.250575295174283, 45.968140083695793 ], [ 18.250575295174283, 45.968249298316515 ], [ 18.250684509795008, 45.968249298316515 ], [ 18.250684509795008, 45.969013800661585 ], [ 18.250575295174283, 45.969013800661585 ], [ 18.250575295174283, 45.969123015282307 ], [ 18.250356865932837, 45.969123015282307 ], [ 18.250356865932837, 45.969232229903035 ], [ 18.250247651312112, 45.969232229903035 ], [ 18.250247651312112, 45.969341444523756 ], [ 18.250138436691387, 45.969341444523756 ], [ 18.250138436691387, 45.969450659144485 ], [ 18.250029222070662, 45.969450659144485 ], [ 18.250029222070662, 45.969778303006656 ], [ 18.249920007449937, 45.969778303006656 ], [ 18.249920007449937, 45.969887517627377 ], [ 18.249810792829212, 45.969887517627377 ], [ 18.249810792829212, 45.969996732248106 ], [ 18.249592363587766, 45.969996732248106 ], [ 18.249592363587766, 45.970105946868827 ], [ 18.249373934346316, 45.970105946868827 ], [ 18.249373934346316, 45.970215161489556 ], [ 18.24915550510487, 45.970215161489556 ], [ 18.24915550510487, 45.970324376110277 ], [ 18.24893707586342, 45.970324376110277 ], [ 18.24893707586342, 45.970433590730998 ], [ 18.248500217380524, 45.970433590730998 ], [ 18.248500217380524, 45.970542805351727 ], [ 18.247626500414729, 45.970542805351727 ] ] ] } },
{ "type": "Feature", "properties": { "parcel_id": 47, "area_ha": 11.2, "pixels": 1120 }, "geometry": { "type": "Polygon", "coordinates": [ [ [ 18.277551306493176, 45.969996732248106 ], [ 18.277551306493176, 45.969887517627377 ], [ 18.277442091872455, 45.969887517627377 ], [ 18.277442091872455, 45.969778303006656 ], [ 18.27733287725173, 45.969778303006656 ], [ 18.27733287725173, 45.969669088385928 ], [ 18.277223662631005, 45.969669088385928 ], [ 18.277223662631005, 45.969450659144485 ], [ 18.277114448010281, 45.969450659144485 ], [ 18.277114448010281, 45.969232229903035 ], [ 18.277005233389556, 45.969232229903035 ], [ 18.277005233389556, 45.969123015282307 ], [ 18.276786804148109, 45.969123015282307 ], [ 18.276786804148109, 45.969013800661585 ], [ 18.27656837490666, 45.969013800661585 ], [ 18.27656837490666, 45.968904586040864 ], [ 18.27634994566521, 45.968904586040864 ], [ 18.27634994566521, 45.968795371420136 ], [ 18.275913087182314, 45.968795371420136 ], [ 18.275913087182314, 45.968686156799414 ], [ 18.275476228699418, 45.968686156799414 ], [ 18.275476228699418, 45.968576942178686 ], [ 18.275257799457968, 45.968576942178686 ], [ 18.275257799457968, 45.968467727557965 ], [ 18.275148584837243, 45.968467727557965 ], [ 18.275148584837243, 45.968358512937236 ], [ 18.275039370216518, 45.968358512937236 ], [ 18.275039370216518, 45.968249298316515 ], [ 18.275148584837243, 45.968249298316515 ], [ 18.275148584837243, 45.968140083695793 ], [ 18.275257799457968, 45.968140083695793 ], [ 18.275257799457968, 45.968030869075065 ], [ 18.275585443320139, 45.968030869075065 ], [ 18.275585443320139, 45.967921654454344 ], [ 18.276896018768831, 45.967921654454344 ], [ 18.276896018768831, 45.968030869075065 ], [ 18.277442091872455, 45.968030869075065 ], [ 18.277442091872455, 45.968140083695793 ], [ 18.278315808838247, 45.968140083695793 ], [ 18.278315808838247, 45.967266366729994 ], [ 18.278206594217522, 45.967266366729994 ], [ 18.278206594217522, 45.966938722867823 ], [ 18.278097379596797, 45.966938722867823 ], [ 18.278097379596797, 45.966611079005652 ], [ 18.277988164976076, 45.966611079005652 ], [ 18.277988164976076, 45.966283435143481 ], [ 18.277878950355351, 45.966283435143481 ], [ 18.277878950355351, 45.965846576660581 ], [ 18.277769735734626, 45.965846576660581 ], [ 18.277769735734626, 45.965628147419132 ], [ 18.277660521113901, 45.965628147419132 ], [ 18.277660521113901, 45.96551893279841 ], [ 18.27733287725173, 45.96551893279841 ], [ 18.27733287725173, 45.965409718177682 ], [ 18.27656837490666, 45.965409718177682 ], [ 18.27656837490666, 45.965300503556961 ], [ 18.27634994566521, 45.965300503556961 ], [ 18.27634994566521, 45.965191288936239 ], [ 18.276131516423764, 45.965191288936239 ], [ 18.276131516423764, 45.965082074315511 ], [ 18.275694657940864, 45.965082074315511 ], [ 18.275694657940864, 45.965191288936239 ], [ 18.275476228699418, 45.965191288936239 ], [ 18.275476228699418, 45.965300503556961 ], [ 18.275367014078693, 45.965300503556961 ], [ 18.275367014078693, 45.965409718177682 ], [ 18.275257799457968, 45.965409718177682 ], [ 18.275257799457968, 45.96551893279841 ], [ 18.275148584837243, 45.96551893279841 ], [ 18.275148584837243, 45.965628147419132 ], [ 18.274930155595797, 45.965628147419132 ], [ 18.274930155595797, 45.96573736203986 ], [ 18.274711726354347, 45.96573736203986 ], [ 18.274711726354347, 45.965846576660581 ], [ 18.274493297112897, 45.965846576660581 ], [ 18.274493297112897, 45.965955791281303 ], [ 18.274274867871451, 45.965955791281303 ], [ 18.274274867871451, 45.966065005902031 ], [ 18.274056438630002, 45.966065005902031 ], [ 18.274056438630002, 45.966174220522753 ], [ 18.273291936284931, 45.966174220522753 ], [ 18.273291936284931, 45.966065005902031 ], [ 18.27296429242276, 45.966065005902031 ], [ 18.27296429242276, 45.965955791281303 ], [ 18.273073507043481, 45.965955791281303 ], [ 18.273073507043481, 45.96573736203986 ], [ 18.273182721664206, 45.96573736203986 ], [ 18.273182721664206, 45.965628147419132 ], [ 18.273401150905656, 45.965628147419132 ], [ 18.273401150905656, 45.965409718177682 ], [ 18.273510365526381, 45.965409718177682 ], [ 18.273510365526381, 45.965300503556961 ], [ 18.273838009388552, 45.965300503556961 ], [ 18.273838009388552, 45.965191288936239 ], [ 18.274056438630002, 45.965191288936239 ], [ 18.274056438630002, 45.96497285969479 ], [ 18.274165653250726, 45.96497285969479 ], [ 18.274165653250726, 45.964645215832611 ], [ 18.274274867871451, 45.964645215832611 ], [ 18.274274867871451, 45.96453600121189 ], [ 18.274493297112897, 45.96453600121189 ], [ 18.274493297112897, 45.96431757197044 ], [ 18.274602511733622, 45.96431757197044 ], [ 18.274602511733622, 45.963989928108269 ], [ 18.274820940975072, 45.963989928108269 ], [ 18.274820940975072, 45.963880713487548 ], [ 18.275803872561589, 45.963880713487548 ], [ 18.275803872561589, 45.963989928108269 ], [ 18.27656837490666, 45.963989928108269 ], [ 18.27656837490666, 45.96409914272899 ], [ 18.277005233389556, 45.96409914272899 ], [ 18.277005233389556, 45.964208357349719 ], [ 18.277551306493176, 45.964208357349719 ], [ 18.277551306493176, 45.96409914272899 ], [ 18.277660521113901, 45.96409914272899 ], [ 18.277660521113901, 45.963989928108269 ], [ 18.277878950355351, 45.963989928108269 ], [ 18.277878950355351, 45.964208357349719 ], [ 18.277988164976076, 45.964208357349719 ], [ 18.277988164976076, 45.96409914272899 ], [ 18.278206594217522, 45.96409914272899 ], [ 18.278206594217522, 45.96431757197044 ], [ 18.278315808838247, 45.96431757197044 ], [ 18.278315808838247, 45.96475443045334 ], [ 18.278425023458972, 45.96475443045334 ], [ 18.278425023458972, 45.96497285969479 ], [ 18.278534238079697, 45.96497285969479 ], [ 18.278534238079697, 45.965082074315511 ], [ 18.278643452700422, 45.965082074315511 ], [ 18.278643452700422, 45.96573736203986 ], [ 18.278534238079697, 45.96573736203986 ], [ 18.278534238079697, 45.966283435143481 ], [ 18.278425023458972, 45.966283435143481 ], [ 18.278425023458972, 45.966720293626373 ], [ 18.278534238079697, 45.966720293626373 ], [ 18.278534238079697, 45.966938722867823 ], [ 18.278643452700422, 45.966938722867823 ], [ 18.278643452700422, 45.967266366729994 ], [ 18.278752667321143, 45.967266366729994 ], [ 18.278752667321143, 45.967484795971444 ], [ 18.278861881941868, 45.967484795971444 ], [ 18.278861881941868, 45.967594010592173 ], [ 18.278971096562593, 45.967594010592173 ], [ 18.278971096562593, 45.967703225212894 ], [ 18.279080311183318, 45.967703225212894 ], [ 18.279080311183318, 45.967812439833615 ], [ 18.279189525804043, 45.967812439833615 ], [ 18.279189525804043, 45.967921654454344 ], [ 18.279298740424768, 45.967921654454344 ], [ 18.279298740424768, 45.968140083695793 ], [ 18.279517169666214, 45.968140083695793 ], [ 18.279517169666214, 45.968249298316515 ], [ 18.28017245739056, 45.968249298316515 ], [ 18.28017245739056, 45.968140083695793 ], [ 18.28071853049418, 45.968140083695793 ], [ 18.28071853049418, 45.968249298316515 ], [ 18.280281672011284, 45.968249298316515 ], [ 18.280281672011284, 45.968358512937236 ], [ 18.279626384286939, 45.968358512937236 ], [ 18.279626384286939, 45.968467727557965 ], [ 18.279407955045489, 45.968467727557965 ], [ 18.279407955045489, 45.968686156799414 ], [ 18.279517169666214, 45.968686156799414 ], [ 18.279517169666214, 45.968795371420136 ], [ 18.279626384286939, 45.968795371420136 ], [ 18.279626384286939, 45.969013800661585 ], [ 18.279735598907664, 45.969013800661585 ], [ 18.279735598907664, 45.969123015282307 ], [ 18.279517169666214, 45.969123015282307 ], [ 18.279517169666214, 45.969232229903035 ], [ 18.279298740424768, 45.969232229903035 ], [ 18.279298740424768, 45.969013800661585 ], [ 18.279189525804043, 45.969013800661585 ], [ 18.279189525804043, 45.968904586040864 ], [ 18.279080311183318, 45.968904586040864 ], [ 18.279080311183318, 45.968795371420136 ], [ 18.278752667321143, 45.968795371420136 ], [ 18.278752667321143, 45.968904586040864 ], [ 18.278643452700422, 45.968904586040864 ], [ 18.278643452700422, 45.969123015282307 ], [ 18.278534238079697, 45.969123015282307 ], [ 18.278534238079697, 45.969232229903035 ], [ 18.278425023458972, 45.969232229903035 ], [ 18.278425023458972, 45.969341444523756 ], [ 18.278315808838247, 45.969341444523756 ], [ 18.278315808838247, 45.969450659144485 ], [ 18.278206594217522, 45.969450659144485 ], [ 18.278206594217522, 45.969559873765206 ], [ 18.278097379596797, 45.969559873765206 ], [ 18.278097379596797, 45.969669088385928 ], [ 18.277988164976076, 45.969669088385928 ], [ 18.277988164976076, 45.969887517627377 ], [ 18.277878950355351, 45.969887517627377 ], [ 18.277878950355351, 45.969996732248106 ], [ 18.277551306493176, 45.969996732248106 ] ] ] } },
{ "type": "Feature", "properties": { "parcel_id": 48, "area_ha": 13.4, "pixels": 1340 }, "geometry": { "type": "Polygon", "coordinates": [ [ [ 18.23615896523868, 45.969559873765206 ], [ 18.23615896523868, 45.968358512937236 ], [ 18.236049750617955, 45.968358512937236 ], [ 18.236049750617955, 45.967594010592173 ], [ 18.235940535997234, 45.967594010592173 ], [ 18.235940535997234, 45.966501864384924 ], [ 18.236049750617955, 45.966501864384924 ], [ 18.236049750617955, 45.966283435143481 ], [ 18.235940535997234, 45.966283435143481 ], [ 18.235940535997234, 45.966392649764202 ], [ 18.235831321376509, 45.966392649764202 ], [ 18.235831321376509, 45.964863645074061 ], [ 18.235722106755784, 45.964863645074061 ], [ 18.235722106755784, 45.959402914037852 ], [ 18.235831321376509, 45.959402914037852 ], [ 18.235831321376509, 45.958638411692782 ], [ 18.235722106755784, 45.958638411692782 ], [ 18.235722106755784, 45.95754626548554 ], [ 18.235831321376509, 45.95754626548554 ], [ 18.235831321376509, 45.95634490465757 ], [ 18.235940535997234, 45.95634490465757 ], [ 18.235940535997234, 45.956672548519741 ], [ 18.236049750617955, 45.956672548519741 ], [ 18.236049750617955, 45.961368777210886 ], [ 18.23615896523868, 45.961368777210886 ], [ 18.23615896523868, 45.961914850314507 ], [ 18.236049750617955, 45.961914850314507 ], [ 18.236049750617955, 45.963006996521749 ], [ 18.23615896523868, 45.963006996521749 ], [ 18.23615896523868, 45.964426786591169 ], [ 18.23637739448013, 45.964426786591169 ], [ 18.23637739448013, 45.964208357349719 ], [ 18.236486609100854, 45.964208357349719 ], [ 18.236486609100854, 45.96409914272899 ], [ 18.236595823721576, 45.96409914272899 ], [ 18.236595823721576, 45.963989928108269 ], [ 18.236705038342301, 45.963989928108269 ], [ 18.236705038342301, 45.963880713487548 ], [ 18.23692346758375, 45.963880713487548 ], [ 18.23692346758375, 45.963771498866819 ], [ 18.237032682204475, 45.963771498866819 ], [ 18.237032682204475, 45.963662284246098 ], [ 18.2371418968252, 45.963662284246098 ], [ 18.2371418968252, 45.963225425763198 ], [ 18.237032682204475, 45.963225425763198 ], [ 18.237032682204475, 45.962570138038856 ], [ 18.2371418968252, 45.962570138038856 ], [ 18.2371418968252, 45.962351708797407 ], [ 18.237251111445921, 45.962351708797407 ], [ 18.237251111445921, 45.962133279555957 ], [ 18.237360326066646, 45.962133279555957 ], [ 18.237360326066646, 45.961914850314507 ], [ 18.237469540687371, 45.961914850314507 ], [ 18.237469540687371, 45.961587206452336 ], [ 18.237578755308096, 45.961587206452336 ], [ 18.237578755308096, 45.961477991831607 ], [ 18.237687969928821, 45.961477991831607 ], [ 18.237687969928821, 45.961368777210886 ], [ 18.237906399170267, 45.961368777210886 ], [ 18.237906399170267, 45.961259562590165 ], [ 18.238124828411717, 45.961259562590165 ], [ 18.238124828411717, 45.961368777210886 ], [ 18.238343257653167, 45.961368777210886 ], [ 18.238343257653167, 45.961477991831607 ], [ 18.238452472273892, 45.961477991831607 ], [ 18.238452472273892, 45.961587206452336 ], [ 18.238561686894613, 45.961587206452336 ], [ 18.238561686894613, 45.961696421073057 ], [ 18.238670901515338, 45.961696421073057 ], [ 18.238670901515338, 45.961587206452336 ], [ 18.238780116136063, 45.961587206452336 ], [ 18.238780116136063, 45.961259562590165 ], [ 18.238889330756788, 45.961259562590165 ], [ 18.238889330756788, 45.961041133348715 ], [ 18.239107759998234, 45.961041133348715 ], [ 18.239107759998234, 45.961587206452336 ], [ 18.238998545377513, 45.961587206452336 ], [ 18.238998545377513, 45.961914850314507 ], [ 18.238889330756788, 45.961914850314507 ], [ 18.238889330756788, 45.962351708797407 ], [ 18.238780116136063, 45.962351708797407 ], [ 18.238780116136063, 45.962788567280299 ], [ 18.238670901515338, 45.962788567280299 ], [ 18.238670901515338, 45.962679352659578 ], [ 18.238561686894613, 45.962679352659578 ], [ 18.238561686894613, 45.964863645074061 ], [ 18.238452472273892, 45.964863645074061 ], [ 18.238452472273892, 45.965191288936239 ], [ 18.238343257653167, 45.965191288936239 ], [ 18.238343257653167, 45.96551893279841 ], [ 18.238234043032442, 45.96551893279841 ], [ 18.238234043032442, 45.96573736203986 ], [ 18.238124828411717, 45.96573736203986 ], [ 18.238124828411717, 45.965846576660581 ], [ 18.238015613790992, 45.965846576660581 ], [ 18.238015613790992, 45.966174220522753 ], [ 18.237906399170267, 45.966174220522753 ], [ 18.237906399170267, 45.966283435143481 ], [ 18.237797184549546, 45.966283435143481 ], [ 18.237797184549546, 45.966611079005652 ], [ 18.237687969928821, 45.966611079005652 ], [ 18.237687969928821, 45.966829508247102 ], [ 18.237578755308096, 45.966829508247102 ], [ 18.237578755308096, 45.967047937488552 ], [ 18.237469540687371, 45.967047937488552 ], [ 18.237469540687371, 45.967266366729994 ], [ 18.237360326066646, 45.967266366729994 ], [ 18.237360326066646, 45.967594010592173 ], [ 18.237251111445921, 45.967594010592173 ], [ 18.237251111445921, 45.967921654454344 ], [ 18.2371418968252, 45.967921654454344 ], [ 18.2371418968252, 45.968249298316515 ], [ 18.237032682204475, 45.968249298316515 ], [ 18.237032682204475, 45.968686156799414 ], [ 18.23692346758375, 45.968686156799414 ], [ 18.23692346758375, 45.968904586040864 ], [ 18.236814252963025, 45.968904586040864 ], [ 18.236814252963025, 45.969013800661585 ], [ 18.236705038342301, 45.969013800661585 ], [ 18.236705038342301, 45.969232229903035 ], [ 18.236595823721576, 45.969232229903035 ], [ 18.236595823721576, 45.969341444523756 ], [ 18.23637739448013, 45.969341444523756 ], [ 18.23637739448013, 45.969450659144485 ], [ 18.236268179859405, 45.969450659144485 ], [ 18.236268179859405, 45.969559873765206 ], [ 18.23615896523868, 45.969559873765206 ] ] ] } },
{ "type": "Feature", "properties": { "parcel_id": 49, "area_ha": 13.97, "pixels": 1397 }, "geometry": { "type": "Polygon", "coordinates": [ [ [ 18.276459160285935, 45.969123015282307 ], [ 18.276459160285935, 45.969013800661585 ], [ 18.276131516423764, 45.969013800661585 ], [ 18.276131516423764, 45.968904586040864 ], [ 18.275476228699418, 45.968904586040864 ], [ 18.275476228699418, 45.968795371420136 ], [ 18.275039370216518, 45.968795371420136 ], [ 18.275039370216518, 45.968686156799414 ], [ 18.274820940975072, 45.968686156799414 ], [ 18.274820940975072, 45.968576942178686 ], [ 18.274493297112897, 45.968576942178686 ], [ 18.274493297112897, 45.968467727557965 ], [ 18.274165653250726, 45.968467727557965 ], [ 18.274165653250726, 45.968358512937236 ], [ 18.273838009388552, 45.968358512937236 ], [ 18.273838009388552, 45.968249298316515 ], [ 18.273401150905656, 45.968249298316515 ], [ 18.273401150905656, 45.968140083695793 ], [ 18.273073507043481, 45.968140083695793 ], [ 18.273073507043481, 45.968030869075065 ], [ 18.27274586318131, 45.968030869075065 ], [ 18.27274586318131, 45.967921654454344 ], [ 18.272418219319139, 45.967921654454344 ], [ 18.272418219319139, 45.967812439833615 ], [ 18.271981360836239, 45.967812439833615 ], [ 18.271981360836239, 45.967703225212894 ], [ 18.271653716974068, 45.967703225212894 ], [ 18.271653716974068, 45.967594010592173 ], [ 18.271435287732618, 45.967594010592173 ], [ 18.271435287732618, 45.967484795971444 ], [ 18.271107643870447, 45.967484795971444 ], [ 18.271107643870447, 45.967266366729994 ], [ 18.270670785387548, 45.967266366729994 ], [ 18.270670785387548, 45.966829508247102 ], [ 18.270889214628998, 45.966829508247102 ], [ 18.270889214628998, 45.966720293626373 ], [ 18.270998429249723, 45.966720293626373 ], [ 18.270998429249723, 45.966611079005652 ], [ 18.271216858491169, 45.966611079005652 ], [ 18.271216858491169, 45.966501864384924 ], [ 18.271435287732618, 45.966501864384924 ], [ 18.271435287732618, 45.966392649764202 ], [ 18.271762931594793, 45.966392649764202 ], [ 18.271762931594793, 45.966283435143481 ], [ 18.271981360836239, 45.966283435143481 ], [ 18.271981360836239, 45.966174220522753 ], [ 18.272199790077689, 45.966174220522753 ], [ 18.272199790077689, 45.966065005902031 ], [ 18.272309004698414, 45.966065005902031 ], [ 18.272309004698414, 45.965955791281303 ], [ 18.27252743393986, 45.965955791281303 ], [ 18.27252743393986, 45.965846576660581 ], [ 18.27274586318131, 45.965846576660581 ], [ 18.27274586318131, 45.96573736203986 ], [ 18.272855077802035, 45.96573736203986 ], [ 18.272855077802035, 45.965628147419132 ], [ 18.27296429242276, 45.965628147419132 ], [ 18.27296429242276, 45.96551893279841 ], [ 18.273073507043481, 45.96551893279841 ], [ 18.273073507043481, 45.965409718177682 ], [ 18.273401150905656, 45.965409718177682 ], [ 18.273401150905656, 45.965628147419132 ], [ 18.273182721664206, 45.965628147419132 ], [ 18.273182721664206, 45.96573736203986 ], [ 18.273073507043481, 45.96573736203986 ], [ 18.273073507043481, 45.965955791281303 ], [ 18.27296429242276, 45.965955791281303 ], [ 18.27296429242276, 45.966065005902031 ], [ 18.273291936284931, 45.966065005902031 ], [ 18.273291936284931, 45.966174220522753 ], [ 18.274056438630002, 45.966174220522753 ], [ 18.274056438630002, 45.966065005902031 ], [ 18.274274867871451, 45.966065005902031 ], [ 18.274274867871451, 45.965955791281303 ], [ 18.274493297112897, 45.965955791281303 ], [ 18.274493297112897, 45.965846576660581 ], [ 18.274711726354347, 45.965846576660581 ], [ 18.274711726354347, 45.96573736203986 ], [ 18.274930155595797, 45.96573736203986 ], [ 18.274930155595797, 45.965628147419132 ], [ 18.275148584837243, 45.965628147419132 ], [ 18.275148584837243, 45.96551893279841 ], [ 18.275257799457968, 45.96551893279841 ], [ 18.275257799457968, 45.965409718177682 ], [ 18.275367014078693, 45.965409718177682 ], [ 18.275367014078693, 45.965300503556961 ], [ 18.275476228699418, 45.965300503556961 ], [ 18.275476228699418, 45.965191288936239 ], [ 18.275694657940864, 45.965191288936239 ], [ 18.275694657940864, 45.965082074315511 ], [ 18.276131516423764, 45.965082074315511 ], [ 18.276131516423764, 45.965191288936239 ], [ 18.27634994566521, 45.965191288936239 ], [ 18.27634994566521, 45.965300503556961 ], [ 18.27656837490666, 45.965300503556961 ], [ 18.27656837490666, 45.965409718177682 ], [ 18.27733287725173, 45.965409718177682 ], [ 18.27733287725173, 45.96551893279841 ], [ 18.277660521113901, 45.96551893279841 ], [ 18.277660521113901, 45.965628147419132 ], [ 18.277769735734626, 45.965628147419132 ], [ 18.277769735734626, 45.965846576660581 ], [ 18.277878950355351, 45.965846576660581 ], [ 18.277878950355351, 45.966283435143481 ], [ 18.277988164976076, 45.966283435143481 ], [ 18.277988164976076, 45.966611079005652 ], [ 18.278097379596797, 45.966611079005652 ], [ 18.278097379596797, 45.966938722867823 ], [ 18.278206594217522, 45.966938722867823 ], [ 18.278206594217522, 45.967266366729994 ], [ 18.278315808838247, 45.967266366729994 ], [ 18.278315808838247, 45.968140083695793 ], [ 18.277442091872455, 45.968140083695793 ], [ 18.277442091872455, 45.968030869075065 ], [ 18.276896018768831, 45.968030869075065 ], [ 18.276896018768831, 45.967921654454344 ], [ 18.275585443320139, 45.967921654454344 ], [ 18.275585443320139, 45.968030869075065 ], [ 18.275257799457968, 45.968030869075065 ], [ 18.275257799457968, 45.968140083695793 ], [ 18.275148584837243, 45.968140083695793 ], [ 18.275148584837243, 45.968249298316515 ], [ 18.275039370216518, 45.968249298316515 ], [ 18.275039370216518, 45.968358512937236 ], [ 18.275148584837243, 45.968358512937236 ], [ 18.275148584837243, 45.968467727557965 ], [ 18.275257799457968, 45.968467727557965 ], [ 18.275257799457968, 45.968576942178686 ], [ 18.275476228699418, 45.968576942178686 ], [ 18.275476228699418, 45.968686156799414 ], [ 18.275913087182314, 45.968686156799414 ], [ 18.275913087182314, 45.968795371420136 ], [ 18.27634994566521, 45.968795371420136 ], [ 18.27634994566521, 45.968904586040864 ], [ 18.27656837490666, 45.968904586040864 ], [ 18.27656837490666, 45.969013800661585 ], [ 18.276677589527385, 45.969013800661585 ], [ 18.276677589527385, 45.969123015282307 ], [ 18.276459160285935, 45.969123015282307 ] ] ] } },
{ "type": "Feature", "properties": { "parcel_id": 50, "area_ha": 12.77, "pixels": 1277 }, "geometry": { "type": "Polygon", "coordinates": [ [ [ 18.233756243582746, 45.969013800661585 ], [ 18.233756243582746, 45.961477991831607 ], [ 18.235722106755784, 45.961477991831607 ], [ 18.235722106755784, 45.964863645074061 ], [ 18.235831321376509, 45.964863645074061 ], [ 18.235831321376509, 45.968686156799414 ], [ 18.235722106755784, 45.968686156799414 ], [ 18.235722106755784, 45.969013800661585 ], [ 18.233756243582746, 45.969013800661585 ] ] ] } },
{ "type": "Feature", "properties": { "parcel_id": 51, "area_ha": 14.67, "pixels": 1467 }, "geometry": { "type": "Polygon", "coordinates": [ [ [ 18.28475947146098, 45.968904586040864 ], [ 18.28475947146098, 45.968795371420136 ], [ 18.284104183736634, 45.968795371420136 ], [ 18.284104183736634, 45.968576942178686 ], [ 18.284213398357359, 45.968576942178686 ], [ 18.284213398357359, 45.968467727557965 ], [ 18.284431827598805, 45.968467727557965 ], [ 18.284431827598805, 45.968358512937236 ], [ 18.28454104221953, 45.968358512937236 ], [ 18.28454104221953, 45.968140083695793 ], [ 18.284650256840255, 45.968140083695793 ], [ 18.284650256840255, 45.968030869075065 ], [ 18.28497790070243, 45.968030869075065 ], [ 18.28497790070243, 45.967921654454344 ], [ 18.285960832288946, 45.967921654454344 ], [ 18.285960832288946, 45.967812439833615 ], [ 18.286070046909671, 45.967812439833615 ], [ 18.286070046909671, 45.967703225212894 ], [ 18.286179261530396, 45.967703225212894 ], [ 18.286179261530396, 45.967484795971444 ], [ 18.286070046909671, 45.967484795971444 ], [ 18.286070046909671, 45.967375581350723 ], [ 18.28552397380605, 45.967375581350723 ], [ 18.28552397380605, 45.967266366729994 ], [ 18.285305544564601, 45.967266366729994 ], [ 18.285305544564601, 45.967157152109273 ], [ 18.285196329943876, 45.967157152109273 ], [ 18.285196329943876, 45.966501864384924 ], [ 18.285087115323151, 45.966501864384924 ], [ 18.285087115323151, 45.966392649764202 ], [ 18.28497790070243, 45.966392649764202 ], [ 18.28497790070243, 45.966065005902031 ], [ 18.284868686081705, 45.966065005902031 ], [ 18.284868686081705, 45.965955791281303 ], [ 18.284650256840255, 45.965955791281303 ], [ 18.284650256840255, 45.965846576660581 ], [ 18.283885754495184, 45.965846576660581 ], [ 18.283885754495184, 45.96573736203986 ], [ 18.283776539874459, 45.96573736203986 ], [ 18.283776539874459, 45.965628147419132 ], [ 18.283667325253738, 45.965628147419132 ], [ 18.283667325253738, 45.96551893279841 ], [ 18.283558110633013, 45.96551893279841 ], [ 18.283558110633013, 45.965191288936239 ], [ 18.283339681391563, 45.965191288936239 ], [ 18.283339681391563, 45.965082074315511 ], [ 18.282575179046493, 45.965082074315511 ], [ 18.282575179046493, 45.965191288936239 ], [ 18.282247535184322, 45.965191288936239 ], [ 18.282247535184322, 45.965300503556961 ], [ 18.282138320563597, 45.965300503556961 ], [ 18.282138320563597, 45.965409718177682 ], [ 18.281810676701426, 45.965409718177682 ], [ 18.281810676701426, 45.965300503556961 ], [ 18.281701462080701, 45.965300503556961 ], [ 18.281701462080701, 45.965082074315511 ], [ 18.281483032839251, 45.965082074315511 ], [ 18.281483032839251, 45.964863645074061 ], [ 18.281373818218526, 45.964863645074061 ], [ 18.281373818218526, 45.96453600121189 ], [ 18.281483032839251, 45.96453600121189 ], [ 18.281483032839251, 45.964426786591169 ], [ 18.281592247459976, 45.964426786591169 ], [ 18.281592247459976, 45.96431757197044 ], [ 18.281701462080701, 45.96431757197044 ], [ 18.281701462080701, 45.964208357349719 ], [ 18.281592247459976, 45.964208357349719 ], [ 18.281592247459976, 45.963989928108269 ], [ 18.281483032839251, 45.963989928108269 ], [ 18.281483032839251, 45.963880713487548 ], [ 18.281592247459976, 45.963880713487548 ], [ 18.281592247459976, 45.962788567280299 ], [ 18.282029105942872, 45.962788567280299 ], [ 18.282029105942872, 45.963006996521749 ], [ 18.282138320563597, 45.963006996521749 ], [ 18.282138320563597, 45.963662284246098 ], [ 18.282247535184322, 45.963662284246098 ], [ 18.282247535184322, 45.963771498866819 ], [ 18.282465964425771, 45.963771498866819 ], [ 18.282465964425771, 45.963880713487548 ], [ 18.283558110633013, 45.963880713487548 ], [ 18.283558110633013, 45.963771498866819 ], [ 18.283667325253738, 45.963771498866819 ], [ 18.283667325253738, 45.963662284246098 ], [ 18.283776539874459, 45.963662284246098 ], [ 18.283776539874459, 45.963116211142477 ], [ 18.283885754495184, 45.963116211142477 ], [ 18.283885754495184, 45.962897781901027 ], [ 18.283994969115909, 45.962897781901027 ], [ 18.283994969115909, 45.962788567280299 ], [ 18.28454104221953, 45.962788567280299 ], [ 18.28454104221953, 45.962897781901027 ], [ 18.285305544564601, 45.962897781901027 ], [ 18.285305544564601, 45.963006996521749 ], [ 18.28552397380605, 45.963006996521749 ], [ 18.28552397380605, 45.963116211142477 ], [ 18.286288476151118, 45.963116211142477 ], [ 18.286288476151118, 45.963225425763198 ], [ 18.286834549254742, 45.963225425763198 ], [ 18.286834549254742, 45.963880713487548 ], [ 18.286943763875463, 45.963880713487548 ], [ 18.286943763875463, 45.96409914272899 ], [ 18.287052978496188, 45.96409914272899 ], [ 18.287052978496188, 45.96497285969479 ], [ 18.287162193116913, 45.96497285969479 ], [ 18.287162193116913, 45.965191288936239 ], [ 18.287052978496188, 45.965191288936239 ], [ 18.287052978496188, 45.966501864384924 ], [ 18.286943763875463, 45.966501864384924 ], [ 18.286943763875463, 45.966938722867823 ], [ 18.287052978496188, 45.966938722867823 ], [ 18.287052978496188, 45.967484795971444 ], [ 18.286943763875463, 45.967484795971444 ], [ 18.286943763875463, 45.967703225212894 ], [ 18.286834549254742, 45.967703225212894 ], [ 18.286834549254742, 45.967812439833615 ], [ 18.286725334634017, 45.967812439833615 ], [ 18.286725334634017, 45.967921654454344 ], [ 18.286506905392567, 45.967921654454344 ], [ 18.286506905392567, 45.968030869075065 ], [ 18.286288476151118, 45.968030869075065 ], [ 18.286288476151118, 45.968140083695793 ], [ 18.286179261530396, 45.968140083695793 ], [ 18.286179261530396, 45.968249298316515 ], [ 18.285960832288946, 45.968249298316515 ], [ 18.285960832288946, 45.968358512937236 ], [ 18.285742403047497, 45.968358512937236 ], [ 18.285742403047497, 45.968467727557965 ], [ 18.285633188426775, 45.968467727557965 ], [ 18.285633188426775, 45.968576942178686 ], [ 18.28552397380605, 45.968576942178686 ], [ 18.28552397380605, 45.968686156799414 ], [ 18.285414759185326, 45.968686156799414 ], [ 18.285414759185326, 45.968795371420136 ], [ 18.285196329943876, 45.968795371420136 ], [ 18.285196329943876, 45.968904586040864 ], [ 18.28475947146098, 45.968904586040864 ] ] ] } },
{ "type": "Feature", "properties": { "parcel_id": 52, "area_ha": 5.24, "pixels": 524 }, "geometry": { "type": "Polygon", "coordinates": [ [ [ 18.266520629800027, 45.968467727557965 ], [ 18.266520629800027, 45.968358512937236 ], [ 18.266192985937852, 45.968358512937236 ], [ 18.266192985937852, 45.968249298316515 ], [ 18.265756127454956, 45.968249298316515 ], [ 18.265756127454956, 45.968140083695793 ], [ 18.265210054351336, 45.968140083695793 ], [ 18.265210054351336, 45.968030869075065 ], [ 18.264663981247715, 45.968030869075065 ], [ 18.264663981247715, 45.967921654454344 ], [ 18.264227122764819, 45.967921654454344 ], [ 18.264227122764819, 45.967812439833615 ], [ 18.263790264281919, 45.967812439833615 ], [ 18.263790264281919, 45.967703225212894 ], [ 18.263462620419748, 45.967703225212894 ], [ 18.263462620419748, 45.967594010592173 ], [ 18.263353405799023, 45.967594010592173 ], [ 18.263353405799023, 45.967266366729994 ], [ 18.263462620419748, 45.967266366729994 ], [ 18.263462620419748, 45.967047937488552 ], [ 18.263571835040473, 45.967047937488552 ], [ 18.263571835040473, 45.966829508247102 ], [ 18.263681049661194, 45.966829508247102 ], [ 18.263681049661194, 45.966611079005652 ], [ 18.263790264281919, 45.966611079005652 ], [ 18.263790264281919, 45.966501864384924 ], [ 18.264008693523369, 45.966501864384924 ], [ 18.264008693523369, 45.966392649764202 ], [ 18.26433633738554, 45.966392649764202 ], [ 18.26433633738554, 45.966501864384924 ], [ 18.26455476662699, 45.966501864384924 ], [ 18.26455476662699, 45.966611079005652 ], [ 18.265100839730611, 45.966611079005652 ], [ 18.265100839730611, 45.966720293626373 ], [ 18.265537698213507, 45.966720293626373 ], [ 18.265537698213507, 45.966829508247102 ], [ 18.265974556696406, 45.966829508247102 ], [ 18.265974556696406, 45.966938722867823 ], [ 18.266411415179302, 45.966938722867823 ], [ 18.266411415179302, 45.967047937488552 ], [ 18.266848273662198, 45.967047937488552 ], [ 18.266848273662198, 45.967157152109273 ], [ 18.267285132145098, 45.967157152109273 ], [ 18.267285132145098, 45.967266366729994 ], [ 18.267721990627994, 45.967266366729994 ], [ 18.267721990627994, 45.967375581350723 ], [ 18.26815884911089, 45.967375581350723 ], [ 18.26815884911089, 45.967484795971444 ], [ 18.268486492973064, 45.967484795971444 ], [ 18.268486492973064, 45.967594010592173 ], [ 18.268704922214511, 45.967594010592173 ], [ 18.268704922214511, 45.967812439833615 ], [ 18.268595707593789, 45.967812439833615 ], [ 18.268595707593789, 45.967921654454344 ], [ 18.268486492973064, 45.967921654454344 ], [ 18.268486492973064, 45.968030869075065 ], [ 18.268268063731615, 45.968030869075065 ], [ 18.268268063731615, 45.968140083695793 ], [ 18.268049634490165, 45.968140083695793 ], [ 18.268049634490165, 45.968249298316515 ], [ 18.267721990627994, 45.968249298316515 ], [ 18.267721990627994, 45.968358512937236 ], [ 18.267394346765823, 45.968358512937236 ], [ 18.267394346765823, 45.968467727557965 ], [ 18.266520629800027, 45.968467727557965 ] ] ] } },
{ "type": "Feature", "properties": { "parcel_id": 53, "area_ha": 11.84, "pixels": 1184 }, "geometry": { "type": "Polygon", "coordinates": [ [ [ 18.257346601659187, 45.968358512937236 ], [ 18.257346601659187, 45.968030869075065 ], [ 18.257237387038465, 45.968030869075065 ], [ 18.257237387038465, 45.967594010592173 ], [ 18.25712817241774, 45.967594010592173 ], [ 18.25712817241774, 45.966720293626373 ], [ 18.257237387038465, 45.966720293626373 ], [ 18.257237387038465, 45.966392649764202 ], [ 18.25712817241774, 45.966392649764202 ], [ 18.25712817241774, 45.96409914272899 ], [ 18.257018957797015, 45.96409914272899 ], [ 18.257018957797015, 45.963989928108269 ], [ 18.256800528555566, 45.963989928108269 ], [ 18.256800528555566, 45.963662284246098 ], [ 18.257018957797015, 45.963662284246098 ], [ 18.257018957797015, 45.96355306962537 ], [ 18.25712817241774, 45.96355306962537 ], [ 18.25712817241774, 45.963443855004648 ], [ 18.257237387038465, 45.963443855004648 ], [ 18.257237387038465, 45.96333464038392 ], [ 18.257346601659187, 45.96333464038392 ], [ 18.257346601659187, 45.963116211142477 ], [ 18.257783460142086, 45.963116211142477 ], [ 18.257783460142086, 45.963225425763198 ], [ 18.257892674762811, 45.963225425763198 ], [ 18.257892674762811, 45.96333464038392 ], [ 18.258001889383532, 45.96333464038392 ], [ 18.258001889383532, 45.963225425763198 ], [ 18.258111104004257, 45.963225425763198 ], [ 18.258111104004257, 45.963116211142477 ], [ 18.258329533245707, 45.963116211142477 ], [ 18.258329533245707, 45.963006996521749 ], [ 18.258984820970053, 45.963006996521749 ], [ 18.258984820970053, 45.963116211142477 ], [ 18.259203250211502, 45.963116211142477 ], [ 18.259203250211502, 45.963443855004648 ], [ 18.259312464832224, 45.963443855004648 ], [ 18.259312464832224, 45.96355306962537 ], [ 18.260076967177294, 45.96355306962537 ], [ 18.260076967177294, 45.963662284246098 ], [ 18.260186181798019, 45.963662284246098 ], [ 18.260186181798019, 45.963771498866819 ], [ 18.260295396418744, 45.963771498866819 ], [ 18.260295396418744, 45.963880713487548 ], [ 18.260404611039469, 45.963880713487548 ], [ 18.260404611039469, 45.96409914272899 ], [ 18.26051382566019, 45.96409914272899 ], [ 18.26051382566019, 45.96431757197044 ], [ 18.260623040280915, 45.96431757197044 ], [ 18.260623040280915, 45.964863645074061 ], [ 18.26073225490164, 45.964863645074061 ], [ 18.26073225490164, 45.965300503556961 ], [ 18.260841469522365, 45.965300503556961 ], [ 18.260841469522365, 45.96573736203986 ], [ 18.26095068414309, 45.96573736203986 ], [ 18.26095068414309, 45.965846576660581 ], [ 18.260076967177294, 45.965846576660581 ], [ 18.260076967177294, 45.965955791281303 ], [ 18.259858537935845, 45.965955791281303 ], [ 18.259858537935845, 45.966174220522753 ], [ 18.259749323315123, 45.966174220522753 ], [ 18.259749323315123, 45.967375581350723 ], [ 18.259640108694398, 45.967375581350723 ], [ 18.259640108694398, 45.967484795971444 ], [ 18.259421679452949, 45.967484795971444 ], [ 18.259421679452949, 45.967375581350723 ], [ 18.259312464832224, 45.967375581350723 ], [ 18.259312464832224, 45.967484795971444 ], [ 18.259203250211502, 45.967484795971444 ], [ 18.259203250211502, 45.967594010592173 ], [ 18.258766391728603, 45.967594010592173 ], [ 18.258766391728603, 45.967703225212894 ], [ 18.258438747866432, 45.967703225212894 ], [ 18.258438747866432, 45.967812439833615 ], [ 18.258220318624982, 45.967812439833615 ], [ 18.258220318624982, 45.967921654454344 ], [ 18.258001889383532, 45.967921654454344 ], [ 18.258001889383532, 45.968030869075065 ], [ 18.257892674762811, 45.968030869075065 ], [ 18.257892674762811, 45.968140083695793 ], [ 18.257674245521361, 45.968140083695793 ], [ 18.257674245521361, 45.968249298316515 ], [ 18.257565030900636, 45.968249298316515 ], [ 18.257565030900636, 45.968358512937236 ], [ 18.257346601659187, 45.968358512937236 ] ] ] } },
{ "type": "Feature", "properties": { "parcel_id": 54, "area_ha": 7.93, "pixels": 793 }, "geometry": { "type": "Polygon", "coordinates": [ [ [ 18.273291936284931, 45.968358512937236 ], [ 18.273291936284931, 45.968249298316515 ], [ 18.272855077802035, 45.968249298316515 ], [ 18.272855077802035, 45.968140083695793 ], [ 18.27252743393986, 45.968140083695793 ], [ 18.27252743393986, 45.968030869075065 ], [ 18.271981360836239, 45.968030869075065 ], [ 18.271981360836239, 45.967921654454344 ], [ 18.271544502353343, 45.967921654454344 ], [ 18.271544502353343, 45.967812439833615 ], [ 18.271216858491169, 45.967812439833615 ], [ 18.271216858491169, 45.967703225212894 ], [ 18.270889214628998, 45.967703225212894 ], [ 18.270889214628998, 45.967594010592173 ], [ 18.270670785387548, 45.967594010592173 ], [ 18.270670785387548, 45.967484795971444 ], [ 18.270015497663202, 45.967484795971444 ], [ 18.270015497663202, 45.967594010592173 ], [ 18.269797068421756, 45.967594010592173 ], [ 18.269797068421756, 45.967703225212894 ], [ 18.269578639180306, 45.967703225212894 ], [ 18.269578639180306, 45.967812439833615 ], [ 18.269360209938856, 45.967812439833615 ], [ 18.269360209938856, 45.967921654454344 ], [ 18.26914178069741, 45.967921654454344 ], [ 18.26914178069741, 45.968030869075065 ], [ 18.26892335145596, 45.968030869075065 ], [ 18.26892335145596, 45.968140083695793 ], [ 18.268704922214511, 45.968140083695793 ], [ 18.268704922214511, 45.968030869075065 ], [ 18.268814136835235, 45.968030869075065 ], [ 18.268814136835235, 45.967921654454344 ], [ 18.269032566076685, 45.967921654454344 ], [ 18.269032566076685, 45.967812439833615 ], [ 18.26914178069741, 45.967812439833615 ], [ 18.26914178069741, 45.967703225212894 ], [ 18.269250995318135, 45.967703225212894 ], [ 18.269250995318135, 45.967594010592173 ], [ 18.26914178069741, 45.967594010592173 ], [ 18.26914178069741, 45.967484795971444 ], [ 18.26892335145596, 45.967484795971444 ], [ 18.26892335145596, 45.967375581350723 ], [ 18.268595707593789, 45.967375581350723 ], [ 18.268595707593789, 45.967266366729994 ], [ 18.26815884911089, 45.967266366729994 ], [ 18.26815884911089, 45.967157152109273 ], [ 18.268704922214511, 45.967157152109273 ], [ 18.268704922214511, 45.967266366729994 ], [ 18.269469424559581, 45.967266366729994 ], [ 18.269469424559581, 45.967157152109273 ], [ 18.269687853801031, 45.967157152109273 ], [ 18.269687853801031, 45.967047937488552 ], [ 18.269797068421756, 45.967047937488552 ], [ 18.269797068421756, 45.966938722867823 ], [ 18.270015497663202, 45.966938722867823 ], [ 18.270015497663202, 45.966829508247102 ], [ 18.270233926904652, 45.966829508247102 ], [ 18.270233926904652, 45.966720293626373 ], [ 18.270452356146102, 45.966720293626373 ], [ 18.270452356146102, 45.966611079005652 ], [ 18.270670785387548, 45.966611079005652 ], [ 18.270670785387548, 45.966501864384924 ], [ 18.270889214628998, 45.966501864384924 ], [ 18.270889214628998, 45.966392649764202 ], [ 18.271107643870447, 45.966392649764202 ], [ 18.271107643870447, 45.966283435143481 ], [ 18.271326073111894, 45.966283435143481 ], [ 18.271326073111894, 45.966174220522753 ], [ 18.271544502353343, 45.966174220522753 ], [ 18.271544502353343, 45.966065005902031 ], [ 18.271762931594793, 45.966065005902031 ], [ 18.271762931594793, 45.965955791281303 ], [ 18.271981360836239, 45.965955791281303 ], [ 18.271981360836239, 45.965846576660581 ], [ 18.272090575456964, 45.965846576660581 ], [ 18.272090575456964, 45.96573736203986 ], [ 18.272199790077689, 45.96573736203986 ], [ 18.272199790077689, 45.965628147419132 ], [ 18.271762931594793, 45.965628147419132 ], [ 18.271762931594793, 45.96551893279841 ], [ 18.271326073111894, 45.96551893279841 ], [ 18.271326073111894, 45.965409718177682 ], [ 18.271107643870447, 45.965409718177682 ], [ 18.271107643870447, 45.965300503556961 ], [ 18.270233926904652, 45.965300503556961 ], [ 18.270233926904652, 45.965191288936239 ], [ 18.269797068421756, 45.965191288936239 ], [ 18.269797068421756, 45.965082074315511 ], [ 18.269250995318135, 45.965082074315511 ], [ 18.269250995318135, 45.96497285969479 ], [ 18.268595707593789, 45.96497285969479 ], [ 18.268595707593789, 45.964863645074061 ], [ 18.268049634490165, 45.964863645074061 ], [ 18.268049634490165, 45.96475443045334 ], [ 18.267721990627994, 45.96475443045334 ], [ 18.267721990627994, 45.964645215832611 ], [ 18.267394346765823, 45.964645215832611 ], [ 18.267394346765823, 45.96453600121189 ], [ 18.266957488282923, 45.96453600121189 ], [ 18.266957488282923, 45.964426786591169 ], [ 18.266411415179302, 45.964426786591169 ], [ 18.266411415179302, 45.96431757197044 ], [ 18.265865342075681, 45.96431757197044 ], [ 18.265865342075681, 45.964426786591169 ], [ 18.265756127454956, 45.964426786591169 ], [ 18.265756127454956, 45.964645215832611 ], [ 18.265646912834232, 45.964645215832611 ], [ 18.265646912834232, 45.964863645074061 ], [ 18.265537698213507, 45.964863645074061 ], [ 18.265537698213507, 45.96453600121189 ], [ 18.265646912834232, 45.96453600121189 ], [ 18.265646912834232, 45.96431757197044 ], [ 18.265756127454956, 45.96431757197044 ], [ 18.265756127454956, 45.96409914272899 ], [ 18.266520629800027, 45.96409914272899 ], [ 18.266520629800027, 45.964208357349719 ], [ 18.267175917524373, 45.964208357349719 ], [ 18.267175917524373, 45.96431757197044 ], [ 18.267721990627994, 45.96431757197044 ], [ 18.267721990627994, 45.964426786591169 ], [ 18.268268063731615, 45.964426786591169 ], [ 18.268268063731615, 45.96453600121189 ], [ 18.268595707593789, 45.96453600121189 ], [ 18.268595707593789, 45.964426786591169 ], [ 18.268704922214511, 45.964426786591169 ], [ 18.268704922214511, 45.96431757197044 ], [ 18.26892335145596, 45.96431757197044 ], [ 18.26892335145596, 45.963771498866819 ], [ 18.269032566076685, 45.963771498866819 ], [ 18.269032566076685, 45.963662284246098 ], [ 18.26914178069741, 45.963662284246098 ], [ 18.26914178069741, 45.96333464038392 ], [ 18.269250995318135, 45.96333464038392 ], [ 18.269250995318135, 45.962460923418128 ], [ 18.269360209938856, 45.962460923418128 ], [ 18.269360209938856, 45.962788567280299 ], [ 18.269469424559581, 45.962788567280299 ], [ 18.269469424559581, 45.963116211142477 ], [ 18.269360209938856, 45.963116211142477 ], [ 18.269360209938856, 45.96355306962537 ], [ 18.269250995318135, 45.96355306962537 ], [ 18.269250995318135, 45.963880713487548 ], [ 18.26914178069741, 45.963880713487548 ], [ 18.26914178069741, 45.96409914272899 ], [ 18.269032566076685, 45.96409914272899 ], [ 18.269032566076685, 45.96431757197044 ], [ 18.26914178069741, 45.96431757197044 ], [ 18.26914178069741, 45.964426786591169 ], [ 18.269578639180306, 45.964426786591169 ], [ 18.269578639180306, 45.96453600121189 ], [ 18.270233926904652, 45.96453600121189 ], [ 18.270233926904652, 45.964645215832611 ], [ 18.270561570766823, 45.964645215832611 ], [ 18.270561570766823, 45.96475443045334 ], [ 18.270889214628998, 45.96475443045334 ], [ 18.270889214628998, 45.964645215832611 ], [ 18.270998429249723, 45.964645215832611 ], [ 18.270998429249723, 45.96453600121189 ], [ 18.271107643870447, 45.96453600121189 ], [ 18.271107643870447, 45.964645215832611 ], [ 18.271326073111894, 45.964645215832611 ], [ 18.271326073111894, 45.96431757197044 ], [ 18.271435287732618, 45.96431757197044 ], [ 18.271435287732618, 45.964208357349719 ], [ 18.271653716974068, 45.964208357349719 ], [ 18.271653716974068, 45.96409914272899 ], [ 18.272090575456964, 45.96409914272899 ], [ 18.272090575456964, 45.963989928108269 ], [ 18.27274586318131, 45.963989928108269 ], [ 18.27274586318131, 45.964208357349719 ], [ 18.273291936284931, 45.964208357349719 ], [ 18.273291936284931, 45.96431757197044 ], [ 18.274165653250726, 45.96431757197044 ], [ 18.274165653250726, 45.964208357349719 ], [ 18.274274867871451, 45.964208357349719 ], [ 18.274274867871451, 45.96409914272899 ], [ 18.274384082492173, 45.96409914272899 ], [ 18.274384082492173, 45.963989928108269 ], [ 18.274493297112897, 45.963989928108269 ], [ 18.274493297112897, 45.963880713487548 ], [ 18.274602511733622, 45.963880713487548 ], [ 18.274602511733622, 45.96431757197044 ], [ 18.274493297112897, 45.96431757197044 ], [ 18.274493297112897, 45.96453600121189 ], [ 18.274274867871451, 45.96453600121189 ], [ 18.274274867871451, 45.964645215832611 ], [ 18.274165653250726, 45.964645215832611 ], [ 18.274165653250726, 45.96497285969479 ], [ 18.274056438630002, 45.96497285969479 ], [ 18.274056438630002, 45.965191288936239 ], [ 18.273838009388552, 45.965191288936239 ], [ 18.273838009388552, 45.965300503556961 ], [ 18.273510365526381, 45.965300503556961 ], [ 18.273510365526381, 45.965409718177682 ], [ 18.273073507043481, 45.965409718177682 ], [ 18.273073507043481, 45.96551893279841 ], [ 18.27296429242276, 45.96551893279841 ], [ 18.27296429242276, 45.965628147419132 ], [ 18.272855077802035, 45.965628147419132 ], [ 18.272855077802035, 45.96573736203986 ], [ 18.27274586318131, 45.96573736203986 ], [ 18.27274586318131, 45.965846576660581 ], [ 18.27252743393986, 45.965846576660581 ], [ 18.27252743393986, 45.965955791281303 ], [ 18.272309004698414, 45.965955791281303 ], [ 18.272309004698414, 45.966065005902031 ], [ 18.272199790077689, 45.966065005902031 ], [ 18.272199790077689, 45.966174220522753 ], [ 18.271981360836239, 45.966174220522753 ], [ 18.271981360836239, 45.966283435143481 ], [ 18.271762931594793, 45.966283435143481 ], [ 18.271762931594793, 45.966392649764202 ], [ 18.271435287732618, 45.966392649764202 ], [ 18.271435287732618, 45.966501864384924 ], [ 18.271216858491169, 45.966501864384924 ], [ 18.271216858491169, 45.966611079005652 ], [ 18.270998429249723, 45.966611079005652 ], [ 18.270998429249723, 45.966720293626373 ], [ 18.270889214628998, 45.966720293626373 ], [ 18.270889214628998, 45.966829508247102 ], [ 18.270670785387548, 45.966829508247102 ], [ 18.270670785387548, 45.967266366729994 ], [ 18.271107643870447, 45.967266366729994 ], [ 18.271107643870447, 45.967484795971444 ], [ 18.271435287732618, 45.967484795971444 ], [ 18.271435287732618, 45.967594010592173 ], [ 18.271653716974068, 45.967594010592173 ], [ 18.271653716974068, 45.967703225212894 ], [ 18.271981360836239, 45.967703225212894 ], [ 18.271981360836239, 45.967812439833615 ], [ 18.272418219319139, 45.967812439833615 ], [ 18.272418219319139, 45.967921654454344 ], [ 18.27274586318131, 45.967921654454344 ], [ 18.27274586318131, 45.968030869075065 ], [ 18.273073507043481, 45.968030869075065 ], [ 18.273073507043481, 45.968140083695793 ], [ 18.273401150905656, 45.968140083695793 ], [ 18.273401150905656, 45.968249298316515 ], [ 18.273838009388552, 45.968249298316515 ], [ 18.273838009388552, 45.968358512937236 ], [ 18.273291936284931, 45.968358512937236 ] ] ] } },
{ "type": "Feature", "properties": { "parcel_id": 55, "area_ha": 9.7, "pixels": 970 }, "geometry": { "type": "Polygon", "coordinates": [ [ [ 18.279517169666214, 45.968030869075065 ], [ 18.279517169666214, 45.967921654454344 ], [ 18.279407955045489, 45.967921654454344 ], [ 18.279407955045489, 45.967812439833615 ], [ 18.279298740424768, 45.967812439833615 ], [ 18.279298740424768, 45.967594010592173 ], [ 18.279189525804043, 45.967594010592173 ], [ 18.279189525804043, 45.967484795971444 ], [ 18.278971096562593, 45.967484795971444 ], [ 18.278971096562593, 45.967375581350723 ], [ 18.278861881941868, 45.967375581350723 ], [ 18.278861881941868, 45.967266366729994 ], [ 18.278643452700422, 45.967266366729994 ], [ 18.278643452700422, 45.966938722867823 ], [ 18.278534238079697, 45.966938722867823 ], [ 18.278534238079697, 45.966720293626373 ], [ 18.278425023458972, 45.966720293626373 ], [ 18.278425023458972, 45.966283435143481 ], [ 18.278534238079697, 45.966283435143481 ], [ 18.278534238079697, 45.96573736203986 ], [ 18.278643452700422, 45.96573736203986 ], [ 18.278643452700422, 45.96497285969479 ], [ 18.278752667321143, 45.96497285969479 ], [ 18.278752667321143, 45.964863645074061 ], [ 18.279080311183318, 45.964863645074061 ], [ 18.279080311183318, 45.96497285969479 ], [ 18.279298740424768, 45.96497285969479 ], [ 18.279298740424768, 45.96475443045334 ], [ 18.279407955045489, 45.96475443045334 ], [ 18.279407955045489, 45.964645215832611 ], [ 18.279626384286939, 45.964645215832611 ], [ 18.279626384286939, 45.96453600121189 ], [ 18.279844813528388, 45.96453600121189 ], [ 18.279844813528388, 45.964426786591169 ], [ 18.280063242769835, 45.964426786591169 ], [ 18.280063242769835, 45.96431757197044 ], [ 18.28017245739056, 45.96431757197044 ], [ 18.28017245739056, 45.96409914272899 ], [ 18.280281672011284, 45.96409914272899 ], [ 18.280281672011284, 45.96355306962537 ], [ 18.28017245739056, 45.96355306962537 ], [ 18.28017245739056, 45.962242494176678 ], [ 18.280063242769835, 45.962242494176678 ], [ 18.280063242769835, 45.961805635693786 ], [ 18.28017245739056, 45.961805635693786 ], [ 18.28017245739056, 45.962024064935235 ], [ 18.280281672011284, 45.962024064935235 ], [ 18.280281672011284, 45.962242494176678 ], [ 18.280390886632009, 45.962242494176678 ], [ 18.280390886632009, 45.962460923418128 ], [ 18.280500101252734, 45.962460923418128 ], [ 18.280500101252734, 45.962570138038856 ], [ 18.280609315873459, 45.962570138038856 ], [ 18.280609315873459, 45.962679352659578 ], [ 18.281046174356355, 45.962679352659578 ], [ 18.281046174356355, 45.962570138038856 ], [ 18.28115538897708, 45.962570138038856 ], [ 18.28115538897708, 45.962460923418128 ], [ 18.281264603597801, 45.962460923418128 ], [ 18.281264603597801, 45.962351708797407 ], [ 18.28115538897708, 45.962351708797407 ], [ 18.28115538897708, 45.962242494176678 ], [ 18.28093695973563, 45.962242494176678 ], [ 18.28093695973563, 45.962024064935235 ], [ 18.280827745114905, 45.962024064935235 ], [ 18.280827745114905, 45.961696421073057 ], [ 18.28093695973563, 45.961696421073057 ], [ 18.28093695973563, 45.961914850314507 ], [ 18.281046174356355, 45.961914850314507 ], [ 18.281046174356355, 45.962024064935235 ], [ 18.281264603597801, 45.962024064935235 ], [ 18.281264603597801, 45.962133279555957 ], [ 18.281592247459976, 45.962133279555957 ], [ 18.281592247459976, 45.962570138038856 ], [ 18.281483032839251, 45.962570138038856 ], [ 18.281483032839251, 45.962788567280299 ], [ 18.281373818218526, 45.962788567280299 ], [ 18.281373818218526, 45.96355306962537 ], [ 18.281264603597801, 45.96355306962537 ], [ 18.281264603597801, 45.963662284246098 ], [ 18.28093695973563, 45.963662284246098 ], [ 18.28093695973563, 45.963771498866819 ], [ 18.280827745114905, 45.963771498866819 ], [ 18.280827745114905, 45.963880713487548 ], [ 18.28071853049418, 45.963880713487548 ], [ 18.28071853049418, 45.96431757197044 ], [ 18.280827745114905, 45.96431757197044 ], [ 18.280827745114905, 45.964645215832611 ], [ 18.28093695973563, 45.964645215832611 ], [ 18.28093695973563, 45.965082074315511 ], [ 18.280827745114905, 45.965082074315511 ], [ 18.280827745114905, 45.96551893279841 ], [ 18.28093695973563, 45.96551893279841 ], [ 18.28093695973563, 45.96573736203986 ], [ 18.281046174356355, 45.96573736203986 ], [ 18.281046174356355, 45.966174220522753 ], [ 18.28115538897708, 45.966174220522753 ], [ 18.28115538897708, 45.966283435143481 ], [ 18.281264603597801, 45.966283435143481 ], [ 18.281264603597801, 45.966392649764202 ], [ 18.281483032839251, 45.966392649764202 ], [ 18.281483032839251, 45.966501864384924 ], [ 18.281919891322147, 45.966501864384924 ], [ 18.281919891322147, 45.966611079005652 ], [ 18.282356749805047, 45.966611079005652 ], [ 18.282356749805047, 45.966938722867823 ], [ 18.282465964425771, 45.966938722867823 ], [ 18.282465964425771, 45.967266366729994 ], [ 18.282356749805047, 45.967266366729994 ], [ 18.282356749805047, 45.967484795971444 ], [ 18.282247535184322, 45.967484795971444 ], [ 18.282247535184322, 45.967594010592173 ], [ 18.282138320563597, 45.967594010592173 ], [ 18.282138320563597, 45.967703225212894 ], [ 18.282029105942872, 45.967703225212894 ], [ 18.282029105942872, 45.967921654454344 ], [ 18.281919891322147, 45.967921654454344 ], [ 18.281919891322147, 45.968030869075065 ], [ 18.281592247459976, 45.968030869075065 ], [ 18.281592247459976, 45.967921654454344 ], [ 18.281483032839251, 45.967921654454344 ], [ 18.281483032839251, 45.967812439833615 ], [ 18.28071853049418, 45.967812439833615 ], [ 18.28071853049418, 45.967921654454344 ], [ 18.28017245739056, 45.967921654454344 ], [ 18.28017245739056, 45.968030869075065 ], [ 18.279517169666214, 45.968030869075065 ] ] ] } },
{ "type": "Feature", "properties": { "parcel_id": 56, "area_ha": 10.98, "pixels": 1098 }, "geometry": { "type": "Polygon", "coordinates": [ [ [ 18.254397806899632, 45.967921654454344 ], [ 18.254397806899632, 45.967812439833615 ], [ 18.254179377658186, 45.967812439833615 ], [ 18.254179377658186, 45.967703225212894 ], [ 18.254070163037461, 45.967703225212894 ], [ 18.254070163037461, 45.967484795971444 ], [ 18.253960948416736, 45.967484795971444 ], [ 18.253960948416736, 45.967375581350723 ], [ 18.253851733796012, 45.967375581350723 ], [ 18.253851733796012, 45.967266366729994 ], [ 18.253742519175287, 45.967266366729994 ], [ 18.253742519175287, 45.967157152109273 ], [ 18.253633304554562, 45.967157152109273 ], [ 18.253633304554562, 45.966938722867823 ], [ 18.25352408993384, 45.966938722867823 ], [ 18.25352408993384, 45.966392649764202 ], [ 18.253414875313116, 45.966392649764202 ], [ 18.253414875313116, 45.965409718177682 ], [ 18.25352408993384, 45.965409718177682 ], [ 18.25352408993384, 45.964208357349719 ], [ 18.253742519175287, 45.964208357349719 ], [ 18.253742519175287, 45.96409914272899 ], [ 18.256800528555566, 45.96409914272899 ], [ 18.256800528555566, 45.964208357349719 ], [ 18.257018957797015, 45.964208357349719 ], [ 18.257018957797015, 45.96431757197044 ], [ 18.25712817241774, 45.96431757197044 ], [ 18.25712817241774, 45.966392649764202 ], [ 18.257237387038465, 45.966392649764202 ], [ 18.257237387038465, 45.966720293626373 ], [ 18.25712817241774, 45.966720293626373 ], [ 18.25712817241774, 45.966829508247102 ], [ 18.257018957797015, 45.966829508247102 ], [ 18.257018957797015, 45.966938722867823 ], [ 18.256909743176291, 45.966938722867823 ], [ 18.256909743176291, 45.967703225212894 ], [ 18.256800528555566, 45.967703225212894 ], [ 18.256800528555566, 45.967812439833615 ], [ 18.256691313934844, 45.967812439833615 ], [ 18.256691313934844, 45.967921654454344 ], [ 18.255817596969049, 45.967921654454344 ], [ 18.255817596969049, 45.967812439833615 ], [ 18.255162309244703, 45.967812439833615 ], [ 18.255162309244703, 45.967921654454344 ], [ 18.254397806899632, 45.967921654454344 ] ] ] } },
{ "type": "Feature", "properties": { "parcel_id": 57, "area_ha": 13.12, "pixels": 1312 }, "geometry": { "type": "Polygon", "coordinates": [ [ [ 18.249701578208491, 45.967703225212894 ], [ 18.249701578208491, 45.967484795971444 ], [ 18.249592363587766, 45.967484795971444 ], [ 18.249592363587766, 45.967375581350723 ], [ 18.249483148967041, 45.967375581350723 ], [ 18.249483148967041, 45.967266366729994 ], [ 18.249264719725591, 45.967266366729994 ], [ 18.249264719725591, 45.967157152109273 ], [ 18.24817257351835, 45.967157152109273 ], [ 18.24817257351835, 45.967047937488552 ], [ 18.2479541442769, 45.967047937488552 ], [ 18.2479541442769, 45.966938722867823 ], [ 18.247408071173279, 45.966938722867823 ], [ 18.247408071173279, 45.967157152109273 ], [ 18.247298856552554, 45.967157152109273 ], [ 18.247298856552554, 45.967375581350723 ], [ 18.247189641931833, 45.967375581350723 ], [ 18.247189641931833, 45.967484795971444 ], [ 18.246097495724587, 45.967484795971444 ], [ 18.246097495724587, 45.967375581350723 ], [ 18.245442208000242, 45.967375581350723 ], [ 18.245442208000242, 45.967266366729994 ], [ 18.244677705655175, 45.967266366729994 ], [ 18.244677705655175, 45.967375581350723 ], [ 18.24456849103445, 45.967375581350723 ], [ 18.24456849103445, 45.967484795971444 ], [ 18.244350061793, 45.967484795971444 ], [ 18.244350061793, 45.967594010592173 ], [ 18.244240847172275, 45.967594010592173 ], [ 18.244240847172275, 45.967484795971444 ], [ 18.244131632551554, 45.967484795971444 ], [ 18.244131632551554, 45.967375581350723 ], [ 18.244240847172275, 45.967375581350723 ], [ 18.244240847172275, 45.967266366729994 ], [ 18.244459276413725, 45.967266366729994 ], [ 18.244459276413725, 45.967047937488552 ], [ 18.24456849103445, 45.967047937488552 ], [ 18.24456849103445, 45.966938722867823 ], [ 18.244677705655175, 45.966938722867823 ], [ 18.244677705655175, 45.966829508247102 ], [ 18.244786920275896, 45.966829508247102 ], [ 18.244786920275896, 45.966720293626373 ], [ 18.24533299337952, 45.966720293626373 ], [ 18.24533299337952, 45.966829508247102 ], [ 18.245988281103866, 45.966829508247102 ], [ 18.245988281103866, 45.966938722867823 ], [ 18.246206710345312, 45.966938722867823 ], [ 18.246206710345312, 45.967047937488552 ], [ 18.246752783448933, 45.967047937488552 ], [ 18.246752783448933, 45.966829508247102 ], [ 18.246643568828212, 45.966829508247102 ], [ 18.246643568828212, 45.966720293626373 ], [ 18.246425139586762, 45.966720293626373 ], [ 18.246425139586762, 45.966611079005652 ], [ 18.246206710345312, 45.966611079005652 ], [ 18.246206710345312, 45.966501864384924 ], [ 18.245988281103866, 45.966501864384924 ], [ 18.245988281103866, 45.966392649764202 ], [ 18.245769851862416, 45.966392649764202 ], [ 18.245769851862416, 45.966065005902031 ], [ 18.245660637241691, 45.966065005902031 ], [ 18.245660637241691, 45.965955791281303 ], [ 18.245769851862416, 45.965955791281303 ], [ 18.245769851862416, 45.965409718177682 ], [ 18.245660637241691, 45.965409718177682 ], [ 18.245660637241691, 45.96497285969479 ], [ 18.245769851862416, 45.96497285969479 ], [ 18.245769851862416, 45.96475443045334 ], [ 18.245879066483141, 45.96475443045334 ], [ 18.245879066483141, 45.964645215832611 ], [ 18.245988281103866, 45.964645215832611 ], [ 18.245988281103866, 45.96453600121189 ], [ 18.246097495724587, 45.96453600121189 ], [ 18.246097495724587, 45.964426786591169 ], [ 18.246206710345312, 45.964426786591169 ], [ 18.246206710345312, 45.96409914272899 ], [ 18.246097495724587, 45.96409914272899 ], [ 18.246097495724587, 45.963989928108269 ], [ 18.245988281103866, 45.963989928108269 ], [ 18.245988281103866, 45.963771498866819 ], [ 18.245879066483141, 45.963771498866819 ], [ 18.245879066483141, 45.963662284246098 ], [ 18.245769851862416, 45.963662284246098 ], [ 18.245769851862416, 45.96355306962537 ], [ 18.245223778758795, 45.96355306962537 ], [ 18.245223778758795, 45.963443855004648 ], [ 18.244896134896621, 45.963443855004648 ], [ 18.244896134896621, 45.96333464038392 ], [ 18.245551422620967, 45.96333464038392 ], [ 18.245551422620967, 45.963443855004648 ], [ 18.246206710345312, 45.963443855004648 ], [ 18.246206710345312, 45.96333464038392 ], [ 18.247517285794004, 45.96333464038392 ], [ 18.247517285794004, 45.963443855004648 ], [ 18.247844929656178, 45.963443855004648 ], [ 18.247844929656178, 45.96333464038392 ], [ 18.24817257351835, 45.96333464038392 ], [ 18.24817257351835, 45.963443855004648 ], [ 18.249483148967041, 45.963443855004648 ], [ 18.249483148967041, 45.96355306962537 ], [ 18.249810792829212, 45.96355306962537 ], [ 18.249810792829212, 45.963662284246098 ], [ 18.249920007449937, 45.963662284246098 ], [ 18.249920007449937, 45.963880713487548 ], [ 18.250029222070662, 45.963880713487548 ], [ 18.250029222070662, 45.963989928108269 ], [ 18.250138436691387, 45.963989928108269 ], [ 18.250138436691387, 45.96409914272899 ], [ 18.250029222070662, 45.96409914272899 ], [ 18.250029222070662, 45.96431757197044 ], [ 18.249920007449937, 45.96431757197044 ], [ 18.249920007449937, 45.96453600121189 ], [ 18.249810792829212, 45.96453600121189 ], [ 18.249810792829212, 45.96475443045334 ], [ 18.249701578208491, 45.96475443045334 ], [ 18.249701578208491, 45.96497285969479 ], [ 18.249810792829212, 45.96497285969479 ], [ 18.249810792829212, 45.965191288936239 ], [ 18.249701578208491, 45.965191288936239 ], [ 18.249701578208491, 45.965409718177682 ], [ 18.249592363587766, 45.965409718177682 ], [ 18.249592363587766, 45.966283435143481 ], [ 18.249483148967041, 45.966283435143481 ], [ 18.249483148967041, 45.966720293626373 ], [ 18.249592363587766, 45.966720293626373 ], [ 18.249592363587766, 45.966938722867823 ], [ 18.249701578208491, 45.966938722867823 ], [ 18.249701578208491, 45.967047937488552 ], [ 18.249810792829212, 45.967047937488552 ], [ 18.249810792829212, 45.967157152109273 ], [ 18.250029222070662, 45.967157152109273 ], [ 18.250029222070662, 45.967484795971444 ], [ 18.249920007449937, 45.967484795971444 ], [ 18.249920007449937, 45.967703225212894 ], [ 18.249701578208491, 45.967703225212894 ] ] ] } },
{ "type": "Feature", "properties": { "parcel_id": 58, "area_ha": 12.67, "pixels": 1267 }, "geometry": { "type": "Polygon", "coordinates": [ [ [ 18.243913203310104, 45.967484795971444 ], [ 18.243913203310104, 45.967375581350723 ], [ 18.243585559447929, 45.967375581350723 ], [ 18.243585559447929, 45.967266366729994 ], [ 18.242384198619963, 45.967266366729994 ], [ 18.242384198619963, 45.967157152109273 ], [ 18.242056554757792, 45.967157152109273 ], [ 18.242056554757792, 45.967047937488552 ], [ 18.241619696274892, 45.967047937488552 ], [ 18.241619696274892, 45.966938722867823 ], [ 18.240636764688375, 45.966938722867823 ], [ 18.240636764688375, 45.967047937488552 ], [ 18.239653833101858, 45.967047937488552 ], [ 18.239653833101858, 45.967157152109273 ], [ 18.239216974618959, 45.967157152109273 ], [ 18.239216974618959, 45.967266366729994 ], [ 18.238889330756788, 45.967266366729994 ], [ 18.238889330756788, 45.967375581350723 ], [ 18.238561686894613, 45.967375581350723 ], [ 18.238561686894613, 45.967266366729994 ], [ 18.238452472273892, 45.967266366729994 ], [ 18.238452472273892, 45.967157152109273 ], [ 18.238234043032442, 45.967157152109273 ], [ 18.238234043032442, 45.967047937488552 ], [ 18.238124828411717, 45.967047937488552 ], [ 18.238124828411717, 45.966720293626373 ], [ 18.238234043032442, 45.966720293626373 ], [ 18.238234043032442, 45.966611079005652 ], [ 18.238343257653167, 45.966611079005652 ], [ 18.238343257653167, 45.966392649764202 ], [ 18.238452472273892, 45.966392649764202 ], [ 18.238452472273892, 45.966174220522753 ], [ 18.238561686894613, 45.966174220522753 ], [ 18.238561686894613, 45.965846576660581 ], [ 18.238670901515338, 45.965846576660581 ], [ 18.238670901515338, 45.965409718177682 ], [ 18.238780116136063, 45.965409718177682 ], [ 18.238780116136063, 45.965082074315511 ], [ 18.238889330756788, 45.965082074315511 ], [ 18.238889330756788, 45.964426786591169 ], [ 18.238998545377513, 45.964426786591169 ], [ 18.238998545377513, 45.963443855004648 ], [ 18.239107759998234, 45.963443855004648 ], [ 18.239107759998234, 45.96333464038392 ], [ 18.239326189239684, 45.96333464038392 ], [ 18.239326189239684, 45.963225425763198 ], [ 18.239544618481133, 45.963225425763198 ], [ 18.239544618481133, 45.963116211142477 ], [ 18.23976304772258, 45.963116211142477 ], [ 18.23976304772258, 45.963006996521749 ], [ 18.239981476964029, 45.963006996521749 ], [ 18.239981476964029, 45.962897781901027 ], [ 18.240309120826204, 45.962897781901027 ], [ 18.240309120826204, 45.963006996521749 ], [ 18.24052755006765, 45.963006996521749 ], [ 18.24052755006765, 45.963116211142477 ], [ 18.2407459793091, 45.963116211142477 ], [ 18.2407459793091, 45.963225425763198 ], [ 18.240855193929825, 45.963225425763198 ], [ 18.240855193929825, 45.96333464038392 ], [ 18.241510481654171, 45.96333464038392 ], [ 18.241510481654171, 45.963443855004648 ], [ 18.241838125516342, 45.963443855004648 ], [ 18.241838125516342, 45.96333464038392 ], [ 18.242274983999238, 45.96333464038392 ], [ 18.242274983999238, 45.963443855004648 ], [ 18.242165769378516, 45.963443855004648 ], [ 18.242165769378516, 45.963662284246098 ], [ 18.242056554757792, 45.963662284246098 ], [ 18.242056554757792, 45.963880713487548 ], [ 18.241947340137067, 45.963880713487548 ], [ 18.241947340137067, 45.964208357349719 ], [ 18.242056554757792, 45.964208357349719 ], [ 18.242056554757792, 45.964426786591169 ], [ 18.242165769378516, 45.964426786591169 ], [ 18.242165769378516, 45.964645215832611 ], [ 18.242274983999238, 45.964645215832611 ], [ 18.242274983999238, 45.96475443045334 ], [ 18.242384198619963, 45.96475443045334 ], [ 18.242384198619963, 45.964863645074061 ], [ 18.242602627861412, 45.964863645074061 ], [ 18.242602627861412, 45.96497285969479 ], [ 18.242711842482137, 45.96497285969479 ], [ 18.242711842482137, 45.965191288936239 ], [ 18.242821057102862, 45.965191288936239 ], [ 18.242821057102862, 45.965409718177682 ], [ 18.242930271723584, 45.965409718177682 ], [ 18.242930271723584, 45.96551893279841 ], [ 18.243039486344308, 45.96551893279841 ], [ 18.243039486344308, 45.96573736203986 ], [ 18.243148700965033, 45.96573736203986 ], [ 18.243148700965033, 45.966283435143481 ], [ 18.242930271723584, 45.966283435143481 ], [ 18.242930271723584, 45.966392649764202 ], [ 18.242711842482137, 45.966392649764202 ], [ 18.242711842482137, 45.966501864384924 ], [ 18.242493413240688, 45.966501864384924 ], [ 18.242493413240688, 45.966829508247102 ], [ 18.242602627861412, 45.966829508247102 ], [ 18.242602627861412, 45.966938722867823 ], [ 18.242711842482137, 45.966938722867823 ], [ 18.242711842482137, 45.967047937488552 ], [ 18.243039486344308, 45.967047937488552 ], [ 18.243039486344308, 45.967157152109273 ], [ 18.243803988689379, 45.967157152109273 ], [ 18.243803988689379, 45.967266366729994 ], [ 18.244131632551554, 45.967266366729994 ], [ 18.244131632551554, 45.967484795971444 ], [ 18.243913203310104, 45.967484795971444 ] ] ] } },
{ "type": "Feature", "properties": { "parcel_id": 59, "area_ha": 10.31, "pixels": 1031 }, "geometry": { "type": "Polygon", "coordinates": [ [ [ 18.244131632551554, 45.967375581350723 ], [ 18.244131632551554, 45.967266366729994 ], [ 18.243803988689379, 45.967266366729994 ], [ 18.243803988689379, 45.967157152109273 ], [ 18.243039486344308, 45.967157152109273 ], [ 18.243039486344308, 45.967047937488552 ], [ 18.242711842482137, 45.967047937488552 ], [ 18.242711842482137, 45.966938722867823 ], [ 18.242602627861412, 45.966938722867823 ], [ 18.242602627861412, 45.966829508247102 ], [ 18.242493413240688, 45.966829508247102 ], [ 18.242493413240688, 45.966501864384924 ], [ 18.242711842482137, 45.966501864384924 ], [ 18.242711842482137, 45.966392649764202 ], [ 18.242930271723584, 45.966392649764202 ], [ 18.242930271723584, 45.966283435143481 ], [ 18.243148700965033, 45.966283435143481 ], [ 18.243148700965033, 45.96573736203986 ], [ 18.243039486344308, 45.96573736203986 ], [ 18.243039486344308, 45.96551893279841 ], [ 18.242930271723584, 45.96551893279841 ], [ 18.242930271723584, 45.965409718177682 ], [ 18.242821057102862, 45.965409718177682 ], [ 18.242821057102862, 45.965191288936239 ], [ 18.242711842482137, 45.965191288936239 ], [ 18.242711842482137, 45.96497285969479 ], [ 18.242602627861412, 45.96497285969479 ], [ 18.242602627861412, 45.964863645074061 ], [ 18.242384198619963, 45.964863645074061 ], [ 18.242384198619963, 45.96475443045334 ], [ 18.242274983999238, 45.96475443045334 ], [ 18.242274983999238, 45.964645215832611 ], [ 18.242165769378516, 45.964645215832611 ], [ 18.242165769378516, 45.964426786591169 ], [ 18.242056554757792, 45.964426786591169 ], [ 18.242056554757792, 45.964208357349719 ], [ 18.241947340137067, 45.964208357349719 ], [ 18.241947340137067, 45.963880713487548 ], [ 18.242056554757792, 45.963880713487548 ], [ 18.242056554757792, 45.963662284246098 ], [ 18.242165769378516, 45.963662284246098 ], [ 18.242165769378516, 45.963443855004648 ], [ 18.242274983999238, 45.963443855004648 ], [ 18.242274983999238, 45.96333464038392 ], [ 18.242493413240688, 45.96333464038392 ], [ 18.242493413240688, 45.963225425763198 ], [ 18.242930271723584, 45.963225425763198 ], [ 18.242930271723584, 45.96333464038392 ], [ 18.243257915585758, 45.96333464038392 ], [ 18.243257915585758, 45.963443855004648 ], [ 18.244459276413725, 45.963443855004648 ], [ 18.244459276413725, 45.96333464038392 ], [ 18.244896134896621, 45.96333464038392 ], [ 18.244896134896621, 45.963443855004648 ], [ 18.245223778758795, 45.963443855004648 ], [ 18.245223778758795, 45.96355306962537 ], [ 18.245769851862416, 45.96355306962537 ], [ 18.245769851862416, 45.963662284246098 ], [ 18.245879066483141, 45.963662284246098 ], [ 18.245879066483141, 45.963771498866819 ], [ 18.245988281103866, 45.963771498866819 ], [ 18.245988281103866, 45.963989928108269 ], [ 18.246097495724587, 45.963989928108269 ], [ 18.246097495724587, 45.96409914272899 ], [ 18.246206710345312, 45.96409914272899 ], [ 18.246206710345312, 45.964426786591169 ], [ 18.246097495724587, 45.964426786591169 ], [ 18.246097495724587, 45.96453600121189 ], [ 18.245988281103866, 45.96453600121189 ], [ 18.245988281103866, 45.964645215832611 ], [ 18.245879066483141, 45.964645215832611 ], [ 18.245879066483141, 45.96475443045334 ], [ 18.245769851862416, 45.96475443045334 ], [ 18.245769851862416, 45.96497285969479 ], [ 18.245660637241691, 45.96497285969479 ], [ 18.245660637241691, 45.965409718177682 ], [ 18.245769851862416, 45.965409718177682 ], [ 18.245769851862416, 45.965955791281303 ], [ 18.245660637241691, 45.965955791281303 ], [ 18.245660637241691, 45.966065005902031 ], [ 18.245769851862416, 45.966065005902031 ], [ 18.245769851862416, 45.966392649764202 ], [ 18.245988281103866, 45.966392649764202 ], [ 18.245988281103866, 45.966501864384924 ], [ 18.246206710345312, 45.966501864384924 ], [ 18.246206710345312, 45.966611079005652 ], [ 18.246425139586762, 45.966611079005652 ], [ 18.246425139586762, 45.966720293626373 ], [ 18.246643568828212, 45.966720293626373 ], [ 18.246643568828212, 45.966829508247102 ], [ 18.246752783448933, 45.966829508247102 ], [ 18.246752783448933, 45.967047937488552 ], [ 18.246206710345312, 45.967047937488552 ], [ 18.246206710345312, 45.966938722867823 ], [ 18.245988281103866, 45.966938722867823 ], [ 18.245988281103866, 45.966829508247102 ], [ 18.24533299337952, 45.966829508247102 ], [ 18.24533299337952, 45.966720293626373 ], [ 18.244786920275896, 45.966720293626373 ], [ 18.244786920275896, 45.966829508247102 ], [ 18.244677705655175, 45.966829508247102 ], [ 18.244677705655175, 45.966938722867823 ], [ 18.24456849103445, 45.966938722867823 ], [ 18.24456849103445, 45.967047937488552 ], [ 18.244459276413725, 45.967047937488552 ], [ 18.244459276413725, 45.967266366729994 ], [ 18.244240847172275, 45.967266366729994 ], [ 18.244240847172275, 45.967375581350723 ], [ 18.244131632551554, 45.967375581350723 ] ] ] } },
{ "type": "Feature", "properties": { "parcel_id": 60, "area_ha": 10.87, "pixels": 1087 }, "geometry": { "type": "Polygon", "coordinates": [ [ [ 18.268704922214511, 45.967266366729994 ], [ 18.268704922214511, 45.967157152109273 ], [ 18.26815884911089, 45.967157152109273 ], [ 18.26815884911089, 45.967047937488552 ], [ 18.267721990627994, 45.967047937488552 ], [ 18.267721990627994, 45.966938722867823 ], [ 18.267175917524373, 45.966938722867823 ], [ 18.267175917524373, 45.966829508247102 ], [ 18.266739059041477, 45.966829508247102 ], [ 18.266739059041477, 45.966720293626373 ], [ 18.266411415179302, 45.966720293626373 ], [ 18.266411415179302, 45.966611079005652 ], [ 18.265646912834232, 45.966611079005652 ], [ 18.265646912834232, 45.966501864384924 ], [ 18.265210054351336, 45.966501864384924 ], [ 18.265210054351336, 45.966392649764202 ], [ 18.26477319586844, 45.966392649764202 ], [ 18.26477319586844, 45.966283435143481 ], [ 18.26455476662699, 45.966283435143481 ], [ 18.26455476662699, 45.965955791281303 ], [ 18.264663981247715, 45.965955791281303 ], [ 18.264663981247715, 45.96573736203986 ], [ 18.26477319586844, 45.96573736203986 ], [ 18.26477319586844, 45.965628147419132 ], [ 18.264882410489164, 45.965628147419132 ], [ 18.264882410489164, 45.96551893279841 ], [ 18.264991625109886, 45.96551893279841 ], [ 18.264991625109886, 45.965409718177682 ], [ 18.265100839730611, 45.965409718177682 ], [ 18.265100839730611, 45.965300503556961 ], [ 18.265210054351336, 45.965300503556961 ], [ 18.265210054351336, 45.965082074315511 ], [ 18.26531926897206, 45.965082074315511 ], [ 18.26531926897206, 45.96497285969479 ], [ 18.265428483592785, 45.96497285969479 ], [ 18.265428483592785, 45.964863645074061 ], [ 18.265646912834232, 45.964863645074061 ], [ 18.265646912834232, 45.964645215832611 ], [ 18.265756127454956, 45.964645215832611 ], [ 18.265756127454956, 45.964426786591169 ], [ 18.265865342075681, 45.964426786591169 ], [ 18.265865342075681, 45.96431757197044 ], [ 18.266411415179302, 45.96431757197044 ], [ 18.266411415179302, 45.964426786591169 ], [ 18.266957488282923, 45.964426786591169 ], [ 18.266957488282923, 45.96453600121189 ], [ 18.267394346765823, 45.96453600121189 ], [ 18.267394346765823, 45.964645215832611 ], [ 18.267721990627994, 45.964645215832611 ], [ 18.267721990627994, 45.96475443045334 ], [ 18.268049634490165, 45.96475443045334 ], [ 18.268049634490165, 45.964863645074061 ], [ 18.268595707593789, 45.964863645074061 ], [ 18.268595707593789, 45.96497285969479 ], [ 18.269250995318135, 45.96497285969479 ], [ 18.269250995318135, 45.965082074315511 ], [ 18.269797068421756, 45.965082074315511 ], [ 18.269797068421756, 45.965191288936239 ], [ 18.270233926904652, 45.965191288936239 ], [ 18.270233926904652, 45.965300503556961 ], [ 18.271107643870447, 45.965300503556961 ], [ 18.271107643870447, 45.965409718177682 ], [ 18.271326073111894, 45.965409718177682 ], [ 18.271326073111894, 45.96551893279841 ], [ 18.271762931594793, 45.96551893279841 ], [ 18.271762931594793, 45.965628147419132 ], [ 18.272199790077689, 45.965628147419132 ], [ 18.272199790077689, 45.96573736203986 ], [ 18.272090575456964, 45.96573736203986 ], [ 18.272090575456964, 45.965846576660581 ], [ 18.271981360836239, 45.965846576660581 ], [ 18.271981360836239, 45.965955791281303 ], [ 18.271762931594793, 45.965955791281303 ], [ 18.271762931594793, 45.966065005902031 ], [ 18.271544502353343, 45.966065005902031 ], [ 18.271544502353343, 45.966174220522753 ], [ 18.271326073111894, 45.966174220522753 ], [ 18.271326073111894, 45.966283435143481 ], [ 18.271107643870447, 45.966283435143481 ], [ 18.271107643870447, 45.966392649764202 ], [ 18.270889214628998, 45.966392649764202 ], [ 18.270889214628998, 45.966501864384924 ], [ 18.270670785387548, 45.966501864384924 ], [ 18.270670785387548, 45.966611079005652 ], [ 18.270452356146102, 45.966611079005652 ], [ 18.270452356146102, 45.966720293626373 ], [ 18.270233926904652, 45.966720293626373 ], [ 18.270233926904652, 45.966829508247102 ], [ 18.270015497663202, 45.966829508247102 ], [ 18.270015497663202, 45.966938722867823 ], [ 18.269797068421756, 45.966938722867823 ], [ 18.269797068421756, 45.967047937488552 ], [ 18.269687853801031, 45.967047937488552 ], [ 18.269687853801031, 45.967157152109273 ], [ 18.269469424559581, 45.967157152109273 ], [ 18.269469424559581, 45.967266366729994 ], [ 18.268704922214511, 45.967266366729994 ] ] ] } },
{ "type": "Feature", "properties": { "parcel_id": 61, "area_ha": 6.26, "pixels": 626 }, "geometry": { "type": "Polygon", "coordinates": [ [ [ 18.25254115834732, 45.967157152109273 ], [ 18.25254115834732, 45.967047937488552 ], [ 18.250902939036457, 45.967047937488552 ], [ 18.250902939036457, 45.966938722867823 ], [ 18.250575295174283, 45.966938722867823 ], [ 18.250575295174283, 45.967047937488552 ], [ 18.249920007449937, 45.967047937488552 ], [ 18.249920007449937, 45.966938722867823 ], [ 18.249592363587766, 45.966938722867823 ], [ 18.249592363587766, 45.966720293626373 ], [ 18.249483148967041, 45.966720293626373 ], [ 18.249483148967041, 45.966283435143481 ], [ 18.249592363587766, 45.966283435143481 ], [ 18.249592363587766, 45.965409718177682 ], [ 18.249701578208491, 45.965409718177682 ], [ 18.249701578208491, 45.965191288936239 ], [ 18.249810792829212, 45.965191288936239 ], [ 18.249810792829212, 45.965082074315511 ], [ 18.250029222070662, 45.965082074315511 ], [ 18.250029222070662, 45.96497285969479 ], [ 18.250247651312112, 45.96497285969479 ], [ 18.250247651312112, 45.965082074315511 ], [ 18.252978016830216, 45.965082074315511 ], [ 18.252978016830216, 45.96497285969479 ], [ 18.253305660692391, 45.96497285969479 ], [ 18.253305660692391, 45.965191288936239 ], [ 18.253414875313116, 45.965191288936239 ], [ 18.253414875313116, 45.966501864384924 ], [ 18.253305660692391, 45.966501864384924 ], [ 18.253305660692391, 45.966938722867823 ], [ 18.253196446071666, 45.966938722867823 ], [ 18.253196446071666, 45.967047937488552 ], [ 18.252978016830216, 45.967047937488552 ], [ 18.252978016830216, 45.967157152109273 ], [ 18.25254115834732, 45.967157152109273 ] ] ] } },
{ "type": "Feature", "properties": { "parcel_id": 62, "area_ha": 13.95, "pixels": 1395 }, "geometry": { "type": "Polygon", "coordinates": [ [ [ 18.262588903453953, 45.966065005902031 ], [ 18.262588903453953, 45.965955791281303 ], [ 18.262152044971057, 45.965955791281303 ], [ 18.262152044971057, 45.965846576660581 ], [ 18.26095068414309, 45.965846576660581 ], [ 18.26095068414309, 45.96573736203986 ], [ 18.260841469522365, 45.96573736203986 ], [ 18.260841469522365, 45.965300503556961 ], [ 18.26073225490164, 45.965300503556961 ], [ 18.26073225490164, 45.964863645074061 ], [ 18.260623040280915, 45.964863645074061 ], [ 18.260623040280915, 45.96431757197044 ], [ 18.26051382566019, 45.96431757197044 ], [ 18.26051382566019, 45.96409914272899 ], [ 18.260404611039469, 45.96409914272899 ], [ 18.260404611039469, 45.963880713487548 ], [ 18.260295396418744, 45.963880713487548 ], [ 18.260295396418744, 45.963771498866819 ], [ 18.260186181798019, 45.963771498866819 ], [ 18.260186181798019, 45.963662284246098 ], [ 18.260076967177294, 45.963662284246098 ], [ 18.260076967177294, 45.963443855004648 ], [ 18.260404611039469, 45.963443855004648 ], [ 18.260404611039469, 45.96333464038392 ], [ 18.26051382566019, 45.96333464038392 ], [ 18.26051382566019, 45.963225425763198 ], [ 18.260623040280915, 45.963225425763198 ], [ 18.260623040280915, 45.963116211142477 ], [ 18.26073225490164, 45.963116211142477 ], [ 18.26073225490164, 45.963006996521749 ], [ 18.26095068414309, 45.963006996521749 ], [ 18.26095068414309, 45.962788567280299 ], [ 18.261059898763815, 45.962788567280299 ], [ 18.261059898763815, 45.962024064935235 ], [ 18.261169113384536, 45.962024064935235 ], [ 18.261169113384536, 45.961914850314507 ], [ 18.261496757246711, 45.961914850314507 ], [ 18.261496757246711, 45.961696421073057 ], [ 18.261169113384536, 45.961696421073057 ], [ 18.261169113384536, 45.961587206452336 ], [ 18.261605971867436, 45.961587206452336 ], [ 18.261605971867436, 45.961696421073057 ], [ 18.262152044971057, 45.961696421073057 ], [ 18.262152044971057, 45.961805635693786 ], [ 18.262370474212506, 45.961805635693786 ], [ 18.262370474212506, 45.961914850314507 ], [ 18.262807332695402, 45.961914850314507 ], [ 18.262807332695402, 45.962024064935235 ], [ 18.263134976557573, 45.962024064935235 ], [ 18.263134976557573, 45.962133279555957 ], [ 18.263244191178298, 45.962133279555957 ], [ 18.263244191178298, 45.962242494176678 ], [ 18.263353405799023, 45.962242494176678 ], [ 18.263353405799023, 45.962351708797407 ], [ 18.263462620419748, 45.962351708797407 ], [ 18.263462620419748, 45.962460923418128 ], [ 18.263571835040473, 45.962460923418128 ], [ 18.263571835040473, 45.962570138038856 ], [ 18.263681049661194, 45.962570138038856 ], [ 18.263681049661194, 45.962679352659578 ], [ 18.263899478902644, 45.962679352659578 ], [ 18.263899478902644, 45.962788567280299 ], [ 18.264663981247715, 45.962788567280299 ], [ 18.264663981247715, 45.962679352659578 ], [ 18.26477319586844, 45.962679352659578 ], [ 18.26477319586844, 45.962570138038856 ], [ 18.264882410489164, 45.962570138038856 ], [ 18.264882410489164, 45.962242494176678 ], [ 18.264991625109886, 45.962242494176678 ], [ 18.264991625109886, 45.961914850314507 ], [ 18.265100839730611, 45.961914850314507 ], [ 18.265100839730611, 45.961259562590165 ], [ 18.265210054351336, 45.961259562590165 ], [ 18.265210054351336, 45.960931918727987 ], [ 18.26531926897206, 45.960931918727987 ], [ 18.26531926897206, 45.960604274865815 ], [ 18.265428483592785, 45.960604274865815 ], [ 18.265428483592785, 45.960822704107265 ], [ 18.265646912834232, 45.960822704107265 ], [ 18.265646912834232, 45.960713489486544 ], [ 18.265756127454956, 45.960713489486544 ], [ 18.265756127454956, 45.961477991831607 ], [ 18.265646912834232, 45.961477991831607 ], [ 18.265646912834232, 45.961696421073057 ], [ 18.265537698213507, 45.961696421073057 ], [ 18.265537698213507, 45.961914850314507 ], [ 18.265428483592785, 45.961914850314507 ], [ 18.265428483592785, 45.962133279555957 ], [ 18.265537698213507, 45.962133279555957 ], [ 18.265537698213507, 45.962570138038856 ], [ 18.265428483592785, 45.962570138038856 ], [ 18.265428483592785, 45.962897781901027 ], [ 18.26531926897206, 45.962897781901027 ], [ 18.26531926897206, 45.963116211142477 ], [ 18.265428483592785, 45.963116211142477 ], [ 18.265428483592785, 45.963880713487548 ], [ 18.26531926897206, 45.963880713487548 ], [ 18.26531926897206, 45.963989928108269 ], [ 18.265210054351336, 45.963989928108269 ], [ 18.265210054351336, 45.96409914272899 ], [ 18.265100839730611, 45.96409914272899 ], [ 18.265100839730611, 45.96431757197044 ], [ 18.264991625109886, 45.96431757197044 ], [ 18.264991625109886, 45.964426786591169 ], [ 18.264882410489164, 45.964426786591169 ], [ 18.264882410489164, 45.96453600121189 ], [ 18.26477319586844, 45.96453600121189 ], [ 18.26477319586844, 45.964863645074061 ], [ 18.264663981247715, 45.964863645074061 ], [ 18.264663981247715, 45.96497285969479 ], [ 18.26455476662699, 45.96497285969479 ], [ 18.26455476662699, 45.964863645074061 ], [ 18.264445552006265, 45.964863645074061 ], [ 18.264445552006265, 45.965082074315511 ], [ 18.26433633738554, 45.965082074315511 ], [ 18.26433633738554, 45.965191288936239 ], [ 18.264227122764819, 45.965191288936239 ], [ 18.264227122764819, 45.965300503556961 ], [ 18.264117908144094, 45.965300503556961 ], [ 18.264117908144094, 45.965409718177682 ], [ 18.264008693523369, 45.965409718177682 ], [ 18.264008693523369, 45.96551893279841 ], [ 18.263899478902644, 45.96551893279841 ], [ 18.263899478902644, 45.965628147419132 ], [ 18.263790264281919, 45.965628147419132 ], [ 18.263790264281919, 45.96573736203986 ], [ 18.263681049661194, 45.96573736203986 ], [ 18.263681049661194, 45.965846576660581 ], [ 18.263571835040473, 45.965846576660581 ], [ 18.263571835040473, 45.965955791281303 ], [ 18.263462620419748, 45.965955791281303 ], [ 18.263462620419748, 45.966065005902031 ], [ 18.262588903453953, 45.966065005902031 ] ] ] } },
{ "type": "Feature", "properties": { "parcel_id": 63, "area_ha": 7.25, "pixels": 725 }, "geometry": { "type": "Polygon", "coordinates": [ [ [ 18.281264603597801, 45.966065005902031 ], [ 18.281264603597801, 45.965955791281303 ], [ 18.281046174356355, 45.965955791281303 ], [ 18.281046174356355, 45.96573736203986 ], [ 18.28093695973563, 45.96573736203986 ], [ 18.28093695973563, 45.96551893279841 ], [ 18.280827745114905, 45.96551893279841 ], [ 18.280827745114905, 45.965082074315511 ], [ 18.28093695973563, 45.965082074315511 ], [ 18.28093695973563, 45.964645215832611 ], [ 18.280827745114905, 45.964645215832611 ], [ 18.280827745114905, 45.96431757197044 ], [ 18.28071853049418, 45.96431757197044 ], [ 18.28071853049418, 45.963880713487548 ], [ 18.280827745114905, 45.963880713487548 ], [ 18.280827745114905, 45.963771498866819 ], [ 18.28093695973563, 45.963771498866819 ], [ 18.28093695973563, 45.963662284246098 ], [ 18.281264603597801, 45.963662284246098 ], [ 18.281264603597801, 45.96355306962537 ], [ 18.281373818218526, 45.96355306962537 ], [ 18.281373818218526, 45.962788567280299 ], [ 18.281483032839251, 45.962788567280299 ], [ 18.281483032839251, 45.962570138038856 ], [ 18.281592247459976, 45.962570138038856 ], [ 18.281592247459976, 45.962133279555957 ], [ 18.281264603597801, 45.962133279555957 ], [ 18.281264603597801, 45.962024064935235 ], [ 18.281046174356355, 45.962024064935235 ], [ 18.281046174356355, 45.961914850314507 ], [ 18.28093695973563, 45.961914850314507 ], [ 18.28093695973563, 45.961696421073057 ], [ 18.280827745114905, 45.961696421073057 ], [ 18.280827745114905, 45.961587206452336 ], [ 18.28071853049418, 45.961587206452336 ], [ 18.28071853049418, 45.961477991831607 ], [ 18.280609315873459, 45.961477991831607 ], [ 18.280609315873459, 45.961368777210886 ], [ 18.280500101252734, 45.961368777210886 ], [ 18.280500101252734, 45.961259562590165 ], [ 18.280390886632009, 45.961259562590165 ], [ 18.280390886632009, 45.961150347969436 ], [ 18.280281672011284, 45.961150347969436 ], [ 18.280281672011284, 45.960931918727987 ], [ 18.28017245739056, 45.960931918727987 ], [ 18.28017245739056, 45.960604274865815 ], [ 18.280063242769835, 45.960604274865815 ], [ 18.280063242769835, 45.959839772520745 ], [ 18.28017245739056, 45.959839772520745 ], [ 18.28017245739056, 45.959512128658574 ], [ 18.280281672011284, 45.959512128658574 ], [ 18.280281672011284, 45.959402914037852 ], [ 18.280390886632009, 45.959402914037852 ], [ 18.280390886632009, 45.959293699417124 ], [ 18.281373818218526, 45.959293699417124 ], [ 18.281373818218526, 45.959402914037852 ], [ 18.283339681391563, 45.959402914037852 ], [ 18.283339681391563, 45.959512128658574 ], [ 18.280827745114905, 45.959512128658574 ], [ 18.280827745114905, 45.959621343279295 ], [ 18.280609315873459, 45.959621343279295 ], [ 18.280609315873459, 45.959730557900023 ], [ 18.280500101252734, 45.959730557900023 ], [ 18.280500101252734, 45.959948987141473 ], [ 18.280390886632009, 45.959948987141473 ], [ 18.280390886632009, 45.960822704107265 ], [ 18.280500101252734, 45.960822704107265 ], [ 18.280500101252734, 45.961041133348715 ], [ 18.280609315873459, 45.961041133348715 ], [ 18.280609315873459, 45.961150347969436 ], [ 18.280827745114905, 45.961150347969436 ], [ 18.280827745114905, 45.961259562590165 ], [ 18.28093695973563, 45.961259562590165 ], [ 18.28093695973563, 45.961368777210886 ], [ 18.28115538897708, 45.961368777210886 ], [ 18.28115538897708, 45.961477991831607 ], [ 18.281264603597801, 45.961477991831607 ], [ 18.281264603597801, 45.961587206452336 ], [ 18.281373818218526, 45.961587206452336 ], [ 18.281373818218526, 45.961696421073057 ], [ 18.281483032839251, 45.961696421073057 ], [ 18.281483032839251, 45.961805635693786 ], [ 18.281810676701426, 45.961805635693786 ], [ 18.281810676701426, 45.961914850314507 ], [ 18.282356749805047, 45.961914850314507 ], [ 18.282356749805047, 45.962024064935235 ], [ 18.283230466770839, 45.962024064935235 ], [ 18.283230466770839, 45.961914850314507 ], [ 18.283448896012288, 45.961914850314507 ], [ 18.283448896012288, 45.961696421073057 ], [ 18.283558110633013, 45.961696421073057 ], [ 18.283558110633013, 45.961368777210886 ], [ 18.283667325253738, 45.961368777210886 ], [ 18.283667325253738, 45.960058201762195 ], [ 18.283776539874459, 45.960058201762195 ], [ 18.283776539874459, 45.960495060245094 ], [ 18.283885754495184, 45.960495060245094 ], [ 18.283885754495184, 45.960713489486544 ], [ 18.283994969115909, 45.960713489486544 ], [ 18.283994969115909, 45.960822704107265 ], [ 18.284104183736634, 45.960822704107265 ], [ 18.284104183736634, 45.960713489486544 ], [ 18.284213398357359, 45.960713489486544 ], [ 18.284213398357359, 45.960495060245094 ], [ 18.284322612978084, 45.960495060245094 ], [ 18.284322612978084, 45.961805635693786 ], [ 18.284431827598805, 45.961805635693786 ], [ 18.284431827598805, 45.962024064935235 ], [ 18.284650256840255, 45.962024064935235 ], [ 18.284650256840255, 45.962133279555957 ], [ 18.285414759185326, 45.962133279555957 ], [ 18.285414759185326, 45.962242494176678 ], [ 18.284213398357359, 45.962242494176678 ], [ 18.284213398357359, 45.962351708797407 ], [ 18.284104183736634, 45.962351708797407 ], [ 18.284104183736634, 45.962570138038856 ], [ 18.284213398357359, 45.962570138038856 ], [ 18.284213398357359, 45.962788567280299 ], [ 18.283994969115909, 45.962788567280299 ], [ 18.283994969115909, 45.962897781901027 ], [ 18.283885754495184, 45.962897781901027 ], [ 18.283885754495184, 45.963116211142477 ], [ 18.283776539874459, 45.963116211142477 ], [ 18.283776539874459, 45.963662284246098 ], [ 18.283667325253738, 45.963662284246098 ], [ 18.283667325253738, 45.963771498866819 ], [ 18.283558110633013, 45.963771498866819 ], [ 18.283558110633013, 45.963880713487548 ], [ 18.282465964425771, 45.963880713487548 ], [ 18.282465964425771, 45.963771498866819 ], [ 18.282247535184322, 45.963771498866819 ], [ 18.282247535184322, 45.963662284246098 ], [ 18.282138320563597, 45.963662284246098 ], [ 18.282138320563597, 45.963006996521749 ], [ 18.282029105942872, 45.963006996521749 ], [ 18.282029105942872, 45.962788567280299 ], [ 18.281592247459976, 45.962788567280299 ], [ 18.281592247459976, 45.963880713487548 ], [ 18.281483032839251, 45.963880713487548 ], [ 18.281483032839251, 45.963989928108269 ], [ 18.281592247459976, 45.963989928108269 ], [ 18.281592247459976, 45.964208357349719 ], [ 18.281701462080701, 45.964208357349719 ], [ 18.281701462080701, 45.96431757197044 ], [ 18.281592247459976, 45.96431757197044 ], [ 18.281592247459976, 45.964426786591169 ], [ 18.281483032839251, 45.964426786591169 ], [ 18.281483032839251, 45.96453600121189 ], [ 18.281373818218526, 45.96453600121189 ], [ 18.281373818218526, 45.964863645074061 ], [ 18.281483032839251, 45.964863645074061 ], [ 18.281483032839251, 45.965082074315511 ], [ 18.281701462080701, 45.965082074315511 ], [ 18.281701462080701, 45.965300503556961 ], [ 18.281810676701426, 45.965300503556961 ], [ 18.281810676701426, 45.965409718177682 ], [ 18.281701462080701, 45.965409718177682 ], [ 18.281701462080701, 45.965628147419132 ], [ 18.281810676701426, 45.965628147419132 ], [ 18.281810676701426, 45.965955791281303 ], [ 18.281701462080701, 45.965955791281303 ], [ 18.281701462080701, 45.966065005902031 ], [ 18.281264603597801, 45.966065005902031 ] ] ] } },
{ "type": "Feature", "properties": { "parcel_id": 64, "area_ha": 10.28, "pixels": 1028 }, "geometry": { "type": "Polygon", "coordinates": [ [ [ 18.287271407737638, 45.965846576660581 ], [ 18.287271407737638, 45.965409718177682 ], [ 18.287380622358363, 45.965409718177682 ], [ 18.287380622358363, 45.964645215832611 ], [ 18.287271407737638, 45.964645215832611 ], [ 18.287271407737638, 45.960931918727987 ], [ 18.287380622358363, 45.960931918727987 ], [ 18.287380622358363, 45.959839772520745 ], [ 18.2893464855314, 45.959839772520745 ], [ 18.2893464855314, 45.965846576660581 ], [ 18.287271407737638, 45.965846576660581 ] ] ] } },
{ "type": "Feature", "properties": { "parcel_id": 65, "area_ha": 18.54, "pixels": 1854 }, "geometry": { "type": "Polygon", "coordinates": [ [ [ 18.253414875313116, 45.965409718177682 ], [ 18.253414875313116, 45.965191288936239 ], [ 18.253305660692391, 45.965191288936239 ], [ 18.253305660692391, 45.96497285969479 ], [ 18.252978016830216, 45.96497285969479 ], [ 18.252978016830216, 45.965082074315511 ], [ 18.250247651312112, 45.965082074315511 ], [ 18.250247651312112, 45.96497285969479 ], [ 18.250029222070662, 45.96497285969479 ], [ 18.250029222070662, 45.965082074315511 ], [ 18.249810792829212, 45.965082074315511 ], [ 18.249810792829212, 45.96497285969479 ], [ 18.249701578208491, 45.96497285969479 ], [ 18.249701578208491, 45.96475443045334 ], [ 18.249810792829212, 45.96475443045334 ], [ 18.249810792829212, 45.96453600121189 ], [ 18.249920007449937, 45.96453600121189 ], [ 18.249920007449937, 45.96431757197044 ], [ 18.250029222070662, 45.96431757197044 ], [ 18.250029222070662, 45.96409914272899 ], [ 18.250138436691387, 45.96409914272899 ], [ 18.250138436691387, 45.963989928108269 ], [ 18.250247651312112, 45.963989928108269 ], [ 18.250247651312112, 45.963443855004648 ], [ 18.250138436691387, 45.963443855004648 ], [ 18.250138436691387, 45.96333464038392 ], [ 18.250029222070662, 45.96333464038392 ], [ 18.250029222070662, 45.963116211142477 ], [ 18.249920007449937, 45.963116211142477 ], [ 18.249920007449937, 45.962788567280299 ], [ 18.249810792829212, 45.962788567280299 ], [ 18.249810792829212, 45.962570138038856 ], [ 18.249701578208491, 45.962570138038856 ], [ 18.249701578208491, 45.961805635693786 ], [ 18.249810792829212, 45.961805635693786 ], [ 18.249810792829212, 45.961477991831607 ], [ 18.249920007449937, 45.961477991831607 ], [ 18.249920007449937, 45.961041133348715 ], [ 18.250029222070662, 45.961041133348715 ], [ 18.250029222070662, 45.960604274865815 ], [ 18.249920007449937, 45.960604274865815 ], [ 18.249920007449937, 45.960385845624366 ], [ 18.249810792829212, 45.960385845624366 ], [ 18.249810792829212, 45.959839772520745 ], [ 18.249701578208491, 45.959839772520745 ], [ 18.249701578208491, 45.959730557900023 ], [ 18.249483148967041, 45.959730557900023 ], [ 18.249483148967041, 45.959621343279295 ], [ 18.248609432001246, 45.959621343279295 ], [ 18.248609432001246, 45.959512128658574 ], [ 18.247626500414729, 45.959512128658574 ], [ 18.247626500414729, 45.959621343279295 ], [ 18.247517285794004, 45.959621343279295 ], [ 18.247517285794004, 45.959730557900023 ], [ 18.247408071173279, 45.959730557900023 ], [ 18.247408071173279, 45.959839772520745 ], [ 18.247298856552554, 45.959839772520745 ], [ 18.247298856552554, 45.960058201762195 ], [ 18.247189641931833, 45.960058201762195 ], [ 18.247189641931833, 45.960167416382916 ], [ 18.247080427311108, 45.960167416382916 ], [ 18.247080427311108, 45.960276631003644 ], [ 18.246971212690383, 45.960276631003644 ], [ 18.246971212690383, 45.960385845624366 ], [ 18.246861998069658, 45.960385845624366 ], [ 18.246861998069658, 45.960495060245094 ], [ 18.246752783448933, 45.960495060245094 ], [ 18.246752783448933, 45.960604274865815 ], [ 18.246643568828212, 45.960604274865815 ], [ 18.246643568828212, 45.960713489486544 ], [ 18.246097495724587, 45.960713489486544 ], [ 18.246097495724587, 45.960604274865815 ], [ 18.245988281103866, 45.960604274865815 ], [ 18.245988281103866, 45.960385845624366 ], [ 18.246097495724587, 45.960385845624366 ], [ 18.246097495724587, 45.960495060245094 ], [ 18.246534354207487, 45.960495060245094 ], [ 18.246534354207487, 45.960385845624366 ], [ 18.246643568828212, 45.960385845624366 ], [ 18.246643568828212, 45.960276631003644 ], [ 18.246752783448933, 45.960276631003644 ], [ 18.246752783448933, 45.960167416382916 ], [ 18.246861998069658, 45.960167416382916 ], [ 18.246861998069658, 45.959948987141473 ], [ 18.246971212690383, 45.959948987141473 ], [ 18.246971212690383, 45.959730557900023 ], [ 18.247080427311108, 45.959730557900023 ], [ 18.247080427311108, 45.959293699417124 ], [ 18.246534354207487, 45.959293699417124 ], [ 18.246534354207487, 45.959402914037852 ], [ 18.246206710345312, 45.959402914037852 ], [ 18.246206710345312, 45.958747626313503 ], [ 18.246315924966037, 45.958747626313503 ], [ 18.246315924966037, 45.958638411692782 ], [ 18.247844929656178, 45.958638411692782 ], [ 18.247844929656178, 45.958747626313503 ], [ 18.249483148967041, 45.958747626313503 ], [ 18.249483148967041, 45.958856840934232 ], [ 18.249701578208491, 45.958856840934232 ], [ 18.249701578208491, 45.959293699417124 ], [ 18.249810792829212, 45.959293699417124 ], [ 18.249810792829212, 45.959402914037852 ], [ 18.249920007449937, 45.959402914037852 ], [ 18.249920007449937, 45.959512128658574 ], [ 18.250138436691387, 45.959512128658574 ], [ 18.250138436691387, 45.959730557900023 ], [ 18.250684509795008, 45.959730557900023 ], [ 18.250684509795008, 45.959839772520745 ], [ 18.251230582898629, 45.959839772520745 ], [ 18.251230582898629, 45.959730557900023 ], [ 18.251558226760803, 45.959730557900023 ], [ 18.251558226760803, 45.959839772520745 ], [ 18.251995085243699, 45.959839772520745 ], [ 18.251995085243699, 45.959948987141473 ], [ 18.252213514485149, 45.959948987141473 ], [ 18.252213514485149, 45.959839772520745 ], [ 18.252868802209495, 45.959839772520745 ], [ 18.252868802209495, 45.959948987141473 ], [ 18.253087231450941, 45.959948987141473 ], [ 18.253087231450941, 45.960167416382916 ], [ 18.253305660692391, 45.960167416382916 ], [ 18.253305660692391, 45.960276631003644 ], [ 18.253414875313116, 45.960276631003644 ], [ 18.253414875313116, 45.960604274865815 ], [ 18.25352408993384, 45.960604274865815 ], [ 18.25352408993384, 45.960713489486544 ], [ 18.253742519175287, 45.960713489486544 ], [ 18.253742519175287, 45.961150347969436 ], [ 18.253633304554562, 45.961150347969436 ], [ 18.253633304554562, 45.961587206452336 ], [ 18.25352408993384, 45.961587206452336 ], [ 18.25352408993384, 45.961805635693786 ], [ 18.253414875313116, 45.961805635693786 ], [ 18.253414875313116, 45.962024064935235 ], [ 18.253305660692391, 45.962024064935235 ], [ 18.253305660692391, 45.962133279555957 ], [ 18.253196446071666, 45.962133279555957 ], [ 18.253196446071666, 45.962242494176678 ], [ 18.252978016830216, 45.962242494176678 ], [ 18.252978016830216, 45.962351708797407 ], [ 18.252868802209495, 45.962351708797407 ], [ 18.252868802209495, 45.962679352659578 ], [ 18.252978016830216, 45.962679352659578 ], [ 18.252978016830216, 45.962897781901027 ], [ 18.253196446071666, 45.962897781901027 ], [ 18.253196446071666, 45.962788567280299 ], [ 18.253305660692391, 45.962788567280299 ], [ 18.253305660692391, 45.962570138038856 ], [ 18.253414875313116, 45.962570138038856 ], [ 18.253414875313116, 45.962788567280299 ], [ 18.25352408993384, 45.962788567280299 ], [ 18.25352408993384, 45.963443855004648 ], [ 18.253633304554562, 45.963443855004648 ], [ 18.253633304554562, 45.96355306962537 ], [ 18.253742519175287, 45.96355306962537 ], [ 18.253742519175287, 45.963880713487548 ], [ 18.253633304554562, 45.963880713487548 ], [ 18.253633304554562, 45.963989928108269 ], [ 18.25352408993384, 45.963989928108269 ], [ 18.25352408993384, 45.965409718177682 ], [ 18.253414875313116, 45.965409718177682 ] ] ] } },
{ "type": "Feature", "properties": { "parcel_id": 66, "area_ha": 6.45, "pixels": 645 }, "geometry": { "type": "Polygon", "coordinates": [ [ [ 18.278534238079697, 45.965082074315511 ], [ 18.278534238079697, 45.96497285969479 ], [ 18.278425023458972, 45.96497285969479 ], [ 18.278425023458972, 45.96475443045334 ], [ 18.278315808838247, 45.96475443045334 ], [ 18.278315808838247, 45.96431757197044 ], [ 18.278206594217522, 45.96431757197044 ], [ 18.278206594217522, 45.96409914272899 ], [ 18.277988164976076, 45.96409914272899 ], [ 18.277988164976076, 45.964208357349719 ], [ 18.277878950355351, 45.964208357349719 ], [ 18.277878950355351, 45.963880713487548 ], [ 18.277988164976076, 45.963880713487548 ], [ 18.277988164976076, 45.963662284246098 ], [ 18.277878950355351, 45.963662284246098 ], [ 18.277878950355351, 45.963116211142477 ], [ 18.277769735734626, 45.963116211142477 ], [ 18.277769735734626, 45.962570138038856 ], [ 18.277878950355351, 45.962570138038856 ], [ 18.277878950355351, 45.962133279555957 ], [ 18.277988164976076, 45.962133279555957 ], [ 18.277988164976076, 45.961696421073057 ], [ 18.277878950355351, 45.961696421073057 ], [ 18.277878950355351, 45.960276631003644 ], [ 18.277988164976076, 45.960276631003644 ], [ 18.277988164976076, 45.960713489486544 ], [ 18.278097379596797, 45.960713489486544 ], [ 18.278097379596797, 45.961259562590165 ], [ 18.278206594217522, 45.961259562590165 ], [ 18.278206594217522, 45.961368777210886 ], [ 18.278861881941868, 45.961368777210886 ], [ 18.278861881941868, 45.961259562590165 ], [ 18.279626384286939, 45.961259562590165 ], [ 18.279626384286939, 45.961368777210886 ], [ 18.279844813528388, 45.961368777210886 ], [ 18.279844813528388, 45.961477991831607 ], [ 18.279954028149113, 45.961477991831607 ], [ 18.279954028149113, 45.961587206452336 ], [ 18.280063242769835, 45.961587206452336 ], [ 18.280063242769835, 45.962242494176678 ], [ 18.28017245739056, 45.962242494176678 ], [ 18.28017245739056, 45.96355306962537 ], [ 18.280281672011284, 45.96355306962537 ], [ 18.280281672011284, 45.96409914272899 ], [ 18.28017245739056, 45.96409914272899 ], [ 18.28017245739056, 45.96431757197044 ], [ 18.280063242769835, 45.96431757197044 ], [ 18.280063242769835, 45.964426786591169 ], [ 18.279844813528388, 45.964426786591169 ], [ 18.279844813528388, 45.96453600121189 ], [ 18.279626384286939, 45.96453600121189 ], [ 18.279626384286939, 45.964645215832611 ], [ 18.279407955045489, 45.964645215832611 ], [ 18.279407955045489, 45.96475443045334 ], [ 18.279298740424768, 45.96475443045334 ], [ 18.279298740424768, 45.96497285969479 ], [ 18.279080311183318, 45.96497285969479 ], [ 18.279080311183318, 45.964863645074061 ], [ 18.278752667321143, 45.964863645074061 ], [ 18.278752667321143, 45.96497285969479 ], [ 18.278643452700422, 45.96497285969479 ], [ 18.278643452700422, 45.965082074315511 ], [ 18.278534238079697, 45.965082074315511 ] ] ] } },
{ "type": "Feature", "properties": { "parcel_id": 67, "area_ha": 15.55, "pixels": 1555 }, "geometry": { "type": "Polygon", "coordinates": [ [ [ 18.270561570766823, 45.96475443045334 ], [ 18.270561570766823, 45.964645215832611 ], [ 18.270233926904652, 45.964645215832611 ], [ 18.270233926904652, 45.96453600121189 ], [ 18.269578639180306, 45.96453600121189 ], [ 18.269578639180306, 45.964426786591169 ], [ 18.26914178069741, 45.964426786591169 ], [ 18.26914178069741, 45.96431757197044 ], [ 18.269032566076685, 45.96431757197044 ], [ 18.269032566076685, 45.96409914272899 ], [ 18.26914178069741, 45.96409914272899 ], [ 18.26914178069741, 45.963880713487548 ], [ 18.269250995318135, 45.963880713487548 ], [ 18.269250995318135, 45.96355306962537 ], [ 18.269360209938856, 45.96355306962537 ], [ 18.269360209938856, 45.963116211142477 ], [ 18.269469424559581, 45.963116211142477 ], [ 18.269469424559581, 45.962788567280299 ], [ 18.269360209938856, 45.962788567280299 ], [ 18.269360209938856, 45.961914850314507 ], [ 18.26892335145596, 45.961914850314507 ], [ 18.26892335145596, 45.961805635693786 ], [ 18.268486492973064, 45.961805635693786 ], [ 18.268486492973064, 45.961696421073057 ], [ 18.267940419869444, 45.961696421073057 ], [ 18.267940419869444, 45.961587206452336 ], [ 18.267503561386544, 45.961587206452336 ], [ 18.267503561386544, 45.961477991831607 ], [ 18.267066702903648, 45.961477991831607 ], [ 18.267066702903648, 45.961368777210886 ], [ 18.266957488282923, 45.961368777210886 ], [ 18.266957488282923, 45.961150347969436 ], [ 18.267066702903648, 45.961150347969436 ], [ 18.267066702903648, 45.960495060245094 ], [ 18.267175917524373, 45.960495060245094 ], [ 18.267175917524373, 45.960167416382916 ], [ 18.267285132145098, 45.960167416382916 ], [ 18.267285132145098, 45.959839772520745 ], [ 18.267394346765823, 45.959839772520745 ], [ 18.267394346765823, 45.959621343279295 ], [ 18.267503561386544, 45.959621343279295 ], [ 18.267503561386544, 45.959293699417124 ], [ 18.267612776007269, 45.959293699417124 ], [ 18.267612776007269, 45.959075270175674 ], [ 18.267721990627994, 45.959075270175674 ], [ 18.267721990627994, 45.958966055554953 ], [ 18.268377278352339, 45.958966055554953 ], [ 18.268377278352339, 45.959075270175674 ], [ 18.268704922214511, 45.959075270175674 ], [ 18.268704922214511, 45.959184484796403 ], [ 18.26892335145596, 45.959184484796403 ], [ 18.26892335145596, 45.959293699417124 ], [ 18.269250995318135, 45.959293699417124 ], [ 18.269250995318135, 45.959402914037852 ], [ 18.269687853801031, 45.959402914037852 ], [ 18.269687853801031, 45.959512128658574 ], [ 18.270561570766823, 45.959512128658574 ], [ 18.270561570766823, 45.959621343279295 ], [ 18.271435287732618, 45.959621343279295 ], [ 18.271435287732618, 45.959730557900023 ], [ 18.271872146215514, 45.959730557900023 ], [ 18.271872146215514, 45.959839772520745 ], [ 18.272309004698414, 45.959839772520745 ], [ 18.272309004698414, 45.959948987141473 ], [ 18.27252743393986, 45.959948987141473 ], [ 18.27252743393986, 45.960167416382916 ], [ 18.272636648560585, 45.960167416382916 ], [ 18.272636648560585, 45.960276631003644 ], [ 18.27252743393986, 45.960276631003644 ], [ 18.27252743393986, 45.960604274865815 ], [ 18.272418219319139, 45.960604274865815 ], [ 18.272418219319139, 45.960931918727987 ], [ 18.272309004698414, 45.960931918727987 ], [ 18.272309004698414, 45.961587206452336 ], [ 18.272199790077689, 45.961587206452336 ], [ 18.272199790077689, 45.961914850314507 ], [ 18.272090575456964, 45.961914850314507 ], [ 18.272090575456964, 45.962133279555957 ], [ 18.271981360836239, 45.962133279555957 ], [ 18.271981360836239, 45.962242494176678 ], [ 18.271872146215514, 45.962242494176678 ], [ 18.271872146215514, 45.962460923418128 ], [ 18.271762931594793, 45.962460923418128 ], [ 18.271762931594793, 45.962679352659578 ], [ 18.271653716974068, 45.962679352659578 ], [ 18.271653716974068, 45.96333464038392 ], [ 18.271544502353343, 45.96333464038392 ], [ 18.271544502353343, 45.96355306962537 ], [ 18.271435287732618, 45.96355306962537 ], [ 18.271435287732618, 45.963771498866819 ], [ 18.271326073111894, 45.963771498866819 ], [ 18.271326073111894, 45.96409914272899 ], [ 18.271216858491169, 45.96409914272899 ], [ 18.271216858491169, 45.964426786591169 ], [ 18.271107643870447, 45.964426786591169 ], [ 18.271107643870447, 45.96453600121189 ], [ 18.270998429249723, 45.96453600121189 ], [ 18.270998429249723, 45.964645215832611 ], [ 18.270889214628998, 45.964645215832611 ], [ 18.270889214628998, 45.96475443045334 ], [ 18.270561570766823, 45.96475443045334 ] ] ] } },
{ "type": "Feature", "properties": { "parcel_id": 68, "area_ha": 8.55, "pixels": 855 }, "geometry": { "type": "Polygon", "coordinates": [ [ [ 18.271107643870447, 45.964645215832611 ], [ 18.271107643870447, 45.964426786591169 ], [ 18.271216858491169, 45.964426786591169 ], [ 18.271216858491169, 45.96409914272899 ], [ 18.271326073111894, 45.96409914272899 ], [ 18.271326073111894, 45.963771498866819 ], [ 18.271435287732618, 45.963771498866819 ], [ 18.271435287732618, 45.96355306962537 ], [ 18.271544502353343, 45.96355306962537 ], [ 18.271544502353343, 45.96333464038392 ], [ 18.271653716974068, 45.96333464038392 ], [ 18.271653716974068, 45.962679352659578 ], [ 18.271762931594793, 45.962679352659578 ], [ 18.271762931594793, 45.962460923418128 ], [ 18.271872146215514, 45.962460923418128 ], [ 18.271872146215514, 45.962242494176678 ], [ 18.271981360836239, 45.962242494176678 ], [ 18.271981360836239, 45.962133279555957 ], [ 18.272090575456964, 45.962133279555957 ], [ 18.272090575456964, 45.961914850314507 ], [ 18.272199790077689, 45.961914850314507 ], [ 18.272199790077689, 45.961587206452336 ], [ 18.272309004698414, 45.961587206452336 ], [ 18.272309004698414, 45.960931918727987 ], [ 18.272418219319139, 45.960931918727987 ], [ 18.272418219319139, 45.960604274865815 ], [ 18.27252743393986, 45.960604274865815 ], [ 18.27252743393986, 45.960276631003644 ], [ 18.272636648560585, 45.960276631003644 ], [ 18.272636648560585, 45.960167416382916 ], [ 18.27252743393986, 45.960167416382916 ], [ 18.27252743393986, 45.959948987141473 ], [ 18.272309004698414, 45.959948987141473 ], [ 18.272309004698414, 45.959839772520745 ], [ 18.271872146215514, 45.959839772520745 ], [ 18.271872146215514, 45.959730557900023 ], [ 18.271435287732618, 45.959730557900023 ], [ 18.271435287732618, 45.959621343279295 ], [ 18.270561570766823, 45.959621343279295 ], [ 18.270561570766823, 45.959512128658574 ], [ 18.269687853801031, 45.959512128658574 ], [ 18.269687853801031, 45.959402914037852 ], [ 18.269250995318135, 45.959402914037852 ], [ 18.269250995318135, 45.959293699417124 ], [ 18.26892335145596, 45.959293699417124 ], [ 18.26892335145596, 45.959184484796403 ], [ 18.268704922214511, 45.959184484796403 ], [ 18.268704922214511, 45.959075270175674 ], [ 18.268377278352339, 45.959075270175674 ], [ 18.268377278352339, 45.958966055554953 ], [ 18.267721990627994, 45.958966055554953 ], [ 18.267721990627994, 45.959075270175674 ], [ 18.267612776007269, 45.959075270175674 ], [ 18.267612776007269, 45.959293699417124 ], [ 18.267503561386544, 45.959293699417124 ], [ 18.267503561386544, 45.959621343279295 ], [ 18.267394346765823, 45.959621343279295 ], [ 18.267394346765823, 45.959839772520745 ], [ 18.267285132145098, 45.959839772520745 ], [ 18.267285132145098, 45.960167416382916 ], [ 18.267175917524373, 45.960167416382916 ], [ 18.267175917524373, 45.960495060245094 ], [ 18.267066702903648, 45.960495060245094 ], [ 18.267066702903648, 45.961150347969436 ], [ 18.266957488282923, 45.961150347969436 ], [ 18.266957488282923, 45.961368777210886 ], [ 18.266848273662198, 45.961368777210886 ], [ 18.266848273662198, 45.961259562590165 ], [ 18.266739059041477, 45.961259562590165 ], [ 18.266739059041477, 45.960822704107265 ], [ 18.266848273662198, 45.960822704107265 ], [ 18.266848273662198, 45.959948987141473 ], [ 18.266957488282923, 45.959948987141473 ], [ 18.266957488282923, 45.959730557900023 ], [ 18.267066702903648, 45.959730557900023 ], [ 18.267066702903648, 45.958856840934232 ], [ 18.267175917524373, 45.958856840934232 ], [ 18.267175917524373, 45.958419982451332 ], [ 18.267285132145098, 45.958419982451332 ], [ 18.267285132145098, 45.958201553209882 ], [ 18.267394346765823, 45.958201553209882 ], [ 18.267394346765823, 45.957983123968432 ], [ 18.267940419869444, 45.957983123968432 ], [ 18.267940419869444, 45.958092338589161 ], [ 18.268377278352339, 45.958092338589161 ], [ 18.268377278352339, 45.958201553209882 ], [ 18.26892335145596, 45.958201553209882 ], [ 18.26892335145596, 45.958310767830604 ], [ 18.269360209938856, 45.958310767830604 ], [ 18.269360209938856, 45.958419982451332 ], [ 18.269797068421756, 45.958419982451332 ], [ 18.269797068421756, 45.958529197072053 ], [ 18.270124712283927, 45.958529197072053 ], [ 18.270124712283927, 45.958638411692782 ], [ 18.270452356146102, 45.958638411692782 ], [ 18.270452356146102, 45.958529197072053 ], [ 18.270670785387548, 45.958529197072053 ], [ 18.270670785387548, 45.958856840934232 ], [ 18.271107643870447, 45.958856840934232 ], [ 18.271107643870447, 45.958966055554953 ], [ 18.271435287732618, 45.958966055554953 ], [ 18.271435287732618, 45.959075270175674 ], [ 18.271762931594793, 45.959075270175674 ], [ 18.271762931594793, 45.959184484796403 ], [ 18.272090575456964, 45.959184484796403 ], [ 18.272090575456964, 45.959293699417124 ], [ 18.272418219319139, 45.959293699417124 ], [ 18.272418219319139, 45.959402914037852 ], [ 18.27274586318131, 45.959402914037852 ], [ 18.27274586318131, 45.959512128658574 ], [ 18.27296429242276, 45.959512128658574 ], [ 18.27296429242276, 45.959621343279295 ], [ 18.273291936284931, 45.959621343279295 ], [ 18.273291936284931, 45.959730557900023 ], [ 18.273510365526381, 45.959730557900023 ], [ 18.273510365526381, 45.959948987141473 ], [ 18.273401150905656, 45.959948987141473 ], [ 18.273401150905656, 45.960058201762195 ], [ 18.273291936284931, 45.960058201762195 ], [ 18.273291936284931, 45.960276631003644 ], [ 18.273182721664206, 45.960276631003644 ], [ 18.273182721664206, 45.960713489486544 ], [ 18.273073507043481, 45.960713489486544 ], [ 18.273073507043481, 45.961041133348715 ], [ 18.27296429242276, 45.961041133348715 ], [ 18.27296429242276, 45.961259562590165 ], [ 18.272855077802035, 45.961259562590165 ], [ 18.272855077802035, 45.961587206452336 ], [ 18.27274586318131, 45.961587206452336 ], [ 18.27274586318131, 45.961696421073057 ], [ 18.272636648560585, 45.961696421073057 ], [ 18.272636648560585, 45.961805635693786 ], [ 18.27252743393986, 45.961805635693786 ], [ 18.27252743393986, 45.961914850314507 ], [ 18.272418219319139, 45.961914850314507 ], [ 18.272418219319139, 45.962133279555957 ], [ 18.272309004698414, 45.962133279555957 ], [ 18.272309004698414, 45.962351708797407 ], [ 18.272199790077689, 45.962351708797407 ], [ 18.272199790077689, 45.962679352659578 ], [ 18.272309004698414, 45.962679352659578 ], [ 18.272309004698414, 45.96333464038392 ], [ 18.273073507043481, 45.96333464038392 ], [ 18.273073507043481, 45.963443855004648 ], [ 18.274056438630002, 45.963443855004648 ], [ 18.274056438630002, 45.96355306962537 ], [ 18.274602511733622, 45.96355306962537 ], [ 18.274602511733622, 45.963880713487548 ], [ 18.274493297112897, 45.963880713487548 ], [ 18.274493297112897, 45.963989928108269 ], [ 18.274384082492173, 45.963989928108269 ], [ 18.274384082492173, 45.96409914272899 ], [ 18.274274867871451, 45.96409914272899 ], [ 18.274274867871451, 45.964208357349719 ], [ 18.274165653250726, 45.964208357349719 ], [ 18.274165653250726, 45.96431757197044 ], [ 18.273291936284931, 45.96431757197044 ], [ 18.273291936284931, 45.964208357349719 ], [ 18.27274586318131, 45.964208357349719 ], [ 18.27274586318131, 45.963989928108269 ], [ 18.272090575456964, 45.963989928108269 ], [ 18.272090575456964, 45.96409914272899 ], [ 18.271653716974068, 45.96409914272899 ], [ 18.271653716974068, 45.964208357349719 ], [ 18.271435287732618, 45.964208357349719 ], [ 18.271435287732618, 45.96431757197044 ], [ 18.271326073111894, 45.96431757197044 ], [ 18.271326073111894, 45.964645215832611 ], [ 18.271107643870447, 45.964645215832611 ] ] ] } },
{ "type": "Feature", "properties": { "parcel_id": 69, "area_ha": 29.74, "pixels": 2974 }, "geometry": { "type": "Polygon", "coordinates": [ [ [ 18.264991625109886, 45.96453600121189 ], [ 18.264991625109886, 45.96431757197044 ], [ 18.265100839730611, 45.96431757197044 ], [ 18.265100839730611, 45.96409914272899 ], [ 18.265210054351336, 45.96409914272899 ], [ 18.265210054351336, 45.963989928108269 ], [ 18.26531926897206, 45.963989928108269 ], [ 18.26531926897206, 45.963880713487548 ], [ 18.265428483592785, 45.963880713487548 ], [ 18.265428483592785, 45.963116211142477 ], [ 18.26531926897206, 45.963116211142477 ], [ 18.26531926897206, 45.962897781901027 ], [ 18.265428483592785, 45.962897781901027 ], [ 18.265428483592785, 45.962570138038856 ], [ 18.265537698213507, 45.962570138038856 ], [ 18.265537698213507, 45.962133279555957 ], [ 18.265428483592785, 45.962133279555957 ], [ 18.265428483592785, 45.961914850314507 ], [ 18.265537698213507, 45.961914850314507 ], [ 18.265537698213507, 45.961696421073057 ], [ 18.265646912834232, 45.961696421073057 ], [ 18.265646912834232, 45.961477991831607 ], [ 18.265756127454956, 45.961477991831607 ], [ 18.265756127454956, 45.960713489486544 ], [ 18.265646912834232, 45.960713489486544 ], [ 18.265646912834232, 45.960822704107265 ], [ 18.265428483592785, 45.960822704107265 ], [ 18.265428483592785, 45.960604274865815 ], [ 18.26531926897206, 45.960604274865815 ], [ 18.26531926897206, 45.960931918727987 ], [ 18.265210054351336, 45.960931918727987 ], [ 18.265210054351336, 45.961259562590165 ], [ 18.265100839730611, 45.961259562590165 ], [ 18.265100839730611, 45.961914850314507 ], [ 18.264991625109886, 45.961914850314507 ], [ 18.264991625109886, 45.962242494176678 ], [ 18.264882410489164, 45.962242494176678 ], [ 18.264882410489164, 45.962570138038856 ], [ 18.26477319586844, 45.962570138038856 ], [ 18.26477319586844, 45.962679352659578 ], [ 18.264663981247715, 45.962679352659578 ], [ 18.264663981247715, 45.962788567280299 ], [ 18.263899478902644, 45.962788567280299 ], [ 18.263899478902644, 45.962679352659578 ], [ 18.263681049661194, 45.962679352659578 ], [ 18.263681049661194, 45.962570138038856 ], [ 18.263571835040473, 45.962570138038856 ], [ 18.263571835040473, 45.962460923418128 ], [ 18.263462620419748, 45.962460923418128 ], [ 18.263462620419748, 45.962351708797407 ], [ 18.263353405799023, 45.962351708797407 ], [ 18.263353405799023, 45.962242494176678 ], [ 18.263244191178298, 45.962242494176678 ], [ 18.263244191178298, 45.962133279555957 ], [ 18.263134976557573, 45.962133279555957 ], [ 18.263134976557573, 45.962024064935235 ], [ 18.262807332695402, 45.962024064935235 ], [ 18.262807332695402, 45.961914850314507 ], [ 18.262370474212506, 45.961914850314507 ], [ 18.262370474212506, 45.961805635693786 ], [ 18.262152044971057, 45.961805635693786 ], [ 18.262152044971057, 45.961696421073057 ], [ 18.261605971867436, 45.961696421073057 ], [ 18.261605971867436, 45.961477991831607 ], [ 18.261824401108882, 45.961477991831607 ], [ 18.261824401108882, 45.960604274865815 ], [ 18.261933615729607, 45.960604274865815 ], [ 18.261933615729607, 45.960167416382916 ], [ 18.261824401108882, 45.960167416382916 ], [ 18.261824401108882, 45.959621343279295 ], [ 18.261933615729607, 45.959621343279295 ], [ 18.261933615729607, 45.959402914037852 ], [ 18.262042830350332, 45.959402914037852 ], [ 18.262042830350332, 45.959293699417124 ], [ 18.262152044971057, 45.959293699417124 ], [ 18.262152044971057, 45.959402914037852 ], [ 18.262261259591781, 45.959402914037852 ], [ 18.262261259591781, 45.959730557900023 ], [ 18.262370474212506, 45.959730557900023 ], [ 18.262370474212506, 45.960385845624366 ], [ 18.262479688833228, 45.960385845624366 ], [ 18.262479688833228, 45.960495060245094 ], [ 18.262588903453953, 45.960495060245094 ], [ 18.262588903453953, 45.960713489486544 ], [ 18.262698118074677, 45.960713489486544 ], [ 18.262698118074677, 45.960276631003644 ], [ 18.262588903453953, 45.960276631003644 ], [ 18.262588903453953, 45.958638411692782 ], [ 18.262698118074677, 45.958638411692782 ], [ 18.262698118074677, 45.958966055554953 ], [ 18.262807332695402, 45.958966055554953 ], [ 18.262807332695402, 45.959402914037852 ], [ 18.262916547316127, 45.959402914037852 ], [ 18.262916547316127, 45.959948987141473 ], [ 18.263025761936849, 45.959948987141473 ], [ 18.263025761936849, 45.959075270175674 ], [ 18.263134976557573, 45.959075270175674 ], [ 18.263134976557573, 45.961259562590165 ], [ 18.263244191178298, 45.961259562590165 ], [ 18.263244191178298, 45.961368777210886 ], [ 18.263353405799023, 45.961368777210886 ], [ 18.263353405799023, 45.961477991831607 ], [ 18.263790264281919, 45.961477991831607 ], [ 18.263790264281919, 45.961150347969436 ], [ 18.263899478902644, 45.961150347969436 ], [ 18.263899478902644, 45.960822704107265 ], [ 18.264008693523369, 45.960822704107265 ], [ 18.264008693523369, 45.960604274865815 ], [ 18.264117908144094, 45.960604274865815 ], [ 18.264117908144094, 45.960495060245094 ], [ 18.264227122764819, 45.960495060245094 ], [ 18.264227122764819, 45.960385845624366 ], [ 18.26433633738554, 45.960385845624366 ], [ 18.26433633738554, 45.960276631003644 ], [ 18.264445552006265, 45.960276631003644 ], [ 18.264445552006265, 45.960167416382916 ], [ 18.26455476662699, 45.960167416382916 ], [ 18.26455476662699, 45.959621343279295 ], [ 18.264663981247715, 45.959621343279295 ], [ 18.264663981247715, 45.958966055554953 ], [ 18.264991625109886, 45.958966055554953 ], [ 18.264991625109886, 45.958092338589161 ], [ 18.265100839730611, 45.958092338589161 ], [ 18.265100839730611, 45.957873909347711 ], [ 18.265210054351336, 45.957873909347711 ], [ 18.265210054351336, 45.957218621623362 ], [ 18.26531926897206, 45.957218621623362 ], [ 18.26531926897206, 45.95710940700264 ], [ 18.265428483592785, 45.95710940700264 ], [ 18.265428483592785, 45.956890977761191 ], [ 18.26531926897206, 45.956890977761191 ], [ 18.26531926897206, 45.956672548519741 ], [ 18.265210054351336, 45.956672548519741 ], [ 18.265210054351336, 45.953832968380915 ], [ 18.265100839730611, 45.953832968380915 ], [ 18.265100839730611, 45.953396109898016 ], [ 18.264991625109886, 45.953396109898016 ], [ 18.264991625109886, 45.952194749070046 ], [ 18.264882410489164, 45.952194749070046 ], [ 18.264882410489164, 45.951976319828603 ], [ 18.26477319586844, 45.951976319828603 ], [ 18.26477319586844, 45.951867105207874 ], [ 18.264663981247715, 45.951867105207874 ], [ 18.264663981247715, 45.951648675966425 ], [ 18.26455476662699, 45.951648675966425 ], [ 18.26455476662699, 45.951321032104254 ], [ 18.264445552006265, 45.951321032104254 ], [ 18.264445552006265, 45.951102602862804 ], [ 18.26433633738554, 45.951102602862804 ], [ 18.26433633738554, 45.950993388242082 ], [ 18.264227122764819, 45.950993388242082 ], [ 18.264227122764819, 45.950884173621354 ], [ 18.264117908144094, 45.950884173621354 ], [ 18.264117908144094, 45.950774959000633 ], [ 18.264008693523369, 45.950774959000633 ], [ 18.264008693523369, 45.950665744379911 ], [ 18.263899478902644, 45.950665744379911 ], [ 18.263899478902644, 45.950447315138462 ], [ 18.263790264281919, 45.950447315138462 ], [ 18.263790264281919, 45.950119671276283 ], [ 18.263571835040473, 45.950119671276283 ], [ 18.263571835040473, 45.94913673968977 ], [ 18.263681049661194, 45.94913673968977 ], [ 18.263681049661194, 45.949464383551941 ], [ 18.263790264281919, 45.949464383551941 ], [ 18.263790264281919, 45.949792027414112 ], [ 18.263899478902644, 45.949792027414112 ], [ 18.263899478902644, 45.950010456655562 ], [ 18.264008693523369, 45.950010456655562 ], [ 18.264008693523369, 45.950228885897012 ], [ 18.264117908144094, 45.950228885897012 ], [ 18.264117908144094, 45.950447315138462 ], [ 18.264227122764819, 45.950447315138462 ], [ 18.264227122764819, 45.950556529759183 ], [ 18.26433633738554, 45.950556529759183 ], [ 18.26433633738554, 45.950665744379911 ], [ 18.264445552006265, 45.950665744379911 ], [ 18.264445552006265, 45.950774959000633 ], [ 18.26455476662699, 45.950774959000633 ], [ 18.26455476662699, 45.950884173621354 ], [ 18.264663981247715, 45.950884173621354 ], [ 18.264663981247715, 45.950993388242082 ], [ 18.26477319586844, 45.950993388242082 ], [ 18.26477319586844, 45.951102602862804 ], [ 18.264882410489164, 45.951102602862804 ], [ 18.264882410489164, 45.951430246724975 ], [ 18.264991625109886, 45.951430246724975 ], [ 18.264991625109886, 45.951757890587153 ], [ 18.265100839730611, 45.951757890587153 ], [ 18.265100839730611, 45.951976319828603 ], [ 18.265210054351336, 45.951976319828603 ], [ 18.265210054351336, 45.952631607552945 ], [ 18.26531926897206, 45.952631607552945 ], [ 18.26531926897206, 45.952850036794395 ], [ 18.265210054351336, 45.952850036794395 ], [ 18.265210054351336, 45.953286895277287 ], [ 18.26531926897206, 45.953286895277287 ], [ 18.26531926897206, 45.953505324518737 ], [ 18.265428483592785, 45.953505324518737 ], [ 18.265428483592785, 45.953723753760187 ], [ 18.265537698213507, 45.953723753760187 ], [ 18.265537698213507, 45.954051397622358 ], [ 18.265646912834232, 45.954051397622358 ], [ 18.265646912834232, 45.954379041484536 ], [ 18.265756127454956, 45.954379041484536 ], [ 18.265756127454956, 45.955580402312499 ], [ 18.265646912834232, 45.955580402312499 ], [ 18.265646912834232, 45.95612647541612 ], [ 18.265756127454956, 45.95612647541612 ], [ 18.265756127454956, 45.95634490465757 ], [ 18.265865342075681, 45.95634490465757 ], [ 18.265865342075681, 45.95656333389902 ], [ 18.265974556696406, 45.95656333389902 ], [ 18.265974556696406, 45.956672548519741 ], [ 18.266083771317131, 45.956672548519741 ], [ 18.266083771317131, 45.956781763140469 ], [ 18.266302200558577, 45.956781763140469 ], [ 18.266302200558577, 45.956890977761191 ], [ 18.266848273662198, 45.956890977761191 ], [ 18.266848273662198, 45.956672548519741 ], [ 18.266957488282923, 45.956672548519741 ], [ 18.266957488282923, 45.956235690036848 ], [ 18.267066702903648, 45.956235690036848 ], [ 18.267066702903648, 45.955580402312499 ], [ 18.267175917524373, 45.955580402312499 ], [ 18.267175917524373, 45.955034329208878 ], [ 18.267285132145098, 45.955034329208878 ], [ 18.267285132145098, 45.954706685346707 ], [ 18.267394346765823, 45.954706685346707 ], [ 18.267394346765823, 45.954379041484536 ], [ 18.267503561386544, 45.954379041484536 ], [ 18.267503561386544, 45.953942183001637 ], [ 18.267612776007269, 45.953942183001637 ], [ 18.267612776007269, 45.953505324518737 ], [ 18.267721990627994, 45.953505324518737 ], [ 18.267721990627994, 45.953177680656566 ], [ 18.267831205248719, 45.953177680656566 ], [ 18.267831205248719, 45.952959251415116 ], [ 18.267940419869444, 45.952959251415116 ], [ 18.267940419869444, 45.952631607552945 ], [ 18.268049634490165, 45.952631607552945 ], [ 18.268049634490165, 45.952303963690774 ], [ 18.26815884911089, 45.952303963690774 ], [ 18.26815884911089, 45.951976319828603 ], [ 18.268268063731615, 45.951976319828603 ], [ 18.268268063731615, 45.951648675966425 ], [ 18.268377278352339, 45.951648675966425 ], [ 18.268377278352339, 45.951102602862804 ], [ 18.268486492973064, 45.951102602862804 ], [ 18.268486492973064, 45.950774959000633 ], [ 18.268595707593789, 45.950774959000633 ], [ 18.268595707593789, 45.950119671276283 ], [ 18.268704922214511, 45.950119671276283 ], [ 18.268704922214511, 45.949464383551941 ], [ 18.268814136835235, 45.949464383551941 ], [ 18.268814136835235, 45.949901242034841 ], [ 18.26892335145596, 45.949901242034841 ], [ 18.26892335145596, 45.950338100517733 ], [ 18.269032566076685, 45.950338100517733 ], [ 18.269032566076685, 45.950447315138462 ], [ 18.269250995318135, 45.950447315138462 ], [ 18.269250995318135, 45.950338100517733 ], [ 18.269360209938856, 45.950338100517733 ], [ 18.269360209938856, 45.950556529759183 ], [ 18.269250995318135, 45.950556529759183 ], [ 18.269250995318135, 45.951321032104254 ], [ 18.26914178069741, 45.951321032104254 ], [ 18.26914178069741, 45.951539461345703 ], [ 18.269032566076685, 45.951539461345703 ], [ 18.269032566076685, 45.951757890587153 ], [ 18.26892335145596, 45.951757890587153 ], [ 18.26892335145596, 45.952085534449324 ], [ 18.268814136835235, 45.952085534449324 ], [ 18.268814136835235, 45.952413178311495 ], [ 18.268704922214511, 45.952413178311495 ], [ 18.268704922214511, 45.952959251415116 ], [ 18.268595707593789, 45.952959251415116 ], [ 18.268595707593789, 45.953723753760187 ], [ 18.270561570766823, 45.953723753760187 ], [ 18.270561570766823, 45.953832968380915 ], [ 18.271216858491169, 45.953832968380915 ], [ 18.271216858491169, 45.953723753760187 ], [ 18.273401150905656, 45.953723753760187 ], [ 18.273401150905656, 45.953832968380915 ], [ 18.271762931594793, 45.953832968380915 ], [ 18.271762931594793, 45.953942183001637 ], [ 18.270670785387548, 45.953942183001637 ], [ 18.270670785387548, 45.954051397622358 ], [ 18.268704922214511, 45.954051397622358 ], [ 18.268704922214511, 45.954160612243086 ], [ 18.268268063731615, 45.954160612243086 ], [ 18.268268063731615, 45.954051397622358 ], [ 18.267940419869444, 45.954051397622358 ], [ 18.267940419869444, 45.954269826863808 ], [ 18.267831205248719, 45.954269826863808 ], [ 18.267831205248719, 45.954706685346707 ], [ 18.267721990627994, 45.954706685346707 ], [ 18.267721990627994, 45.955034329208878 ], [ 18.267612776007269, 45.955034329208878 ], [ 18.267612776007269, 45.955361973071049 ], [ 18.267503561386544, 45.955361973071049 ], [ 18.267503561386544, 45.955798831553949 ], [ 18.267394346765823, 45.955798831553949 ], [ 18.267394346765823, 45.956454119278291 ], [ 18.267285132145098, 45.956454119278291 ], [ 18.267285132145098, 45.957000192381919 ], [ 18.267175917524373, 45.957000192381919 ], [ 18.267175917524373, 45.957218621623362 ], [ 18.267066702903648, 45.957218621623362 ], [ 18.267066702903648, 45.95754626548554 ], [ 18.267721990627994, 45.95754626548554 ], [ 18.267721990627994, 45.957655480106261 ], [ 18.268049634490165, 45.957655480106261 ], [ 18.268049634490165, 45.957764694726983 ], [ 18.26914178069741, 45.957764694726983 ], [ 18.26914178069741, 45.957873909347711 ], [ 18.269360209938856, 45.957873909347711 ], [ 18.269360209938856, 45.957983123968432 ], [ 18.269687853801031, 45.957983123968432 ], [ 18.269687853801031, 45.958092338589161 ], [ 18.270124712283927, 45.958092338589161 ], [ 18.270124712283927, 45.958201553209882 ], [ 18.270343141525377, 45.958201553209882 ], [ 18.270343141525377, 45.958310767830604 ], [ 18.270780000008273, 45.958310767830604 ], [ 18.270780000008273, 45.958529197072053 ], [ 18.271326073111894, 45.958529197072053 ], [ 18.271326073111894, 45.958638411692782 ], [ 18.271653716974068, 45.958638411692782 ], [ 18.271653716974068, 45.958747626313503 ], [ 18.271216858491169, 45.958747626313503 ], [ 18.271216858491169, 45.958638411692782 ], [ 18.270670785387548, 45.958638411692782 ], [ 18.270670785387548, 45.958529197072053 ], [ 18.270452356146102, 45.958529197072053 ], [ 18.270452356146102, 45.958638411692782 ], [ 18.270124712283927, 45.958638411692782 ], [ 18.270124712283927, 45.958529197072053 ], [ 18.269797068421756, 45.958529197072053 ], [ 18.269797068421756, 45.958419982451332 ], [ 18.269360209938856, 45.958419982451332 ], [ 18.269360209938856, 45.958310767830604 ], [ 18.26892335145596, 45.958310767830604 ], [ 18.26892335145596, 45.958201553209882 ], [ 18.268377278352339, 45.958201553209882 ], [ 18.268377278352339, 45.958092338589161 ], [ 18.267940419869444, 45.958092338589161 ], [ 18.267940419869444, 45.957983123968432 ], [ 18.267394346765823, 45.957983123968432 ], [ 18.267394346765823, 45.958201553209882 ], [ 18.267285132145098, 45.958201553209882 ], [ 18.267285132145098, 45.958419982451332 ], [ 18.267175917524373, 45.958419982451332 ], [ 18.267175917524373, 45.958856840934232 ], [ 18.267066702903648, 45.958856840934232 ], [ 18.267066702903648, 45.959730557900023 ], [ 18.266957488282923, 45.959730557900023 ], [ 18.266957488282923, 45.959948987141473 ], [ 18.266848273662198, 45.959948987141473 ], [ 18.266848273662198, 45.960822704107265 ], [ 18.266739059041477, 45.960822704107265 ], [ 18.266739059041477, 45.961259562590165 ], [ 18.266848273662198, 45.961259562590165 ], [ 18.266848273662198, 45.961368777210886 ], [ 18.267066702903648, 45.961368777210886 ], [ 18.267066702903648, 45.961477991831607 ], [ 18.267503561386544, 45.961477991831607 ], [ 18.267503561386544, 45.961587206452336 ], [ 18.267940419869444, 45.961587206452336 ], [ 18.267940419869444, 45.961696421073057 ], [ 18.268486492973064, 45.961696421073057 ], [ 18.268486492973064, 45.961805635693786 ], [ 18.26892335145596, 45.961805635693786 ], [ 18.26892335145596, 45.961914850314507 ], [ 18.269360209938856, 45.961914850314507 ], [ 18.269360209938856, 45.962460923418128 ], [ 18.269250995318135, 45.962460923418128 ], [ 18.269250995318135, 45.96333464038392 ], [ 18.26914178069741, 45.96333464038392 ], [ 18.26914178069741, 45.963662284246098 ], [ 18.269032566076685, 45.963662284246098 ], [ 18.269032566076685, 45.963771498866819 ], [ 18.26892335145596, 45.963771498866819 ], [ 18.26892335145596, 45.96431757197044 ], [ 18.268704922214511, 45.96431757197044 ], [ 18.268704922214511, 45.964426786591169 ], [ 18.268595707593789, 45.964426786591169 ], [ 18.268595707593789, 45.96453600121189 ], [ 18.268268063731615, 45.96453600121189 ], [ 18.268268063731615, 45.964426786591169 ], [ 18.267721990627994, 45.964426786591169 ], [ 18.267721990627994, 45.96431757197044 ], [ 18.267175917524373, 45.96431757197044 ], [ 18.267175917524373, 45.964208357349719 ], [ 18.266520629800027, 45.964208357349719 ], [ 18.266520629800027, 45.96409914272899 ], [ 18.266192985937852, 45.96409914272899 ], [ 18.266192985937852, 45.963989928108269 ], [ 18.265974556696406, 45.963989928108269 ], [ 18.265974556696406, 45.963880713487548 ], [ 18.265756127454956, 45.963880713487548 ], [ 18.265756127454956, 45.963662284246098 ], [ 18.265646912834232, 45.963662284246098 ], [ 18.265646912834232, 45.963880713487548 ], [ 18.265537698213507, 45.963880713487548 ], [ 18.265537698213507, 45.963989928108269 ], [ 18.265428483592785, 45.963989928108269 ], [ 18.265428483592785, 45.964208357349719 ], [ 18.26531926897206, 45.964208357349719 ], [ 18.26531926897206, 45.96431757197044 ], [ 18.265210054351336, 45.96431757197044 ], [ 18.265210054351336, 45.964426786591169 ], [ 18.265100839730611, 45.964426786591169 ], [ 18.265100839730611, 45.96453600121189 ], [ 18.264991625109886, 45.96453600121189 ] ] ] } },
{ "type": "Feature", "properties": { "parcel_id": 70, "area_ha": 5.69, "pixels": 569 }, "geometry": { "type": "Polygon", "coordinates": [ [ [ 18.23615896523868, 45.964426786591169 ], [ 18.23615896523868, 45.963006996521749 ], [ 18.236049750617955, 45.963006996521749 ], [ 18.236049750617955, 45.961914850314507 ], [ 18.23615896523868, 45.961914850314507 ], [ 18.23615896523868, 45.961368777210886 ], [ 18.236049750617955, 45.961368777210886 ], [ 18.236049750617955, 45.959839772520745 ], [ 18.23615896523868, 45.959839772520745 ], [ 18.23615896523868, 45.959512128658574 ], [ 18.236268179859405, 45.959512128658574 ], [ 18.236268179859405, 45.959293699417124 ], [ 18.23637739448013, 45.959293699417124 ], [ 18.23637739448013, 45.959075270175674 ], [ 18.237578755308096, 45.959075270175674 ], [ 18.237578755308096, 45.959184484796403 ], [ 18.237687969928821, 45.959184484796403 ], [ 18.237687969928821, 45.959402914037852 ], [ 18.237797184549546, 45.959402914037852 ], [ 18.237797184549546, 45.959730557900023 ], [ 18.237906399170267, 45.959730557900023 ], [ 18.237906399170267, 45.960604274865815 ], [ 18.237797184549546, 45.960604274865815 ], [ 18.237797184549546, 45.960931918727987 ], [ 18.237687969928821, 45.960931918727987 ], [ 18.237687969928821, 45.961259562590165 ], [ 18.237578755308096, 45.961259562590165 ], [ 18.237578755308096, 45.961587206452336 ], [ 18.237469540687371, 45.961587206452336 ], [ 18.237469540687371, 45.961914850314507 ], [ 18.237360326066646, 45.961914850314507 ], [ 18.237360326066646, 45.962133279555957 ], [ 18.237251111445921, 45.962133279555957 ], [ 18.237251111445921, 45.962351708797407 ], [ 18.2371418968252, 45.962351708797407 ], [ 18.2371418968252, 45.962570138038856 ], [ 18.237032682204475, 45.962570138038856 ], [ 18.237032682204475, 45.963225425763198 ], [ 18.2371418968252, 45.963225425763198 ], [ 18.2371418968252, 45.963662284246098 ], [ 18.237032682204475, 45.963662284246098 ], [ 18.237032682204475, 45.963771498866819 ], [ 18.23692346758375, 45.963771498866819 ], [ 18.23692346758375, 45.963880713487548 ], [ 18.236705038342301, 45.963880713487548 ], [ 18.236705038342301, 45.963989928108269 ], [ 18.236595823721576, 45.963989928108269 ], [ 18.236595823721576, 45.96409914272899 ], [ 18.236486609100854, 45.96409914272899 ], [ 18.236486609100854, 45.964208357349719 ], [ 18.23637739448013, 45.964208357349719 ], [ 18.23637739448013, 45.964426786591169 ], [ 18.23615896523868, 45.964426786591169 ] ] ] } },
{ "type": "Feature", "properties": { "parcel_id": 71, "area_ha": 10.05, "pixels": 1005 }, "geometry": { "type": "Polygon", "coordinates": [ [ [ 18.257018957797015, 45.96431757197044 ], [ 18.257018957797015, 45.964208357349719 ], [ 18.256800528555566, 45.964208357349719 ], [ 18.256800528555566, 45.96409914272899 ], [ 18.253742519175287, 45.96409914272899 ], [ 18.253742519175287, 45.964208357349719 ], [ 18.25352408993384, 45.964208357349719 ], [ 18.25352408993384, 45.963989928108269 ], [ 18.253633304554562, 45.963989928108269 ], [ 18.253633304554562, 45.963880713487548 ], [ 18.253742519175287, 45.963880713487548 ], [ 18.253742519175287, 45.96355306962537 ], [ 18.253633304554562, 45.96355306962537 ], [ 18.253633304554562, 45.963443855004648 ], [ 18.25352408993384, 45.963443855004648 ], [ 18.25352408993384, 45.962788567280299 ], [ 18.253414875313116, 45.962788567280299 ], [ 18.253414875313116, 45.962570138038856 ], [ 18.253305660692391, 45.962570138038856 ], [ 18.253305660692391, 45.962788567280299 ], [ 18.253196446071666, 45.962788567280299 ], [ 18.253196446071666, 45.962897781901027 ], [ 18.252978016830216, 45.962897781901027 ], [ 18.252978016830216, 45.962679352659578 ], [ 18.252868802209495, 45.962679352659578 ], [ 18.252868802209495, 45.962351708797407 ], [ 18.252978016830216, 45.962351708797407 ], [ 18.252978016830216, 45.962242494176678 ], [ 18.253196446071666, 45.962242494176678 ], [ 18.253196446071666, 45.962133279555957 ], [ 18.253305660692391, 45.962133279555957 ], [ 18.253305660692391, 45.962024064935235 ], [ 18.253414875313116, 45.962024064935235 ], [ 18.253414875313116, 45.961805635693786 ], [ 18.25352408993384, 45.961805635693786 ], [ 18.25352408993384, 45.961587206452336 ], [ 18.253633304554562, 45.961587206452336 ], [ 18.253633304554562, 45.961150347969436 ], [ 18.253742519175287, 45.961150347969436 ], [ 18.253742519175287, 45.961041133348715 ], [ 18.254288592278908, 45.961041133348715 ], [ 18.254288592278908, 45.960931918727987 ], [ 18.254616236141082, 45.960931918727987 ], [ 18.254616236141082, 45.961041133348715 ], [ 18.255380738486153, 45.961041133348715 ], [ 18.255380738486153, 45.961150347969436 ], [ 18.255599167727599, 45.961150347969436 ], [ 18.255599167727599, 45.961259562590165 ], [ 18.256582099314119, 45.961259562590165 ], [ 18.256582099314119, 45.961368777210886 ], [ 18.256909743176291, 45.961368777210886 ], [ 18.256909743176291, 45.961477991831607 ], [ 18.257674245521361, 45.961477991831607 ], [ 18.257674245521361, 45.961368777210886 ], [ 18.257892674762811, 45.961368777210886 ], [ 18.257892674762811, 45.961477991831607 ], [ 18.257783460142086, 45.961477991831607 ], [ 18.257783460142086, 45.961696421073057 ], [ 18.257892674762811, 45.961696421073057 ], [ 18.257892674762811, 45.961805635693786 ], [ 18.258111104004257, 45.961805635693786 ], [ 18.258111104004257, 45.961914850314507 ], [ 18.258329533245707, 45.961914850314507 ], [ 18.258329533245707, 45.962024064935235 ], [ 18.258220318624982, 45.962024064935235 ], [ 18.258220318624982, 45.962133279555957 ], [ 18.258111104004257, 45.962133279555957 ], [ 18.258111104004257, 45.962242494176678 ], [ 18.258001889383532, 45.962242494176678 ], [ 18.258001889383532, 45.962460923418128 ], [ 18.257892674762811, 45.962460923418128 ], [ 18.257892674762811, 45.962570138038856 ], [ 18.257783460142086, 45.962570138038856 ], [ 18.257783460142086, 45.962679352659578 ], [ 18.257455816279911, 45.962679352659578 ], [ 18.257455816279911, 45.962788567280299 ], [ 18.257346601659187, 45.962788567280299 ], [ 18.257346601659187, 45.962897781901027 ], [ 18.257237387038465, 45.962897781901027 ], [ 18.257237387038465, 45.963443855004648 ], [ 18.25712817241774, 45.963443855004648 ], [ 18.25712817241774, 45.96355306962537 ], [ 18.257018957797015, 45.96355306962537 ], [ 18.257018957797015, 45.963662284246098 ], [ 18.256800528555566, 45.963662284246098 ], [ 18.256800528555566, 45.963989928108269 ], [ 18.257018957797015, 45.963989928108269 ], [ 18.257018957797015, 45.96409914272899 ], [ 18.25712817241774, 45.96409914272899 ], [ 18.25712817241774, 45.96431757197044 ], [ 18.257018957797015, 45.96431757197044 ] ] ] } },
{ "type": "Feature", "properties": { "parcel_id": 72, "area_ha": 6.16, "pixels": 616 }, "geometry": { "type": "Polygon", "coordinates": [ [ [ 18.277005233389556, 45.964208357349719 ], [ 18.277005233389556, 45.96409914272899 ], [ 18.27656837490666, 45.96409914272899 ], [ 18.27656837490666, 45.963989928108269 ], [ 18.275803872561589, 45.963989928108269 ], [ 18.275803872561589, 45.963880713487548 ], [ 18.274820940975072, 45.963880713487548 ], [ 18.274820940975072, 45.963989928108269 ], [ 18.274602511733622, 45.963989928108269 ], [ 18.274602511733622, 45.96355306962537 ], [ 18.274056438630002, 45.96355306962537 ], [ 18.274056438630002, 45.963443855004648 ], [ 18.273073507043481, 45.963443855004648 ], [ 18.273073507043481, 45.96333464038392 ], [ 18.272309004698414, 45.96333464038392 ], [ 18.272309004698414, 45.962460923418128 ], [ 18.272418219319139, 45.962460923418128 ], [ 18.272418219319139, 45.962242494176678 ], [ 18.27252743393986, 45.962242494176678 ], [ 18.27252743393986, 45.962133279555957 ], [ 18.272636648560585, 45.962133279555957 ], [ 18.272636648560585, 45.962024064935235 ], [ 18.27274586318131, 45.962024064935235 ], [ 18.27274586318131, 45.961914850314507 ], [ 18.275039370216518, 45.961914850314507 ], [ 18.275039370216518, 45.962024064935235 ], [ 18.275257799457968, 45.962024064935235 ], [ 18.275257799457968, 45.962133279555957 ], [ 18.275585443320139, 45.962133279555957 ], [ 18.275585443320139, 45.962242494176678 ], [ 18.276240731044485, 45.962242494176678 ], [ 18.276240731044485, 45.962133279555957 ], [ 18.277442091872455, 45.962133279555957 ], [ 18.277442091872455, 45.962024064935235 ], [ 18.277551306493176, 45.962024064935235 ], [ 18.277551306493176, 45.961368777210886 ], [ 18.277442091872455, 45.961368777210886 ], [ 18.277442091872455, 45.960495060245094 ], [ 18.27733287725173, 45.960495060245094 ], [ 18.27733287725173, 45.960385845624366 ], [ 18.277114448010281, 45.960385845624366 ], [ 18.277114448010281, 45.960276631003644 ], [ 18.276240731044485, 45.960276631003644 ], [ 18.276240731044485, 45.960167416382916 ], [ 18.276131516423764, 45.960167416382916 ], [ 18.276131516423764, 45.960058201762195 ], [ 18.276022301803039, 45.960058201762195 ], [ 18.276022301803039, 45.959730557900023 ], [ 18.275913087182314, 45.959730557900023 ], [ 18.275913087182314, 45.959621343279295 ], [ 18.275803872561589, 45.959621343279295 ], [ 18.275803872561589, 45.959512128658574 ], [ 18.273510365526381, 45.959512128658574 ], [ 18.273510365526381, 45.959402914037852 ], [ 18.273073507043481, 45.959402914037852 ], [ 18.273073507043481, 45.959293699417124 ], [ 18.27274586318131, 45.959293699417124 ], [ 18.27274586318131, 45.959184484796403 ], [ 18.272418219319139, 45.959184484796403 ], [ 18.272418219319139, 45.959075270175674 ], [ 18.271981360836239, 45.959075270175674 ], [ 18.271981360836239, 45.958966055554953 ], [ 18.271653716974068, 45.958966055554953 ], [ 18.271653716974068, 45.958638411692782 ], [ 18.271326073111894, 45.958638411692782 ], [ 18.271326073111894, 45.958529197072053 ], [ 18.270780000008273, 45.958529197072053 ], [ 18.270780000008273, 45.958419982451332 ], [ 18.271435287732618, 45.958419982451332 ], [ 18.271435287732618, 45.958529197072053 ], [ 18.271981360836239, 45.958529197072053 ], [ 18.271981360836239, 45.958638411692782 ], [ 18.272418219319139, 45.958638411692782 ], [ 18.272418219319139, 45.958747626313503 ], [ 18.27274586318131, 45.958747626313503 ], [ 18.27274586318131, 45.958856840934232 ], [ 18.27296429242276, 45.958856840934232 ], [ 18.27296429242276, 45.958966055554953 ], [ 18.273182721664206, 45.958966055554953 ], [ 18.273182721664206, 45.959075270175674 ], [ 18.273510365526381, 45.959075270175674 ], [ 18.273510365526381, 45.959184484796403 ], [ 18.274493297112897, 45.959184484796403 ], [ 18.274493297112897, 45.959075270175674 ], [ 18.275803872561589, 45.959075270175674 ], [ 18.275803872561589, 45.959184484796403 ], [ 18.276022301803039, 45.959184484796403 ], [ 18.276022301803039, 45.959293699417124 ], [ 18.276131516423764, 45.959293699417124 ], [ 18.276131516423764, 45.959512128658574 ], [ 18.276240731044485, 45.959512128658574 ], [ 18.276240731044485, 45.959730557900023 ], [ 18.27634994566521, 45.959730557900023 ], [ 18.27634994566521, 45.959948987141473 ], [ 18.277878950355351, 45.959948987141473 ], [ 18.277878950355351, 45.960058201762195 ], [ 18.277988164976076, 45.960058201762195 ], [ 18.277988164976076, 45.960276631003644 ], [ 18.277878950355351, 45.960276631003644 ], [ 18.277878950355351, 45.962024064935235 ], [ 18.277769735734626, 45.962024064935235 ], [ 18.277769735734626, 45.962351708797407 ], [ 18.277660521113901, 45.962351708797407 ], [ 18.277660521113901, 45.962460923418128 ], [ 18.277551306493176, 45.962460923418128 ], [ 18.277551306493176, 45.962570138038856 ], [ 18.277223662631005, 45.962570138038856 ], [ 18.277223662631005, 45.962460923418128 ], [ 18.275585443320139, 45.962460923418128 ], [ 18.275585443320139, 45.962351708797407 ], [ 18.275039370216518, 45.962351708797407 ], [ 18.275039370216518, 45.962242494176678 ], [ 18.27274586318131, 45.962242494176678 ], [ 18.27274586318131, 45.962351708797407 ], [ 18.272636648560585, 45.962351708797407 ], [ 18.272636648560585, 45.962460923418128 ], [ 18.27252743393986, 45.962460923418128 ], [ 18.27252743393986, 45.962788567280299 ], [ 18.272418219319139, 45.962788567280299 ], [ 18.272418219319139, 45.962897781901027 ], [ 18.27252743393986, 45.962897781901027 ], [ 18.27252743393986, 45.963006996521749 ], [ 18.272636648560585, 45.963006996521749 ], [ 18.272636648560585, 45.963116211142477 ], [ 18.27296429242276, 45.963116211142477 ], [ 18.27296429242276, 45.963225425763198 ], [ 18.273838009388552, 45.963225425763198 ], [ 18.273838009388552, 45.96333464038392 ], [ 18.274820940975072, 45.96333464038392 ], [ 18.274820940975072, 45.963443855004648 ], [ 18.27634994566521, 45.963443855004648 ], [ 18.27634994566521, 45.96355306962537 ], [ 18.277442091872455, 45.96355306962537 ], [ 18.277442091872455, 45.963443855004648 ], [ 18.277660521113901, 45.963443855004648 ], [ 18.277660521113901, 45.96355306962537 ], [ 18.277769735734626, 45.96355306962537 ], [ 18.277769735734626, 45.963989928108269 ], [ 18.277660521113901, 45.963989928108269 ], [ 18.277660521113901, 45.96409914272899 ], [ 18.277551306493176, 45.96409914272899 ], [ 18.277551306493176, 45.964208357349719 ], [ 18.277005233389556, 45.964208357349719 ] ] ] } },
{ "type": "Feature", "properties": { "parcel_id": 73, "area_ha": 11.26, "pixels": 1126 }, "geometry": { "type": "Polygon", "coordinates": [ [ [ 18.250029222070662, 45.963989928108269 ], [ 18.250029222070662, 45.963880713487548 ], [ 18.249920007449937, 45.963880713487548 ], [ 18.249920007449937, 45.963662284246098 ], [ 18.249810792829212, 45.963662284246098 ], [ 18.249810792829212, 45.96355306962537 ], [ 18.249483148967041, 45.96355306962537 ], [ 18.249483148967041, 45.963443855004648 ], [ 18.24817257351835, 45.963443855004648 ], [ 18.24817257351835, 45.96333464038392 ], [ 18.247844929656178, 45.96333464038392 ], [ 18.247844929656178, 45.963443855004648 ], [ 18.247517285794004, 45.963443855004648 ], [ 18.247517285794004, 45.96333464038392 ], [ 18.246206710345312, 45.96333464038392 ], [ 18.246206710345312, 45.963443855004648 ], [ 18.245551422620967, 45.963443855004648 ], [ 18.245551422620967, 45.96333464038392 ], [ 18.245769851862416, 45.96333464038392 ], [ 18.245769851862416, 45.963225425763198 ], [ 18.246097495724587, 45.963225425763198 ], [ 18.246097495724587, 45.963116211142477 ], [ 18.246315924966037, 45.963116211142477 ], [ 18.246315924966037, 45.963006996521749 ], [ 18.246971212690383, 45.963006996521749 ], [ 18.246971212690383, 45.962242494176678 ], [ 18.246861998069658, 45.962242494176678 ], [ 18.246861998069658, 45.962133279555957 ], [ 18.246425139586762, 45.962133279555957 ], [ 18.246425139586762, 45.962242494176678 ], [ 18.246315924966037, 45.962242494176678 ], [ 18.246315924966037, 45.962351708797407 ], [ 18.246097495724587, 45.962351708797407 ], [ 18.246097495724587, 45.962460923418128 ], [ 18.245988281103866, 45.962460923418128 ], [ 18.245988281103866, 45.962351708797407 ], [ 18.245769851862416, 45.962351708797407 ], [ 18.245769851862416, 45.962242494176678 ], [ 18.245660637241691, 45.962242494176678 ], [ 18.245660637241691, 45.962133279555957 ], [ 18.245551422620967, 45.962133279555957 ], [ 18.245551422620967, 45.961477991831607 ], [ 18.245660637241691, 45.961477991831607 ], [ 18.245660637241691, 45.961259562590165 ], [ 18.245769851862416, 45.961259562590165 ], [ 18.245769851862416, 45.961041133348715 ], [ 18.245879066483141, 45.961041133348715 ], [ 18.245879066483141, 45.960822704107265 ], [ 18.246315924966037, 45.960822704107265 ], [ 18.246315924966037, 45.960713489486544 ], [ 18.246643568828212, 45.960713489486544 ], [ 18.246643568828212, 45.960604274865815 ], [ 18.246752783448933, 45.960604274865815 ], [ 18.246752783448933, 45.960495060245094 ], [ 18.246861998069658, 45.960495060245094 ], [ 18.246861998069658, 45.960385845624366 ], [ 18.246971212690383, 45.960385845624366 ], [ 18.246971212690383, 45.960276631003644 ], [ 18.247080427311108, 45.960276631003644 ], [ 18.247080427311108, 45.960167416382916 ], [ 18.247189641931833, 45.960167416382916 ], [ 18.247189641931833, 45.960058201762195 ], [ 18.247298856552554, 45.960058201762195 ], [ 18.247298856552554, 45.959839772520745 ], [ 18.247408071173279, 45.959839772520745 ], [ 18.247408071173279, 45.959730557900023 ], [ 18.247517285794004, 45.959730557900023 ], [ 18.247517285794004, 45.959621343279295 ], [ 18.247626500414729, 45.959621343279295 ], [ 18.247626500414729, 45.959512128658574 ], [ 18.248609432001246, 45.959512128658574 ], [ 18.248609432001246, 45.959621343279295 ], [ 18.249483148967041, 45.959621343279295 ], [ 18.249483148967041, 45.959730557900023 ], [ 18.249701578208491, 45.959730557900023 ], [ 18.249701578208491, 45.959839772520745 ], [ 18.249810792829212, 45.959839772520745 ], [ 18.249810792829212, 45.960385845624366 ], [ 18.249920007449937, 45.960385845624366 ], [ 18.249920007449937, 45.960604274865815 ], [ 18.250029222070662, 45.960604274865815 ], [ 18.250029222070662, 45.961041133348715 ], [ 18.249920007449937, 45.961041133348715 ], [ 18.249920007449937, 45.961477991831607 ], [ 18.249810792829212, 45.961477991831607 ], [ 18.249810792829212, 45.961805635693786 ], [ 18.249701578208491, 45.961805635693786 ], [ 18.249701578208491, 45.962570138038856 ], [ 18.249810792829212, 45.962570138038856 ], [ 18.249810792829212, 45.962788567280299 ], [ 18.249920007449937, 45.962788567280299 ], [ 18.249920007449937, 45.963116211142477 ], [ 18.250029222070662, 45.963116211142477 ], [ 18.250029222070662, 45.96333464038392 ], [ 18.250138436691387, 45.96333464038392 ], [ 18.250138436691387, 45.963443855004648 ], [ 18.250247651312112, 45.963443855004648 ], [ 18.250247651312112, 45.963989928108269 ], [ 18.250029222070662, 45.963989928108269 ] ] ] } },
{ "type": "Feature", "properties": { "parcel_id": 74, "area_ha": 4.71, "pixels": 471 }, "geometry": { "type": "Polygon", "coordinates": [ [ [ 18.277769735734626, 45.963989928108269 ], [ 18.277769735734626, 45.96355306962537 ], [ 18.277660521113901, 45.96355306962537 ], [ 18.277660521113901, 45.963443855004648 ], [ 18.277442091872455, 45.963443855004648 ], [ 18.277442091872455, 45.96355306962537 ], [ 18.27634994566521, 45.96355306962537 ], [ 18.27634994566521, 45.963443855004648 ], [ 18.274820940975072, 45.963443855004648 ], [ 18.274820940975072, 45.96333464038392 ], [ 18.273838009388552, 45.96333464038392 ], [ 18.273838009388552, 45.963225425763198 ], [ 18.27296429242276, 45.963225425763198 ], [ 18.27296429242276, 45.963116211142477 ], [ 18.272636648560585, 45.963116211142477 ], [ 18.272636648560585, 45.963006996521749 ], [ 18.27252743393986, 45.963006996521749 ], [ 18.27252743393986, 45.962897781901027 ], [ 18.272418219319139, 45.962897781901027 ], [ 18.272418219319139, 45.962788567280299 ], [ 18.27252743393986, 45.962788567280299 ], [ 18.27252743393986, 45.962460923418128 ], [ 18.272636648560585, 45.962460923418128 ], [ 18.272636648560585, 45.962351708797407 ], [ 18.27274586318131, 45.962351708797407 ], [ 18.27274586318131, 45.962242494176678 ], [ 18.275039370216518, 45.962242494176678 ], [ 18.275039370216518, 45.962351708797407 ], [ 18.275585443320139, 45.962351708797407 ], [ 18.275585443320139, 45.962460923418128 ], [ 18.277223662631005, 45.962460923418128 ], [ 18.277223662631005, 45.962570138038856 ], [ 18.277551306493176, 45.962570138038856 ], [ 18.277551306493176, 45.962460923418128 ], [ 18.277660521113901, 45.962460923418128 ], [ 18.277660521113901, 45.962351708797407 ], [ 18.277769735734626, 45.962351708797407 ], [ 18.277769735734626, 45.962024064935235 ], [ 18.277878950355351, 45.962024064935235 ], [ 18.277878950355351, 45.961696421073057 ], [ 18.277988164976076, 45.961696421073057 ], [ 18.277988164976076, 45.962133279555957 ], [ 18.277878950355351, 45.962133279555957 ], [ 18.277878950355351, 45.962570138038856 ], [ 18.277769735734626, 45.962570138038856 ], [ 18.277769735734626, 45.963116211142477 ], [ 18.277878950355351, 45.963116211142477 ], [ 18.277878950355351, 45.963662284246098 ], [ 18.277988164976076, 45.963662284246098 ], [ 18.277988164976076, 45.963880713487548 ], [ 18.277878950355351, 45.963880713487548 ], [ 18.277878950355351, 45.963989928108269 ], [ 18.277769735734626, 45.963989928108269 ] ] ] } },
{ "type": "Feature", "properties": { "parcel_id": 75, "area_ha": 26.18, "pixels": 2618 }, "geometry": { "type": "Polygon", "coordinates": [ [ [ 18.286834549254742, 45.963880713487548 ], [ 18.286834549254742, 45.963225425763198 ], [ 18.286288476151118, 45.963225425763198 ], [ 18.286288476151118, 45.963116211142477 ], [ 18.28552397380605, 45.963116211142477 ], [ 18.28552397380605, 45.963006996521749 ], [ 18.285305544564601, 45.963006996521749 ], [ 18.285305544564601, 45.962897781901027 ], [ 18.28454104221953, 45.962897781901027 ], [ 18.28454104221953, 45.962788567280299 ], [ 18.284213398357359, 45.962788567280299 ], [ 18.284213398357359, 45.962570138038856 ], [ 18.284104183736634, 45.962570138038856 ], [ 18.284104183736634, 45.962351708797407 ], [ 18.284213398357359, 45.962351708797407 ], [ 18.284213398357359, 45.962242494176678 ], [ 18.285414759185326, 45.962242494176678 ], [ 18.285414759185326, 45.962133279555957 ], [ 18.284650256840255, 45.962133279555957 ], [ 18.284650256840255, 45.962024064935235 ], [ 18.284431827598805, 45.962024064935235 ], [ 18.284431827598805, 45.961805635693786 ], [ 18.284322612978084, 45.961805635693786 ], [ 18.284322612978084, 45.960495060245094 ], [ 18.284213398357359, 45.960495060245094 ], [ 18.284213398357359, 45.960713489486544 ], [ 18.284104183736634, 45.960713489486544 ], [ 18.284104183736634, 45.960822704107265 ], [ 18.283994969115909, 45.960822704107265 ], [ 18.283994969115909, 45.960713489486544 ], [ 18.283885754495184, 45.960713489486544 ], [ 18.283885754495184, 45.960495060245094 ], [ 18.283776539874459, 45.960495060245094 ], [ 18.283776539874459, 45.959621343279295 ], [ 18.283667325253738, 45.959621343279295 ], [ 18.283667325253738, 45.959512128658574 ], [ 18.283339681391563, 45.959512128658574 ], [ 18.283339681391563, 45.959402914037852 ], [ 18.281373818218526, 45.959402914037852 ], [ 18.281373818218526, 45.959293699417124 ], [ 18.280390886632009, 45.959293699417124 ], [ 18.280390886632009, 45.959402914037852 ], [ 18.280281672011284, 45.959402914037852 ], [ 18.280281672011284, 45.958966055554953 ], [ 18.280500101252734, 45.958966055554953 ], [ 18.280500101252734, 45.958856840934232 ], [ 18.280609315873459, 45.958856840934232 ], [ 18.280609315873459, 45.958747626313503 ], [ 18.28071853049418, 45.958747626313503 ], [ 18.28071853049418, 45.958419982451332 ], [ 18.280609315873459, 45.958419982451332 ], [ 18.280609315873459, 45.958310767830604 ], [ 18.280500101252734, 45.958310767830604 ], [ 18.280500101252734, 45.958092338589161 ], [ 18.280827745114905, 45.958092338589161 ], [ 18.280827745114905, 45.95732783624409 ], [ 18.281046174356355, 45.95732783624409 ], [ 18.281046174356355, 45.957218621623362 ], [ 18.281264603597801, 45.957218621623362 ], [ 18.281264603597801, 45.95710940700264 ], [ 18.281919891322147, 45.95710940700264 ], [ 18.281919891322147, 45.957000192381919 ], [ 18.282356749805047, 45.957000192381919 ], [ 18.282356749805047, 45.956890977761191 ], [ 18.282684393667218, 45.956890977761191 ], [ 18.282684393667218, 45.956781763140469 ], [ 18.283230466770839, 45.956781763140469 ], [ 18.283230466770839, 45.956672548519741 ], [ 18.286616120013292, 45.956672548519741 ], [ 18.286616120013292, 45.95656333389902 ], [ 18.286834549254742, 45.95656333389902 ], [ 18.286834549254742, 45.956454119278291 ], [ 18.286943763875463, 45.956454119278291 ], [ 18.286943763875463, 45.955252758450328 ], [ 18.287052978496188, 45.955252758450328 ], [ 18.287052978496188, 45.954815899967429 ], [ 18.286943763875463, 45.954815899967429 ], [ 18.286943763875463, 45.953614539139465 ], [ 18.286834549254742, 45.953614539139465 ], [ 18.286834549254742, 45.952959251415116 ], [ 18.286616120013292, 45.952959251415116 ], [ 18.286616120013292, 45.952850036794395 ], [ 18.286506905392567, 45.952850036794395 ], [ 18.286506905392567, 45.951867105207874 ], [ 18.286616120013292, 45.951867105207874 ], [ 18.286616120013292, 45.951321032104254 ], [ 18.286725334634017, 45.951321032104254 ], [ 18.286725334634017, 45.951211817483532 ], [ 18.286834549254742, 45.951211817483532 ], [ 18.286834549254742, 45.951102602862804 ], [ 18.286943763875463, 45.951102602862804 ], [ 18.286943763875463, 45.950993388242082 ], [ 18.287052978496188, 45.950993388242082 ], [ 18.287052978496188, 45.950556529759183 ], [ 18.287162193116913, 45.950556529759183 ], [ 18.287162193116913, 45.950774959000633 ], [ 18.287271407737638, 45.950774959000633 ], [ 18.287271407737638, 45.952959251415116 ], [ 18.287380622358363, 45.952959251415116 ], [ 18.287380622358363, 45.956672548519741 ], [ 18.287271407737638, 45.956672548519741 ], [ 18.287271407737638, 45.958092338589161 ], [ 18.287380622358363, 45.958092338589161 ], [ 18.287380622358363, 45.958747626313503 ], [ 18.287271407737638, 45.958747626313503 ], [ 18.287271407737638, 45.959730557900023 ], [ 18.287380622358363, 45.959730557900023 ], [ 18.287380622358363, 45.960931918727987 ], [ 18.287271407737638, 45.960931918727987 ], [ 18.287271407737638, 45.960385845624366 ], [ 18.287162193116913, 45.960385845624366 ], [ 18.287162193116913, 45.960822704107265 ], [ 18.287052978496188, 45.960822704107265 ], [ 18.287052978496188, 45.961150347969436 ], [ 18.286943763875463, 45.961150347969436 ], [ 18.286943763875463, 45.961805635693786 ], [ 18.287052978496188, 45.961805635693786 ], [ 18.287052978496188, 45.963006996521749 ], [ 18.286943763875463, 45.963006996521749 ], [ 18.286943763875463, 45.963880713487548 ], [ 18.286834549254742, 45.963880713487548 ] ] ] } },
{ "type": "Feature", "properties": { "parcel_id": 76, "area_ha": 11.31, "pixels": 1131 }, "geometry": { "type": "Polygon", "coordinates": [ [ [ 18.259312464832224, 45.96355306962537 ], [ 18.259312464832224, 45.963443855004648 ], [ 18.259203250211502, 45.963443855004648 ], [ 18.259203250211502, 45.963116211142477 ], [ 18.258984820970053, 45.963116211142477 ], [ 18.258984820970053, 45.963006996521749 ], [ 18.258329533245707, 45.963006996521749 ], [ 18.258329533245707, 45.963116211142477 ], [ 18.258111104004257, 45.963116211142477 ], [ 18.258111104004257, 45.963225425763198 ], [ 18.258001889383532, 45.963225425763198 ], [ 18.258001889383532, 45.96333464038392 ], [ 18.257892674762811, 45.96333464038392 ], [ 18.257892674762811, 45.963225425763198 ], [ 18.257783460142086, 45.963225425763198 ], [ 18.257783460142086, 45.963116211142477 ], [ 18.257346601659187, 45.963116211142477 ], [ 18.257346601659187, 45.96333464038392 ], [ 18.257237387038465, 45.96333464038392 ], [ 18.257237387038465, 45.962897781901027 ], [ 18.257346601659187, 45.962897781901027 ], [ 18.257346601659187, 45.962788567280299 ], [ 18.257455816279911, 45.962788567280299 ], [ 18.257455816279911, 45.962679352659578 ], [ 18.257783460142086, 45.962679352659578 ], [ 18.257783460142086, 45.962570138038856 ], [ 18.257892674762811, 45.962570138038856 ], [ 18.257892674762811, 45.962460923418128 ], [ 18.258001889383532, 45.962460923418128 ], [ 18.258001889383532, 45.962242494176678 ], [ 18.258111104004257, 45.962242494176678 ], [ 18.258111104004257, 45.962133279555957 ], [ 18.258220318624982, 45.962133279555957 ], [ 18.258220318624982, 45.962024064935235 ], [ 18.258329533245707, 45.962024064935235 ], [ 18.258329533245707, 45.961914850314507 ], [ 18.258111104004257, 45.961914850314507 ], [ 18.258111104004257, 45.961805635693786 ], [ 18.257892674762811, 45.961805635693786 ], [ 18.257892674762811, 45.961696421073057 ], [ 18.257783460142086, 45.961696421073057 ], [ 18.257783460142086, 45.961477991831607 ], [ 18.257892674762811, 45.961477991831607 ], [ 18.257892674762811, 45.961368777210886 ], [ 18.257674245521361, 45.961368777210886 ], [ 18.257674245521361, 45.961477991831607 ], [ 18.256909743176291, 45.961477991831607 ], [ 18.256909743176291, 45.961368777210886 ], [ 18.257018957797015, 45.961368777210886 ], [ 18.257018957797015, 45.961259562590165 ], [ 18.257346601659187, 45.961259562590165 ], [ 18.257346601659187, 45.961150347969436 ], [ 18.257455816279911, 45.961150347969436 ], [ 18.257455816279911, 45.961041133348715 ], [ 18.257565030900636, 45.961041133348715 ], [ 18.257565030900636, 45.960822704107265 ], [ 18.257674245521361, 45.960822704107265 ], [ 18.257674245521361, 45.960385845624366 ], [ 18.257783460142086, 45.960385845624366 ], [ 18.257783460142086, 45.959402914037852 ], [ 18.257674245521361, 45.959402914037852 ], [ 18.257674245521361, 45.959184484796403 ], [ 18.257892674762811, 45.959184484796403 ], [ 18.257892674762811, 45.959293699417124 ], [ 18.258001889383532, 45.959293699417124 ], [ 18.258001889383532, 45.959184484796403 ], [ 18.258438747866432, 45.959184484796403 ], [ 18.258438747866432, 45.959075270175674 ], [ 18.259640108694398, 45.959075270175674 ], [ 18.259640108694398, 45.959184484796403 ], [ 18.26073225490164, 45.959184484796403 ], [ 18.26073225490164, 45.959293699417124 ], [ 18.260841469522365, 45.959293699417124 ], [ 18.260841469522365, 45.959402914037852 ], [ 18.26095068414309, 45.959402914037852 ], [ 18.26095068414309, 45.960495060245094 ], [ 18.260841469522365, 45.960495060245094 ], [ 18.260841469522365, 45.961368777210886 ], [ 18.26095068414309, 45.961368777210886 ], [ 18.26095068414309, 45.961587206452336 ], [ 18.261169113384536, 45.961587206452336 ], [ 18.261169113384536, 45.961696421073057 ], [ 18.261496757246711, 45.961696421073057 ], [ 18.261496757246711, 45.961914850314507 ], [ 18.261169113384536, 45.961914850314507 ], [ 18.261169113384536, 45.962024064935235 ], [ 18.261059898763815, 45.962024064935235 ], [ 18.261059898763815, 45.962788567280299 ], [ 18.26095068414309, 45.962788567280299 ], [ 18.26095068414309, 45.963006996521749 ], [ 18.26073225490164, 45.963006996521749 ], [ 18.26073225490164, 45.963116211142477 ], [ 18.260623040280915, 45.963116211142477 ], [ 18.260623040280915, 45.963225425763198 ], [ 18.26051382566019, 45.963225425763198 ], [ 18.26051382566019, 45.96333464038392 ], [ 18.260404611039469, 45.96333464038392 ], [ 18.260404611039469, 45.963443855004648 ], [ 18.260076967177294, 45.963443855004648 ], [ 18.260076967177294, 45.96355306962537 ], [ 18.259312464832224, 45.96355306962537 ] ] ] } },
{ "type": "Feature", "properties": { "parcel_id": 77, "area_ha": 9.98, "pixels": 998 }, "geometry": { "type": "Polygon", "coordinates": [ [ [ 18.238998545377513, 45.963443855004648 ], [ 18.238998545377513, 45.962570138038856 ], [ 18.239107759998234, 45.962570138038856 ], [ 18.239107759998234, 45.962024064935235 ], [ 18.239216974618959, 45.962024064935235 ], [ 18.239216974618959, 45.961696421073057 ], [ 18.239326189239684, 45.961696421073057 ], [ 18.239326189239684, 45.961368777210886 ], [ 18.239435403860409, 45.961368777210886 ], [ 18.239435403860409, 45.961150347969436 ], [ 18.239544618481133, 45.961150347969436 ], [ 18.239544618481133, 45.961041133348715 ], [ 18.239653833101858, 45.961041133348715 ], [ 18.239653833101858, 45.960822704107265 ], [ 18.23976304772258, 45.960822704107265 ], [ 18.23976304772258, 45.960604274865815 ], [ 18.239872262343304, 45.960604274865815 ], [ 18.239872262343304, 45.960495060245094 ], [ 18.239981476964029, 45.960495060245094 ], [ 18.239981476964029, 45.960276631003644 ], [ 18.240090691584754, 45.960276631003644 ], [ 18.240090691584754, 45.960058201762195 ], [ 18.240199906205479, 45.960058201762195 ], [ 18.240199906205479, 45.959948987141473 ], [ 18.240309120826204, 45.959948987141473 ], [ 18.240309120826204, 45.959839772520745 ], [ 18.240636764688375, 45.959839772520745 ], [ 18.240636764688375, 45.959730557900023 ], [ 18.242493413240688, 45.959730557900023 ], [ 18.242493413240688, 45.959839772520745 ], [ 18.242602627861412, 45.959839772520745 ], [ 18.242602627861412, 45.959948987141473 ], [ 18.242711842482137, 45.959948987141473 ], [ 18.242711842482137, 45.960058201762195 ], [ 18.242821057102862, 45.960058201762195 ], [ 18.242821057102862, 45.960276631003644 ], [ 18.242930271723584, 45.960276631003644 ], [ 18.242930271723584, 45.960495060245094 ], [ 18.243039486344308, 45.960495060245094 ], [ 18.243039486344308, 45.960604274865815 ], [ 18.243148700965033, 45.960604274865815 ], [ 18.243148700965033, 45.960822704107265 ], [ 18.243367130206483, 45.960822704107265 ], [ 18.243367130206483, 45.960931918727987 ], [ 18.243803988689379, 45.960931918727987 ], [ 18.243803988689379, 45.960822704107265 ], [ 18.243913203310104, 45.960822704107265 ], [ 18.243913203310104, 45.960713489486544 ], [ 18.244022417930829, 45.960713489486544 ], [ 18.244022417930829, 45.960604274865815 ], [ 18.244131632551554, 45.960604274865815 ], [ 18.244131632551554, 45.960495060245094 ], [ 18.244350061793, 45.960495060245094 ], [ 18.244350061793, 45.960276631003644 ], [ 18.244459276413725, 45.960276631003644 ], [ 18.244459276413725, 45.959839772520745 ], [ 18.244786920275896, 45.959839772520745 ], [ 18.244786920275896, 45.959730557900023 ], [ 18.245879066483141, 45.959730557900023 ], [ 18.245879066483141, 45.959948987141473 ], [ 18.245988281103866, 45.959948987141473 ], [ 18.245988281103866, 45.960495060245094 ], [ 18.245879066483141, 45.960495060245094 ], [ 18.245879066483141, 45.960385845624366 ], [ 18.245769851862416, 45.960385845624366 ], [ 18.245769851862416, 45.960167416382916 ], [ 18.245660637241691, 45.960167416382916 ], [ 18.245660637241691, 45.960058201762195 ], [ 18.244677705655175, 45.960058201762195 ], [ 18.244677705655175, 45.960276631003644 ], [ 18.24456849103445, 45.960276631003644 ], [ 18.24456849103445, 45.960495060245094 ], [ 18.244459276413725, 45.960495060245094 ], [ 18.244459276413725, 45.960604274865815 ], [ 18.244350061793, 45.960604274865815 ], [ 18.244350061793, 45.960713489486544 ], [ 18.244240847172275, 45.960713489486544 ], [ 18.244240847172275, 45.960822704107265 ], [ 18.244131632551554, 45.960822704107265 ], [ 18.244131632551554, 45.961041133348715 ], [ 18.244022417930829, 45.961041133348715 ], [ 18.244022417930829, 45.961150347969436 ], [ 18.243803988689379, 45.961150347969436 ], [ 18.243803988689379, 45.961259562590165 ], [ 18.243476344827208, 45.961259562590165 ], [ 18.243476344827208, 45.961150347969436 ], [ 18.243148700965033, 45.961150347969436 ], [ 18.243148700965033, 45.961041133348715 ], [ 18.242602627861412, 45.961041133348715 ], [ 18.242602627861412, 45.961150347969436 ], [ 18.242493413240688, 45.961150347969436 ], [ 18.242493413240688, 45.961259562590165 ], [ 18.242384198619963, 45.961259562590165 ], [ 18.242384198619963, 45.962570138038856 ], [ 18.242493413240688, 45.962570138038856 ], [ 18.242493413240688, 45.963006996521749 ], [ 18.242384198619963, 45.963006996521749 ], [ 18.242384198619963, 45.963116211142477 ], [ 18.242274983999238, 45.963116211142477 ], [ 18.242274983999238, 45.963225425763198 ], [ 18.242165769378516, 45.963225425763198 ], [ 18.242165769378516, 45.96333464038392 ], [ 18.241838125516342, 45.96333464038392 ], [ 18.241838125516342, 45.963443855004648 ], [ 18.241510481654171, 45.963443855004648 ], [ 18.241510481654171, 45.96333464038392 ], [ 18.240855193929825, 45.96333464038392 ], [ 18.240855193929825, 45.963225425763198 ], [ 18.2407459793091, 45.963225425763198 ], [ 18.2407459793091, 45.963116211142477 ], [ 18.24052755006765, 45.963116211142477 ], [ 18.24052755006765, 45.963006996521749 ], [ 18.240309120826204, 45.963006996521749 ], [ 18.240309120826204, 45.962897781901027 ], [ 18.239981476964029, 45.962897781901027 ], [ 18.239981476964029, 45.963006996521749 ], [ 18.23976304772258, 45.963006996521749 ], [ 18.23976304772258, 45.963116211142477 ], [ 18.239544618481133, 45.963116211142477 ], [ 18.239544618481133, 45.963225425763198 ], [ 18.239326189239684, 45.963225425763198 ], [ 18.239326189239684, 45.96333464038392 ], [ 18.239107759998234, 45.96333464038392 ], [ 18.239107759998234, 45.963443855004648 ], [ 18.238998545377513, 45.963443855004648 ] ] ] } },
{ "type": "Feature", "properties": { "parcel_id": 78, "area_ha": 8.34, "pixels": 834 }, "geometry": { "type": "Polygon", "coordinates": [ [ [ 18.243257915585758, 45.963443855004648 ], [ 18.243257915585758, 45.96333464038392 ], [ 18.242930271723584, 45.96333464038392 ], [ 18.242930271723584, 45.963225425763198 ], [ 18.242493413240688, 45.963225425763198 ], [ 18.242493413240688, 45.96333464038392 ], [ 18.242165769378516, 45.96333464038392 ], [ 18.242165769378516, 45.963225425763198 ], [ 18.242274983999238, 45.963225425763198 ], [ 18.242274983999238, 45.963116211142477 ], [ 18.242384198619963, 45.963116211142477 ], [ 18.242384198619963, 45.963006996521749 ], [ 18.242493413240688, 45.963006996521749 ], [ 18.242493413240688, 45.962570138038856 ], [ 18.242384198619963, 45.962570138038856 ], [ 18.242384198619963, 45.961259562590165 ], [ 18.242493413240688, 45.961259562590165 ], [ 18.242493413240688, 45.961150347969436 ], [ 18.242602627861412, 45.961150347969436 ], [ 18.242602627861412, 45.961041133348715 ], [ 18.243148700965033, 45.961041133348715 ], [ 18.243148700965033, 45.961150347969436 ], [ 18.243476344827208, 45.961150347969436 ], [ 18.243476344827208, 45.961259562590165 ], [ 18.243803988689379, 45.961259562590165 ], [ 18.243803988689379, 45.961150347969436 ], [ 18.244022417930829, 45.961150347969436 ], [ 18.244022417930829, 45.961041133348715 ], [ 18.244131632551554, 45.961041133348715 ], [ 18.244131632551554, 45.960822704107265 ], [ 18.244240847172275, 45.960822704107265 ], [ 18.244240847172275, 45.960713489486544 ], [ 18.244350061793, 45.960713489486544 ], [ 18.244350061793, 45.960604274865815 ], [ 18.244459276413725, 45.960604274865815 ], [ 18.244459276413725, 45.960495060245094 ], [ 18.24456849103445, 45.960495060245094 ], [ 18.24456849103445, 45.960276631003644 ], [ 18.244677705655175, 45.960276631003644 ], [ 18.244677705655175, 45.960058201762195 ], [ 18.245660637241691, 45.960058201762195 ], [ 18.245660637241691, 45.960167416382916 ], [ 18.245769851862416, 45.960167416382916 ], [ 18.245769851862416, 45.960385845624366 ], [ 18.245879066483141, 45.960385845624366 ], [ 18.245879066483141, 45.960495060245094 ], [ 18.245988281103866, 45.960495060245094 ], [ 18.245988281103866, 45.960604274865815 ], [ 18.246097495724587, 45.960604274865815 ], [ 18.246097495724587, 45.960713489486544 ], [ 18.246315924966037, 45.960713489486544 ], [ 18.246315924966037, 45.960822704107265 ], [ 18.245879066483141, 45.960822704107265 ], [ 18.245879066483141, 45.961041133348715 ], [ 18.245769851862416, 45.961041133348715 ], [ 18.245769851862416, 45.961259562590165 ], [ 18.245660637241691, 45.961259562590165 ], [ 18.245660637241691, 45.961477991831607 ], [ 18.245551422620967, 45.961477991831607 ], [ 18.245551422620967, 45.962133279555957 ], [ 18.245660637241691, 45.962133279555957 ], [ 18.245660637241691, 45.962242494176678 ], [ 18.245769851862416, 45.962242494176678 ], [ 18.245769851862416, 45.962351708797407 ], [ 18.245988281103866, 45.962351708797407 ], [ 18.245988281103866, 45.962460923418128 ], [ 18.246097495724587, 45.962460923418128 ], [ 18.246097495724587, 45.962351708797407 ], [ 18.246315924966037, 45.962351708797407 ], [ 18.246315924966037, 45.962242494176678 ], [ 18.246425139586762, 45.962242494176678 ], [ 18.246425139586762, 45.962133279555957 ], [ 18.246861998069658, 45.962133279555957 ], [ 18.246861998069658, 45.962242494176678 ], [ 18.246971212690383, 45.962242494176678 ], [ 18.246971212690383, 45.963006996521749 ], [ 18.246315924966037, 45.963006996521749 ], [ 18.246315924966037, 45.963116211142477 ], [ 18.246097495724587, 45.963116211142477 ], [ 18.246097495724587, 45.963225425763198 ], [ 18.245769851862416, 45.963225425763198 ], [ 18.245769851862416, 45.96333464038392 ], [ 18.244459276413725, 45.96333464038392 ], [ 18.244459276413725, 45.963443855004648 ], [ 18.243257915585758, 45.963443855004648 ] ] ] } },
{ "type": "Feature", "properties": { "parcel_id": 79, "area_ha": 9.0, "pixels": 900 }, "geometry": { "type": "Polygon", "coordinates": [ [ [ 18.272199790077689, 45.962679352659578 ], [ 18.272199790077689, 45.962351708797407 ], [ 18.272309004698414, 45.962351708797407 ], [ 18.272309004698414, 45.962133279555957 ], [ 18.272418219319139, 45.962133279555957 ], [ 18.272418219319139, 45.961914850314507 ], [ 18.27252743393986, 45.961914850314507 ], [ 18.27252743393986, 45.961805635693786 ], [ 18.272636648560585, 45.961805635693786 ], [ 18.272636648560585, 45.961696421073057 ], [ 18.27274586318131, 45.961696421073057 ], [ 18.27274586318131, 45.961587206452336 ], [ 18.272855077802035, 45.961587206452336 ], [ 18.272855077802035, 45.961259562590165 ], [ 18.27296429242276, 45.961259562590165 ], [ 18.27296429242276, 45.961041133348715 ], [ 18.273073507043481, 45.961041133348715 ], [ 18.273073507043481, 45.960713489486544 ], [ 18.273182721664206, 45.960713489486544 ], [ 18.273182721664206, 45.960276631003644 ], [ 18.273291936284931, 45.960276631003644 ], [ 18.273291936284931, 45.960058201762195 ], [ 18.273401150905656, 45.960058201762195 ], [ 18.273401150905656, 45.959948987141473 ], [ 18.273510365526381, 45.959948987141473 ], [ 18.273510365526381, 45.959730557900023 ], [ 18.273291936284931, 45.959730557900023 ], [ 18.273291936284931, 45.959621343279295 ], [ 18.27296429242276, 45.959621343279295 ], [ 18.27296429242276, 45.959512128658574 ], [ 18.27274586318131, 45.959512128658574 ], [ 18.27274586318131, 45.959402914037852 ], [ 18.272418219319139, 45.959402914037852 ], [ 18.272418219319139, 45.959293699417124 ], [ 18.272090575456964, 45.959293699417124 ], [ 18.272090575456964, 45.959184484796403 ], [ 18.271762931594793, 45.959184484796403 ], [ 18.271762931594793, 45.959075270175674 ], [ 18.271435287732618, 45.959075270175674 ], [ 18.271435287732618, 45.958966055554953 ], [ 18.271107643870447, 45.958966055554953 ], [ 18.271107643870447, 45.958856840934232 ], [ 18.270670785387548, 45.958856840934232 ], [ 18.270670785387548, 45.958638411692782 ], [ 18.271216858491169, 45.958638411692782 ], [ 18.271216858491169, 45.958747626313503 ], [ 18.271653716974068, 45.958747626313503 ], [ 18.271653716974068, 45.958966055554953 ], [ 18.271981360836239, 45.958966055554953 ], [ 18.271981360836239, 45.959075270175674 ], [ 18.272418219319139, 45.959075270175674 ], [ 18.272418219319139, 45.959184484796403 ], [ 18.27274586318131, 45.959184484796403 ], [ 18.27274586318131, 45.959293699417124 ], [ 18.273073507043481, 45.959293699417124 ], [ 18.273073507043481, 45.959402914037852 ], [ 18.273510365526381, 45.959402914037852 ], [ 18.273510365526381, 45.959512128658574 ], [ 18.275803872561589, 45.959512128658574 ], [ 18.275803872561589, 45.959621343279295 ], [ 18.275913087182314, 45.959621343279295 ], [ 18.275913087182314, 45.959730557900023 ], [ 18.276022301803039, 45.959730557900023 ], [ 18.276022301803039, 45.960058201762195 ], [ 18.276131516423764, 45.960058201762195 ], [ 18.276131516423764, 45.960167416382916 ], [ 18.276240731044485, 45.960167416382916 ], [ 18.276240731044485, 45.960276631003644 ], [ 18.277114448010281, 45.960276631003644 ], [ 18.277114448010281, 45.960385845624366 ], [ 18.27733287725173, 45.960385845624366 ], [ 18.27733287725173, 45.960495060245094 ], [ 18.277442091872455, 45.960495060245094 ], [ 18.277442091872455, 45.961368777210886 ], [ 18.277551306493176, 45.961368777210886 ], [ 18.277551306493176, 45.962024064935235 ], [ 18.277442091872455, 45.962024064935235 ], [ 18.277442091872455, 45.962133279555957 ], [ 18.276240731044485, 45.962133279555957 ], [ 18.276240731044485, 45.962242494176678 ], [ 18.275585443320139, 45.962242494176678 ], [ 18.275585443320139, 45.962133279555957 ], [ 18.275257799457968, 45.962133279555957 ], [ 18.275257799457968, 45.962024064935235 ], [ 18.275039370216518, 45.962024064935235 ], [ 18.275039370216518, 45.961914850314507 ], [ 18.27274586318131, 45.961914850314507 ], [ 18.27274586318131, 45.962024064935235 ], [ 18.272636648560585, 45.962024064935235 ], [ 18.272636648560585, 45.962133279555957 ], [ 18.27252743393986, 45.962133279555957 ], [ 18.27252743393986, 45.962242494176678 ], [ 18.272418219319139, 45.962242494176678 ], [ 18.272418219319139, 45.962460923418128 ], [ 18.272309004698414, 45.962460923418128 ], [ 18.272309004698414, 45.962679352659578 ], [ 18.272199790077689, 45.962679352659578 ] ] ] } },
{ "type": "Feature", "properties": { "parcel_id": 80, "area_ha": 12.25, "pixels": 1225 }, "geometry": { "type": "Polygon", "coordinates": [ [ [ 18.280609315873459, 45.962679352659578 ], [ 18.280609315873459, 45.962570138038856 ], [ 18.280500101252734, 45.962570138038856 ], [ 18.280500101252734, 45.962460923418128 ], [ 18.280390886632009, 45.962460923418128 ], [ 18.280390886632009, 45.962242494176678 ], [ 18.280281672011284, 45.962242494176678 ], [ 18.280281672011284, 45.962024064935235 ], [ 18.28017245739056, 45.962024064935235 ], [ 18.28017245739056, 45.961805635693786 ], [ 18.280063242769835, 45.961805635693786 ], [ 18.280063242769835, 45.961587206452336 ], [ 18.279954028149113, 45.961587206452336 ], [ 18.279954028149113, 45.961477991831607 ], [ 18.279844813528388, 45.961477991831607 ], [ 18.279844813528388, 45.961368777210886 ], [ 18.279626384286939, 45.961368777210886 ], [ 18.279626384286939, 45.961259562590165 ], [ 18.278861881941868, 45.961259562590165 ], [ 18.278861881941868, 45.961368777210886 ], [ 18.278206594217522, 45.961368777210886 ], [ 18.278206594217522, 45.961259562590165 ], [ 18.278097379596797, 45.961259562590165 ], [ 18.278097379596797, 45.960713489486544 ], [ 18.277988164976076, 45.960713489486544 ], [ 18.277988164976076, 45.960058201762195 ], [ 18.277878950355351, 45.960058201762195 ], [ 18.277878950355351, 45.959948987141473 ], [ 18.277442091872455, 45.959948987141473 ], [ 18.277442091872455, 45.959839772520745 ], [ 18.27656837490666, 45.959839772520745 ], [ 18.27656837490666, 45.959730557900023 ], [ 18.276459160285935, 45.959730557900023 ], [ 18.276459160285935, 45.959184484796403 ], [ 18.27656837490666, 45.959184484796403 ], [ 18.27656837490666, 45.959075270175674 ], [ 18.276677589527385, 45.959075270175674 ], [ 18.276677589527385, 45.958747626313503 ], [ 18.276786804148109, 45.958747626313503 ], [ 18.276786804148109, 45.958419982451332 ], [ 18.276677589527385, 45.958419982451332 ], [ 18.276677589527385, 45.956781763140469 ], [ 18.276786804148109, 45.956781763140469 ], [ 18.276786804148109, 45.956235690036848 ], [ 18.276896018768831, 45.956235690036848 ], [ 18.276896018768831, 45.956017260795399 ], [ 18.277114448010281, 45.956017260795399 ], [ 18.277114448010281, 45.95590804617467 ], [ 18.27733287725173, 45.95590804617467 ], [ 18.27733287725173, 45.955689616933228 ], [ 18.277442091872455, 45.955689616933228 ], [ 18.277442091872455, 45.955580402312499 ], [ 18.277551306493176, 45.955580402312499 ], [ 18.277551306493176, 45.954925114588157 ], [ 18.277878950355351, 45.954925114588157 ], [ 18.277878950355351, 45.955034329208878 ], [ 18.277988164976076, 45.955034329208878 ], [ 18.277988164976076, 45.9551435438296 ], [ 18.278097379596797, 45.9551435438296 ], [ 18.278097379596797, 45.955252758450328 ], [ 18.278206594217522, 45.955252758450328 ], [ 18.278206594217522, 45.955361973071049 ], [ 18.278315808838247, 45.955361973071049 ], [ 18.278315808838247, 45.955471187691778 ], [ 18.278425023458972, 45.955471187691778 ], [ 18.278425023458972, 45.956781763140469 ], [ 18.278534238079697, 45.956781763140469 ], [ 18.278534238079697, 45.95710940700264 ], [ 18.278643452700422, 45.95710940700264 ], [ 18.278643452700422, 45.95732783624409 ], [ 18.278752667321143, 45.95732783624409 ], [ 18.278752667321143, 45.95754626548554 ], [ 18.278861881941868, 45.95754626548554 ], [ 18.278861881941868, 45.957873909347711 ], [ 18.278971096562593, 45.957873909347711 ], [ 18.278971096562593, 45.957983123968432 ], [ 18.279080311183318, 45.957983123968432 ], [ 18.279080311183318, 45.958092338589161 ], [ 18.279298740424768, 45.958092338589161 ], [ 18.279298740424768, 45.958201553209882 ], [ 18.279407955045489, 45.958201553209882 ], [ 18.279407955045489, 45.958310767830604 ], [ 18.279517169666214, 45.958310767830604 ], [ 18.279517169666214, 45.958856840934232 ], [ 18.279626384286939, 45.958856840934232 ], [ 18.279626384286939, 45.958966055554953 ], [ 18.279735598907664, 45.958966055554953 ], [ 18.279735598907664, 45.959075270175674 ], [ 18.280281672011284, 45.959075270175674 ], [ 18.280281672011284, 45.959512128658574 ], [ 18.28017245739056, 45.959512128658574 ], [ 18.28017245739056, 45.959839772520745 ], [ 18.280063242769835, 45.959839772520745 ], [ 18.280063242769835, 45.960604274865815 ], [ 18.28017245739056, 45.960604274865815 ], [ 18.28017245739056, 45.960931918727987 ], [ 18.280281672011284, 45.960931918727987 ], [ 18.280281672011284, 45.961150347969436 ], [ 18.280390886632009, 45.961150347969436 ], [ 18.280390886632009, 45.961259562590165 ], [ 18.280500101252734, 45.961259562590165 ], [ 18.280500101252734, 45.961368777210886 ], [ 18.280609315873459, 45.961368777210886 ], [ 18.280609315873459, 45.961477991831607 ], [ 18.28071853049418, 45.961477991831607 ], [ 18.28071853049418, 45.961587206452336 ], [ 18.280827745114905, 45.961587206452336 ], [ 18.280827745114905, 45.962024064935235 ], [ 18.28093695973563, 45.962024064935235 ], [ 18.28093695973563, 45.962242494176678 ], [ 18.28115538897708, 45.962242494176678 ], [ 18.28115538897708, 45.962351708797407 ], [ 18.281264603597801, 45.962351708797407 ], [ 18.281264603597801, 45.962460923418128 ], [ 18.28115538897708, 45.962460923418128 ], [ 18.28115538897708, 45.962570138038856 ], [ 18.281046174356355, 45.962570138038856 ], [ 18.281046174356355, 45.962679352659578 ], [ 18.280609315873459, 45.962679352659578 ] ] ] } },
{ "type": "Feature", "properties": { "parcel_id": 81, "area_ha": 5.97, "pixels": 597 }, "geometry": { "type": "Polygon", "coordinates": [ [ [ 18.282356749805047, 45.962024064935235 ], [ 18.282356749805047, 45.961914850314507 ], [ 18.281810676701426, 45.961914850314507 ], [ 18.281810676701426, 45.961805635693786 ], [ 18.281483032839251, 45.961805635693786 ], [ 18.281483032839251, 45.961696421073057 ], [ 18.281373818218526, 45.961696421073057 ], [ 18.281373818218526, 45.961587206452336 ], [ 18.281264603597801, 45.961587206452336 ], [ 18.281264603597801, 45.961477991831607 ], [ 18.28115538897708, 45.961477991831607 ], [ 18.28115538897708, 45.961368777210886 ], [ 18.28093695973563, 45.961368777210886 ], [ 18.28093695973563, 45.961259562590165 ], [ 18.280827745114905, 45.961259562590165 ], [ 18.280827745114905, 45.961150347969436 ], [ 18.280609315873459, 45.961150347969436 ], [ 18.280609315873459, 45.961041133348715 ], [ 18.280500101252734, 45.961041133348715 ], [ 18.280500101252734, 45.960822704107265 ], [ 18.280390886632009, 45.960822704107265 ], [ 18.280390886632009, 45.959948987141473 ], [ 18.280500101252734, 45.959948987141473 ], [ 18.280500101252734, 45.959730557900023 ], [ 18.280609315873459, 45.959730557900023 ], [ 18.280609315873459, 45.959621343279295 ], [ 18.280827745114905, 45.959621343279295 ], [ 18.280827745114905, 45.959512128658574 ], [ 18.283667325253738, 45.959512128658574 ], [ 18.283667325253738, 45.959621343279295 ], [ 18.283776539874459, 45.959621343279295 ], [ 18.283776539874459, 45.960058201762195 ], [ 18.283667325253738, 45.960058201762195 ], [ 18.283667325253738, 45.961368777210886 ], [ 18.283558110633013, 45.961368777210886 ], [ 18.283558110633013, 45.961696421073057 ], [ 18.283448896012288, 45.961696421073057 ], [ 18.283448896012288, 45.961914850314507 ], [ 18.283230466770839, 45.961914850314507 ], [ 18.283230466770839, 45.962024064935235 ], [ 18.282356749805047, 45.962024064935235 ] ] ] } },
{ "type": "Feature", "properties": { "parcel_id": 82, "area_ha": 14.65, "pixels": 1465 }, "geometry": { "type": "Polygon", "coordinates": [ [ [ 18.238561686894613, 45.961696421073057 ], [ 18.238561686894613, 45.961587206452336 ], [ 18.238452472273892, 45.961587206452336 ], [ 18.238452472273892, 45.961477991831607 ], [ 18.238343257653167, 45.961477991831607 ], [ 18.238343257653167, 45.961368777210886 ], [ 18.238124828411717, 45.961368777210886 ], [ 18.238124828411717, 45.961259562590165 ], [ 18.237906399170267, 45.961259562590165 ], [ 18.237906399170267, 45.961368777210886 ], [ 18.237687969928821, 45.961368777210886 ], [ 18.237687969928821, 45.961477991831607 ], [ 18.237578755308096, 45.961477991831607 ], [ 18.237578755308096, 45.961259562590165 ], [ 18.237687969928821, 45.961259562590165 ], [ 18.237687969928821, 45.960931918727987 ], [ 18.237797184549546, 45.960931918727987 ], [ 18.237797184549546, 45.960604274865815 ], [ 18.237906399170267, 45.960604274865815 ], [ 18.237906399170267, 45.959075270175674 ], [ 18.238015613790992, 45.959075270175674 ], [ 18.238015613790992, 45.958747626313503 ], [ 18.238124828411717, 45.958747626313503 ], [ 18.238124828411717, 45.958310767830604 ], [ 18.238234043032442, 45.958310767830604 ], [ 18.238234043032442, 45.957873909347711 ], [ 18.238343257653167, 45.957873909347711 ], [ 18.238343257653167, 45.95754626548554 ], [ 18.238452472273892, 45.95754626548554 ], [ 18.238452472273892, 45.95732783624409 ], [ 18.238561686894613, 45.95732783624409 ], [ 18.238561686894613, 45.957218621623362 ], [ 18.238670901515338, 45.957218621623362 ], [ 18.238670901515338, 45.95710940700264 ], [ 18.239653833101858, 45.95710940700264 ], [ 18.239653833101858, 45.957000192381919 ], [ 18.23976304772258, 45.957000192381919 ], [ 18.23976304772258, 45.956454119278291 ], [ 18.239872262343304, 45.956454119278291 ], [ 18.239872262343304, 45.956235690036848 ], [ 18.239981476964029, 45.956235690036848 ], [ 18.239981476964029, 45.95612647541612 ], [ 18.240090691584754, 45.95612647541612 ], [ 18.240090691584754, 45.956017260795399 ], [ 18.240199906205479, 45.956017260795399 ], [ 18.240199906205479, 45.95590804617467 ], [ 18.240309120826204, 45.95590804617467 ], [ 18.240309120826204, 45.955798831553949 ], [ 18.240418335446925, 45.955798831553949 ], [ 18.240418335446925, 45.955689616933228 ], [ 18.24052755006765, 45.955689616933228 ], [ 18.24052755006765, 45.955580402312499 ], [ 18.240636764688375, 45.955580402312499 ], [ 18.240636764688375, 45.955471187691778 ], [ 18.2407459793091, 45.955471187691778 ], [ 18.2407459793091, 45.955361973071049 ], [ 18.240855193929825, 45.955361973071049 ], [ 18.240855193929825, 45.955252758450328 ], [ 18.24096440855055, 45.955252758450328 ], [ 18.24096440855055, 45.9551435438296 ], [ 18.241292052412721, 45.9551435438296 ], [ 18.241292052412721, 45.955361973071049 ], [ 18.241401267033446, 45.955361973071049 ], [ 18.241401267033446, 45.955689616933228 ], [ 18.241510481654171, 45.955689616933228 ], [ 18.241510481654171, 45.956017260795399 ], [ 18.241619696274892, 45.956017260795399 ], [ 18.241619696274892, 45.956235690036848 ], [ 18.241728910895617, 45.956235690036848 ], [ 18.241728910895617, 45.95656333389902 ], [ 18.241838125516342, 45.95656333389902 ], [ 18.241838125516342, 45.956672548519741 ], [ 18.241947340137067, 45.956672548519741 ], [ 18.241947340137067, 45.956890977761191 ], [ 18.242056554757792, 45.956890977761191 ], [ 18.242056554757792, 45.957000192381919 ], [ 18.242165769378516, 45.957000192381919 ], [ 18.242165769378516, 45.957218621623362 ], [ 18.242274983999238, 45.957218621623362 ], [ 18.242274983999238, 45.957437050864812 ], [ 18.242384198619963, 45.957437050864812 ], [ 18.242384198619963, 45.957655480106261 ], [ 18.242602627861412, 45.957655480106261 ], [ 18.242602627861412, 45.957764694726983 ], [ 18.242711842482137, 45.957764694726983 ], [ 18.242711842482137, 45.957873909347711 ], [ 18.242821057102862, 45.957873909347711 ], [ 18.242821057102862, 45.957983123968432 ], [ 18.242930271723584, 45.957983123968432 ], [ 18.242930271723584, 45.958092338589161 ], [ 18.243039486344308, 45.958092338589161 ], [ 18.243039486344308, 45.958201553209882 ], [ 18.243148700965033, 45.958201553209882 ], [ 18.243148700965033, 45.958419982451332 ], [ 18.243257915585758, 45.958419982451332 ], [ 18.243257915585758, 45.958638411692782 ], [ 18.243367130206483, 45.958638411692782 ], [ 18.243367130206483, 45.958856840934232 ], [ 18.243476344827208, 45.958856840934232 ], [ 18.243476344827208, 45.958966055554953 ], [ 18.243585559447929, 45.958966055554953 ], [ 18.243585559447929, 45.959075270175674 ], [ 18.243694774068654, 45.959075270175674 ], [ 18.243694774068654, 45.959293699417124 ], [ 18.243803988689379, 45.959293699417124 ], [ 18.243803988689379, 45.959512128658574 ], [ 18.243913203310104, 45.959512128658574 ], [ 18.243913203310104, 45.960167416382916 ], [ 18.243803988689379, 45.960167416382916 ], [ 18.243803988689379, 45.960276631003644 ], [ 18.243476344827208, 45.960276631003644 ], [ 18.243476344827208, 45.960167416382916 ], [ 18.243367130206483, 45.960167416382916 ], [ 18.243367130206483, 45.960058201762195 ], [ 18.243257915585758, 45.960058201762195 ], [ 18.243257915585758, 45.959948987141473 ], [ 18.243148700965033, 45.959948987141473 ], [ 18.243148700965033, 45.959730557900023 ], [ 18.243039486344308, 45.959730557900023 ], [ 18.243039486344308, 45.959621343279295 ], [ 18.242930271723584, 45.959621343279295 ], [ 18.242930271723584, 45.959512128658574 ], [ 18.242821057102862, 45.959512128658574 ], [ 18.242821057102862, 45.959402914037852 ], [ 18.242711842482137, 45.959402914037852 ], [ 18.242711842482137, 45.959512128658574 ], [ 18.242602627861412, 45.959512128658574 ], [ 18.242602627861412, 45.959402914037852 ], [ 18.242384198619963, 45.959402914037852 ], [ 18.242384198619963, 45.959293699417124 ], [ 18.241510481654171, 45.959293699417124 ], [ 18.241510481654171, 45.959184484796403 ], [ 18.2407459793091, 45.959184484796403 ], [ 18.2407459793091, 45.959293699417124 ], [ 18.24052755006765, 45.959293699417124 ], [ 18.24052755006765, 45.959184484796403 ], [ 18.240199906205479, 45.959184484796403 ], [ 18.240199906205479, 45.959293699417124 ], [ 18.240090691584754, 45.959293699417124 ], [ 18.240090691584754, 45.959402914037852 ], [ 18.239981476964029, 45.959402914037852 ], [ 18.239981476964029, 45.959512128658574 ], [ 18.239872262343304, 45.959512128658574 ], [ 18.239872262343304, 45.959621343279295 ], [ 18.23976304772258, 45.959621343279295 ], [ 18.23976304772258, 45.959948987141473 ], [ 18.239653833101858, 45.959948987141473 ], [ 18.239653833101858, 45.960167416382916 ], [ 18.239544618481133, 45.960167416382916 ], [ 18.239544618481133, 45.960276631003644 ], [ 18.239435403860409, 45.960276631003644 ], [ 18.239435403860409, 45.960495060245094 ], [ 18.239326189239684, 45.960495060245094 ], [ 18.239326189239684, 45.960822704107265 ], [ 18.239216974618959, 45.960822704107265 ], [ 18.239216974618959, 45.961041133348715 ], [ 18.238889330756788, 45.961041133348715 ], [ 18.238889330756788, 45.961259562590165 ], [ 18.238780116136063, 45.961259562590165 ], [ 18.238780116136063, 45.961587206452336 ], [ 18.238670901515338, 45.961587206452336 ], [ 18.238670901515338, 45.961696421073057 ], [ 18.238561686894613, 45.961696421073057 ] ] ] } },
{ "type": "Feature", "properties": { "parcel_id": 83, "area_ha": 6.95, "pixels": 695 }, "geometry": { "type": "Polygon", "coordinates": [ [ [ 18.26095068414309, 45.961587206452336 ], [ 18.26095068414309, 45.961368777210886 ], [ 18.260841469522365, 45.961368777210886 ], [ 18.260841469522365, 45.960495060245094 ], [ 18.26095068414309, 45.960495060245094 ], [ 18.26095068414309, 45.960167416382916 ], [ 18.261059898763815, 45.960167416382916 ], [ 18.261059898763815, 45.959948987141473 ], [ 18.261169113384536, 45.959948987141473 ], [ 18.261169113384536, 45.959512128658574 ], [ 18.261059898763815, 45.959512128658574 ], [ 18.261059898763815, 45.959293699417124 ], [ 18.26095068414309, 45.959293699417124 ], [ 18.26095068414309, 45.959184484796403 ], [ 18.260841469522365, 45.959184484796403 ], [ 18.260841469522365, 45.959075270175674 ], [ 18.26073225490164, 45.959075270175674 ], [ 18.26073225490164, 45.958966055554953 ], [ 18.260076967177294, 45.958966055554953 ], [ 18.260076967177294, 45.958856840934232 ], [ 18.259858537935845, 45.958856840934232 ], [ 18.259858537935845, 45.958747626313503 ], [ 18.259640108694398, 45.958747626313503 ], [ 18.259640108694398, 45.958638411692782 ], [ 18.259203250211502, 45.958638411692782 ], [ 18.259203250211502, 45.958529197072053 ], [ 18.259094035590778, 45.958529197072053 ], [ 18.259094035590778, 45.958092338589161 ], [ 18.258875606349328, 45.958092338589161 ], [ 18.258875606349328, 45.957983123968432 ], [ 18.258766391728603, 45.957983123968432 ], [ 18.258766391728603, 45.958092338589161 ], [ 18.258438747866432, 45.958092338589161 ], [ 18.258438747866432, 45.958201553209882 ], [ 18.258329533245707, 45.958201553209882 ], [ 18.258329533245707, 45.958310767830604 ], [ 18.258220318624982, 45.958310767830604 ], [ 18.258220318624982, 45.958419982451332 ], [ 18.258111104004257, 45.958419982451332 ], [ 18.258111104004257, 45.958529197072053 ], [ 18.258001889383532, 45.958529197072053 ], [ 18.258001889383532, 45.958638411692782 ], [ 18.257892674762811, 45.958638411692782 ], [ 18.257892674762811, 45.958529197072053 ], [ 18.257783460142086, 45.958529197072053 ], [ 18.257783460142086, 45.958201553209882 ], [ 18.257674245521361, 45.958201553209882 ], [ 18.257674245521361, 45.957983123968432 ], [ 18.257565030900636, 45.957983123968432 ], [ 18.257565030900636, 45.957764694726983 ], [ 18.257455816279911, 45.957764694726983 ], [ 18.257455816279911, 45.95754626548554 ], [ 18.257565030900636, 45.95754626548554 ], [ 18.257565030900636, 45.957655480106261 ], [ 18.257674245521361, 45.957655480106261 ], [ 18.257674245521361, 45.957764694726983 ], [ 18.258001889383532, 45.957764694726983 ], [ 18.258001889383532, 45.957873909347711 ], [ 18.258111104004257, 45.957873909347711 ], [ 18.258111104004257, 45.957764694726983 ], [ 18.259312464832224, 45.957764694726983 ], [ 18.259312464832224, 45.957655480106261 ], [ 18.259749323315123, 45.957655480106261 ], [ 18.259749323315123, 45.957764694726983 ], [ 18.26073225490164, 45.957764694726983 ], [ 18.26073225490164, 45.957873909347711 ], [ 18.26095068414309, 45.957873909347711 ], [ 18.26095068414309, 45.957983123968432 ], [ 18.261059898763815, 45.957983123968432 ], [ 18.261059898763815, 45.959075270175674 ], [ 18.261169113384536, 45.959075270175674 ], [ 18.261169113384536, 45.959293699417124 ], [ 18.261278328005261, 45.959293699417124 ], [ 18.261278328005261, 45.959512128658574 ], [ 18.261605971867436, 45.959512128658574 ], [ 18.261605971867436, 45.959293699417124 ], [ 18.261715186488161, 45.959293699417124 ], [ 18.261715186488161, 45.957873909347711 ], [ 18.261605971867436, 45.957873909347711 ], [ 18.261605971867436, 45.95732783624409 ], [ 18.261496757246711, 45.95732783624409 ], [ 18.261496757246711, 45.95710940700264 ], [ 18.261387542625986, 45.95710940700264 ], [ 18.261387542625986, 45.956672548519741 ], [ 18.261496757246711, 45.956672548519741 ], [ 18.261496757246711, 45.956454119278291 ], [ 18.261605971867436, 45.956454119278291 ], [ 18.261605971867436, 45.95634490465757 ], [ 18.261715186488161, 45.95634490465757 ], [ 18.261715186488161, 45.956235690036848 ], [ 18.261824401108882, 45.956235690036848 ], [ 18.261824401108882, 45.95612647541612 ], [ 18.261933615729607, 45.95612647541612 ], [ 18.261933615729607, 45.956017260795399 ], [ 18.262370474212506, 45.956017260795399 ], [ 18.262370474212506, 45.95612647541612 ], [ 18.262479688833228, 45.95612647541612 ], [ 18.262479688833228, 45.956781763140469 ], [ 18.262588903453953, 45.956781763140469 ], [ 18.262588903453953, 45.960276631003644 ], [ 18.262698118074677, 45.960276631003644 ], [ 18.262698118074677, 45.960713489486544 ], [ 18.262588903453953, 45.960713489486544 ], [ 18.262588903453953, 45.960495060245094 ], [ 18.262479688833228, 45.960495060245094 ], [ 18.262479688833228, 45.960385845624366 ], [ 18.262370474212506, 45.960385845624366 ], [ 18.262370474212506, 45.959730557900023 ], [ 18.262261259591781, 45.959730557900023 ], [ 18.262261259591781, 45.959402914037852 ], [ 18.262152044971057, 45.959402914037852 ], [ 18.262152044971057, 45.959293699417124 ], [ 18.262042830350332, 45.959293699417124 ], [ 18.262042830350332, 45.959402914037852 ], [ 18.261933615729607, 45.959402914037852 ], [ 18.261933615729607, 45.959621343279295 ], [ 18.261824401108882, 45.959621343279295 ], [ 18.261824401108882, 45.960167416382916 ], [ 18.261933615729607, 45.960167416382916 ], [ 18.261933615729607, 45.960604274865815 ], [ 18.261824401108882, 45.960604274865815 ], [ 18.261824401108882, 45.961477991831607 ], [ 18.261605971867436, 45.961477991831607 ], [ 18.261605971867436, 45.961587206452336 ], [ 18.26095068414309, 45.961587206452336 ] ] ] } },
{ "type": "Feature", "properties": { "parcel_id": 84, "area_ha": 12.44, "pixels": 1244 }, "geometry": { "type": "Polygon", "coordinates": [ [ [ 18.233756243582746, 45.961477991831607 ], [ 18.233756243582746, 45.954160612243086 ], [ 18.235831321376509, 45.954160612243086 ], [ 18.235831321376509, 45.95754626548554 ], [ 18.235722106755784, 45.95754626548554 ], [ 18.235722106755784, 45.958638411692782 ], [ 18.235831321376509, 45.958638411692782 ], [ 18.235831321376509, 45.959402914037852 ], [ 18.235722106755784, 45.959402914037852 ], [ 18.235722106755784, 45.961477991831607 ], [ 18.233756243582746, 45.961477991831607 ] ] ] } },
{ "type": "Feature", "properties": { "parcel_id": 85, "area_ha": 21.77, "pixels": 2177 }, "geometry": { "type": "Polygon", "coordinates": [ [ [ 18.263353405799023, 45.961477991831607 ], [ 18.263353405799023, 45.961368777210886 ], [ 18.263244191178298, 45.961368777210886 ], [ 18.263244191178298, 45.961259562590165 ], [ 18.263134976557573, 45.961259562590165 ], [ 18.263134976557573, 45.959075270175674 ], [ 18.263025761936849, 45.959075270175674 ], [ 18.263025761936849, 45.959948987141473 ], [ 18.262916547316127, 45.959948987141473 ], [ 18.262916547316127, 45.959402914037852 ], [ 18.262807332695402, 45.959402914037852 ], [ 18.262807332695402, 45.958966055554953 ], [ 18.262698118074677, 45.958966055554953 ], [ 18.262698118074677, 45.958638411692782 ], [ 18.262588903453953, 45.958638411692782 ], [ 18.262588903453953, 45.956781763140469 ], [ 18.262479688833228, 45.956781763140469 ], [ 18.262479688833228, 45.95612647541612 ], [ 18.262370474212506, 45.95612647541612 ], [ 18.262370474212506, 45.956017260795399 ], [ 18.261933615729607, 45.956017260795399 ], [ 18.261933615729607, 45.95612647541612 ], [ 18.261824401108882, 45.95612647541612 ], [ 18.261824401108882, 45.956235690036848 ], [ 18.261715186488161, 45.956235690036848 ], [ 18.261715186488161, 45.95634490465757 ], [ 18.261605971867436, 45.95634490465757 ], [ 18.261605971867436, 45.956454119278291 ], [ 18.261387542625986, 45.956454119278291 ], [ 18.261387542625986, 45.95656333389902 ], [ 18.261278328005261, 45.95656333389902 ], [ 18.261278328005261, 45.956672548519741 ], [ 18.261169113384536, 45.956672548519741 ], [ 18.261169113384536, 45.956781763140469 ], [ 18.26095068414309, 45.956781763140469 ], [ 18.26095068414309, 45.95612647541612 ], [ 18.261059898763815, 45.95612647541612 ], [ 18.261059898763815, 45.956017260795399 ], [ 18.261169113384536, 45.956017260795399 ], [ 18.261169113384536, 45.95590804617467 ], [ 18.261387542625986, 45.95590804617467 ], [ 18.261387542625986, 45.955798831553949 ], [ 18.261605971867436, 45.955798831553949 ], [ 18.261605971867436, 45.955689616933228 ], [ 18.261933615729607, 45.955689616933228 ], [ 18.261933615729607, 45.955580402312499 ], [ 18.262042830350332, 45.955580402312499 ], [ 18.262042830350332, 45.955471187691778 ], [ 18.262152044971057, 45.955471187691778 ], [ 18.262152044971057, 45.955361973071049 ], [ 18.262261259591781, 45.955361973071049 ], [ 18.262261259591781, 45.955034329208878 ], [ 18.262152044971057, 45.955034329208878 ], [ 18.262152044971057, 45.954925114588157 ], [ 18.261824401108882, 45.954925114588157 ], [ 18.261824401108882, 45.954815899967429 ], [ 18.261605971867436, 45.954815899967429 ], [ 18.261605971867436, 45.954706685346707 ], [ 18.261824401108882, 45.954706685346707 ], [ 18.261824401108882, 45.954597470725979 ], [ 18.262261259591781, 45.954597470725979 ], [ 18.262261259591781, 45.954379041484536 ], [ 18.262807332695402, 45.954379041484536 ], [ 18.262807332695402, 45.954051397622358 ], [ 18.262698118074677, 45.954051397622358 ], [ 18.262698118074677, 45.953614539139465 ], [ 18.262588903453953, 45.953614539139465 ], [ 18.262588903453953, 45.953396109898016 ], [ 18.262479688833228, 45.953396109898016 ], [ 18.262479688833228, 45.953177680656566 ], [ 18.262370474212506, 45.953177680656566 ], [ 18.262370474212506, 45.952959251415116 ], [ 18.262261259591781, 45.952959251415116 ], [ 18.262261259591781, 45.952631607552945 ], [ 18.262152044971057, 45.952631607552945 ], [ 18.262152044971057, 45.950993388242082 ], [ 18.262261259591781, 45.950993388242082 ], [ 18.262261259591781, 45.950447315138462 ], [ 18.262370474212506, 45.950447315138462 ], [ 18.262370474212506, 45.951102602862804 ], [ 18.262261259591781, 45.951102602862804 ], [ 18.262261259591781, 45.951757890587153 ], [ 18.262370474212506, 45.951757890587153 ], [ 18.262370474212506, 45.952194749070046 ], [ 18.262479688833228, 45.952194749070046 ], [ 18.262479688833228, 45.950993388242082 ], [ 18.262588903453953, 45.950993388242082 ], [ 18.262588903453953, 45.950338100517733 ], [ 18.262479688833228, 45.950338100517733 ], [ 18.262479688833228, 45.949573598172663 ], [ 18.262698118074677, 45.949573598172663 ], [ 18.262698118074677, 45.949682812793391 ], [ 18.262807332695402, 45.949682812793391 ], [ 18.262807332695402, 45.949792027414112 ], [ 18.262916547316127, 45.949792027414112 ], [ 18.262916547316127, 45.950010456655562 ], [ 18.263025761936849, 45.950010456655562 ], [ 18.263025761936849, 45.950119671276283 ], [ 18.263134976557573, 45.950119671276283 ], [ 18.263134976557573, 45.950338100517733 ], [ 18.263244191178298, 45.950338100517733 ], [ 18.263244191178298, 45.950447315138462 ], [ 18.263353405799023, 45.950447315138462 ], [ 18.263353405799023, 45.950665744379911 ], [ 18.263462620419748, 45.950665744379911 ], [ 18.263462620419748, 45.950774959000633 ], [ 18.263571835040473, 45.950774959000633 ], [ 18.263571835040473, 45.950993388242082 ], [ 18.263681049661194, 45.950993388242082 ], [ 18.263681049661194, 45.951102602862804 ], [ 18.263790264281919, 45.951102602862804 ], [ 18.263790264281919, 45.951211817483532 ], [ 18.263899478902644, 45.951211817483532 ], [ 18.263899478902644, 45.951321032104254 ], [ 18.264008693523369, 45.951321032104254 ], [ 18.264008693523369, 45.951430246724975 ], [ 18.264117908144094, 45.951430246724975 ], [ 18.264117908144094, 45.951211817483532 ], [ 18.264008693523369, 45.951211817483532 ], [ 18.264008693523369, 45.951102602862804 ], [ 18.263899478902644, 45.951102602862804 ], [ 18.263899478902644, 45.950993388242082 ], [ 18.263790264281919, 45.950993388242082 ], [ 18.263790264281919, 45.950884173621354 ], [ 18.263681049661194, 45.950884173621354 ], [ 18.263681049661194, 45.950665744379911 ], [ 18.263790264281919, 45.950665744379911 ], [ 18.263790264281919, 45.950774959000633 ], [ 18.263899478902644, 45.950774959000633 ], [ 18.263899478902644, 45.950665744379911 ], [ 18.264008693523369, 45.950665744379911 ], [ 18.264008693523369, 45.950774959000633 ], [ 18.264117908144094, 45.950774959000633 ], [ 18.264117908144094, 45.950884173621354 ], [ 18.264227122764819, 45.950884173621354 ], [ 18.264227122764819, 45.950993388242082 ], [ 18.26433633738554, 45.950993388242082 ], [ 18.26433633738554, 45.951102602862804 ], [ 18.264445552006265, 45.951102602862804 ], [ 18.264445552006265, 45.951321032104254 ], [ 18.26455476662699, 45.951321032104254 ], [ 18.26455476662699, 45.951648675966425 ], [ 18.264663981247715, 45.951648675966425 ], [ 18.264663981247715, 45.951867105207874 ], [ 18.26477319586844, 45.951867105207874 ], [ 18.26477319586844, 45.951976319828603 ], [ 18.264882410489164, 45.951976319828603 ], [ 18.264882410489164, 45.952194749070046 ], [ 18.264991625109886, 45.952194749070046 ], [ 18.264991625109886, 45.953396109898016 ], [ 18.265100839730611, 45.953396109898016 ], [ 18.265100839730611, 45.953832968380915 ], [ 18.265210054351336, 45.953832968380915 ], [ 18.265210054351336, 45.956672548519741 ], [ 18.26531926897206, 45.956672548519741 ], [ 18.26531926897206, 45.956890977761191 ], [ 18.265428483592785, 45.956890977761191 ], [ 18.265428483592785, 45.95710940700264 ], [ 18.26531926897206, 45.95710940700264 ], [ 18.26531926897206, 45.957218621623362 ], [ 18.265210054351336, 45.957218621623362 ], [ 18.265210054351336, 45.957873909347711 ], [ 18.265100839730611, 45.957873909347711 ], [ 18.265100839730611, 45.958092338589161 ], [ 18.264991625109886, 45.958092338589161 ], [ 18.264991625109886, 45.958966055554953 ], [ 18.264663981247715, 45.958966055554953 ], [ 18.264663981247715, 45.959621343279295 ], [ 18.26455476662699, 45.959621343279295 ], [ 18.26455476662699, 45.960167416382916 ], [ 18.264445552006265, 45.960167416382916 ], [ 18.264445552006265, 45.960276631003644 ], [ 18.26433633738554, 45.960276631003644 ], [ 18.26433633738554, 45.960385845624366 ], [ 18.264227122764819, 45.960385845624366 ], [ 18.264227122764819, 45.960495060245094 ], [ 18.264117908144094, 45.960495060245094 ], [ 18.264117908144094, 45.960604274865815 ], [ 18.264008693523369, 45.960604274865815 ], [ 18.264008693523369, 45.960822704107265 ], [ 18.263899478902644, 45.960822704107265 ], [ 18.263899478902644, 45.961150347969436 ], [ 18.263790264281919, 45.961150347969436 ], [ 18.263790264281919, 45.961477991831607 ], [ 18.263353405799023, 45.961477991831607 ] ] ] } },
{ "type": "Feature", "properties": { "parcel_id": 86, "area_ha": 15.6, "pixels": 1560 }, "geometry": { "type": "Polygon", "coordinates": [ [ [ 18.256582099314119, 45.961368777210886 ], [ 18.256582099314119, 45.961259562590165 ], [ 18.255599167727599, 45.961259562590165 ], [ 18.255599167727599, 45.961150347969436 ], [ 18.255380738486153, 45.961150347969436 ], [ 18.255380738486153, 45.961041133348715 ], [ 18.254616236141082, 45.961041133348715 ], [ 18.254616236141082, 45.960931918727987 ], [ 18.254288592278908, 45.960931918727987 ], [ 18.254288592278908, 45.961041133348715 ], [ 18.253742519175287, 45.961041133348715 ], [ 18.253742519175287, 45.960713489486544 ], [ 18.25352408993384, 45.960713489486544 ], [ 18.25352408993384, 45.960604274865815 ], [ 18.253414875313116, 45.960604274865815 ], [ 18.253414875313116, 45.960276631003644 ], [ 18.253305660692391, 45.960276631003644 ], [ 18.253305660692391, 45.960167416382916 ], [ 18.253087231450941, 45.960167416382916 ], [ 18.253087231450941, 45.959948987141473 ], [ 18.253414875313116, 45.959948987141473 ], [ 18.253414875313116, 45.959839772520745 ], [ 18.253633304554562, 45.959839772520745 ], [ 18.253633304554562, 45.959730557900023 ], [ 18.253851733796012, 45.959730557900023 ], [ 18.253851733796012, 45.959512128658574 ], [ 18.254070163037461, 45.959512128658574 ], [ 18.254070163037461, 45.958419982451332 ], [ 18.254179377658186, 45.958419982451332 ], [ 18.254179377658186, 45.957764694726983 ], [ 18.254070163037461, 45.957764694726983 ], [ 18.254070163037461, 45.95656333389902 ], [ 18.253960948416736, 45.95656333389902 ], [ 18.253960948416736, 45.956017260795399 ], [ 18.254397806899632, 45.956017260795399 ], [ 18.254397806899632, 45.95612647541612 ], [ 18.254725450761807, 45.95612647541612 ], [ 18.254725450761807, 45.956235690036848 ], [ 18.254943880003253, 45.956235690036848 ], [ 18.254943880003253, 45.95634490465757 ], [ 18.255162309244703, 45.95634490465757 ], [ 18.255162309244703, 45.956454119278291 ], [ 18.255271523865428, 45.956454119278291 ], [ 18.255271523865428, 45.95656333389902 ], [ 18.255380738486153, 45.95656333389902 ], [ 18.255380738486153, 45.956781763140469 ], [ 18.255489953106874, 45.956781763140469 ], [ 18.255489953106874, 45.956890977761191 ], [ 18.255599167727599, 45.956890977761191 ], [ 18.255599167727599, 45.957000192381919 ], [ 18.255817596969049, 45.957000192381919 ], [ 18.255817596969049, 45.956890977761191 ], [ 18.256254455451945, 45.956890977761191 ], [ 18.256254455451945, 45.957000192381919 ], [ 18.256472884693395, 45.957000192381919 ], [ 18.256472884693395, 45.95710940700264 ], [ 18.256909743176291, 45.95710940700264 ], [ 18.256909743176291, 45.957218621623362 ], [ 18.25712817241774, 45.957218621623362 ], [ 18.25712817241774, 45.95732783624409 ], [ 18.257237387038465, 45.95732783624409 ], [ 18.257237387038465, 45.957437050864812 ], [ 18.257346601659187, 45.957437050864812 ], [ 18.257346601659187, 45.95754626548554 ], [ 18.257455816279911, 45.95754626548554 ], [ 18.257455816279911, 45.957764694726983 ], [ 18.257565030900636, 45.957764694726983 ], [ 18.257565030900636, 45.957983123968432 ], [ 18.257674245521361, 45.957983123968432 ], [ 18.257674245521361, 45.958201553209882 ], [ 18.257783460142086, 45.958201553209882 ], [ 18.257783460142086, 45.958529197072053 ], [ 18.257892674762811, 45.958529197072053 ], [ 18.257892674762811, 45.958638411692782 ], [ 18.258001889383532, 45.958638411692782 ], [ 18.258001889383532, 45.958529197072053 ], [ 18.258111104004257, 45.958529197072053 ], [ 18.258111104004257, 45.958419982451332 ], [ 18.258220318624982, 45.958419982451332 ], [ 18.258220318624982, 45.958310767830604 ], [ 18.258329533245707, 45.958310767830604 ], [ 18.258329533245707, 45.958201553209882 ], [ 18.258438747866432, 45.958201553209882 ], [ 18.258438747866432, 45.958092338589161 ], [ 18.258766391728603, 45.958092338589161 ], [ 18.258766391728603, 45.957983123968432 ], [ 18.258875606349328, 45.957983123968432 ], [ 18.258875606349328, 45.958092338589161 ], [ 18.259094035590778, 45.958092338589161 ], [ 18.259094035590778, 45.958529197072053 ], [ 18.259203250211502, 45.958529197072053 ], [ 18.259203250211502, 45.958638411692782 ], [ 18.259640108694398, 45.958638411692782 ], [ 18.259640108694398, 45.958747626313503 ], [ 18.259858537935845, 45.958747626313503 ], [ 18.259858537935845, 45.958856840934232 ], [ 18.260076967177294, 45.958856840934232 ], [ 18.260076967177294, 45.958966055554953 ], [ 18.26073225490164, 45.958966055554953 ], [ 18.26073225490164, 45.959075270175674 ], [ 18.260841469522365, 45.959075270175674 ], [ 18.260841469522365, 45.959184484796403 ], [ 18.26095068414309, 45.959184484796403 ], [ 18.26095068414309, 45.959293699417124 ], [ 18.261059898763815, 45.959293699417124 ], [ 18.261059898763815, 45.959512128658574 ], [ 18.261169113384536, 45.959512128658574 ], [ 18.261169113384536, 45.959948987141473 ], [ 18.261059898763815, 45.959948987141473 ], [ 18.261059898763815, 45.960167416382916 ], [ 18.26095068414309, 45.960167416382916 ], [ 18.26095068414309, 45.959402914037852 ], [ 18.260841469522365, 45.959402914037852 ], [ 18.260841469522365, 45.959293699417124 ], [ 18.26073225490164, 45.959293699417124 ], [ 18.26073225490164, 45.959184484796403 ], [ 18.259640108694398, 45.959184484796403 ], [ 18.259640108694398, 45.959075270175674 ], [ 18.258438747866432, 45.959075270175674 ], [ 18.258438747866432, 45.959184484796403 ], [ 18.258001889383532, 45.959184484796403 ], [ 18.258001889383532, 45.959293699417124 ], [ 18.257892674762811, 45.959293699417124 ], [ 18.257892674762811, 45.959184484796403 ], [ 18.257674245521361, 45.959184484796403 ], [ 18.257674245521361, 45.959402914037852 ], [ 18.257783460142086, 45.959402914037852 ], [ 18.257783460142086, 45.960385845624366 ], [ 18.257674245521361, 45.960385845624366 ], [ 18.257674245521361, 45.960822704107265 ], [ 18.257565030900636, 45.960822704107265 ], [ 18.257565030900636, 45.961041133348715 ], [ 18.257455816279911, 45.961041133348715 ], [ 18.257455816279911, 45.961150347969436 ], [ 18.257346601659187, 45.961150347969436 ], [ 18.257346601659187, 45.961259562590165 ], [ 18.257018957797015, 45.961259562590165 ], [ 18.257018957797015, 45.961368777210886 ], [ 18.256582099314119, 45.961368777210886 ] ] ] } },
{ "type": "Feature", "properties": { "parcel_id": 87, "area_ha": 8.34, "pixels": 834 }, "geometry": { "type": "Polygon", "coordinates": [ [ [ 18.243367130206483, 45.960495060245094 ], [ 18.243367130206483, 45.960276631003644 ], [ 18.243257915585758, 45.960276631003644 ], [ 18.243257915585758, 45.960167416382916 ], [ 18.243148700965033, 45.960167416382916 ], [ 18.243148700965033, 45.959948987141473 ], [ 18.243257915585758, 45.959948987141473 ], [ 18.243257915585758, 45.960058201762195 ], [ 18.243367130206483, 45.960058201762195 ], [ 18.243367130206483, 45.960167416382916 ], [ 18.243476344827208, 45.960167416382916 ], [ 18.243476344827208, 45.960276631003644 ], [ 18.243803988689379, 45.960276631003644 ], [ 18.243803988689379, 45.960167416382916 ], [ 18.243913203310104, 45.960167416382916 ], [ 18.243913203310104, 45.959512128658574 ], [ 18.243803988689379, 45.959512128658574 ], [ 18.243803988689379, 45.959293699417124 ], [ 18.243694774068654, 45.959293699417124 ], [ 18.243694774068654, 45.959075270175674 ], [ 18.243585559447929, 45.959075270175674 ], [ 18.243585559447929, 45.958966055554953 ], [ 18.243476344827208, 45.958966055554953 ], [ 18.243476344827208, 45.958856840934232 ], [ 18.243367130206483, 45.958856840934232 ], [ 18.243367130206483, 45.958638411692782 ], [ 18.243257915585758, 45.958638411692782 ], [ 18.243257915585758, 45.958419982451332 ], [ 18.243148700965033, 45.958419982451332 ], [ 18.243148700965033, 45.958201553209882 ], [ 18.243039486344308, 45.958201553209882 ], [ 18.243039486344308, 45.958092338589161 ], [ 18.242930271723584, 45.958092338589161 ], [ 18.242930271723584, 45.957983123968432 ], [ 18.242821057102862, 45.957983123968432 ], [ 18.242821057102862, 45.957873909347711 ], [ 18.242711842482137, 45.957873909347711 ], [ 18.242711842482137, 45.957764694726983 ], [ 18.242602627861412, 45.957764694726983 ], [ 18.242602627861412, 45.957655480106261 ], [ 18.242384198619963, 45.957655480106261 ], [ 18.242384198619963, 45.957437050864812 ], [ 18.242274983999238, 45.957437050864812 ], [ 18.242274983999238, 45.957218621623362 ], [ 18.242165769378516, 45.957218621623362 ], [ 18.242165769378516, 45.957000192381919 ], [ 18.242056554757792, 45.957000192381919 ], [ 18.242056554757792, 45.956890977761191 ], [ 18.241947340137067, 45.956890977761191 ], [ 18.241947340137067, 45.956672548519741 ], [ 18.241838125516342, 45.956672548519741 ], [ 18.241838125516342, 45.95656333389902 ], [ 18.241728910895617, 45.95656333389902 ], [ 18.241728910895617, 45.95634490465757 ], [ 18.241838125516342, 45.95634490465757 ], [ 18.241838125516342, 45.956235690036848 ], [ 18.241947340137067, 45.956235690036848 ], [ 18.241947340137067, 45.95612647541612 ], [ 18.242056554757792, 45.95612647541612 ], [ 18.242056554757792, 45.956017260795399 ], [ 18.242493413240688, 45.956017260795399 ], [ 18.242493413240688, 45.95612647541612 ], [ 18.242602627861412, 45.95612647541612 ], [ 18.242602627861412, 45.956235690036848 ], [ 18.242821057102862, 45.956235690036848 ], [ 18.242821057102862, 45.95634490465757 ], [ 18.243148700965033, 45.95634490465757 ], [ 18.243148700965033, 45.956454119278291 ], [ 18.243803988689379, 45.956454119278291 ], [ 18.243803988689379, 45.95634490465757 ], [ 18.244022417930829, 45.95634490465757 ], [ 18.244022417930829, 45.956454119278291 ], [ 18.244131632551554, 45.956454119278291 ], [ 18.244131632551554, 45.95656333389902 ], [ 18.244350061793, 45.95656333389902 ], [ 18.244350061793, 45.956672548519741 ], [ 18.245442208000242, 45.956672548519741 ], [ 18.245442208000242, 45.956781763140469 ], [ 18.245879066483141, 45.956781763140469 ], [ 18.245879066483141, 45.956672548519741 ], [ 18.246097495724587, 45.956672548519741 ], [ 18.246097495724587, 45.958310767830604 ], [ 18.246206710345312, 45.958310767830604 ], [ 18.246206710345312, 45.958529197072053 ], [ 18.245988281103866, 45.958529197072053 ], [ 18.245988281103866, 45.958747626313503 ], [ 18.245879066483141, 45.958747626313503 ], [ 18.245879066483141, 45.959293699417124 ], [ 18.245769851862416, 45.959293699417124 ], [ 18.245769851862416, 45.959402914037852 ], [ 18.245551422620967, 45.959402914037852 ], [ 18.245551422620967, 45.959512128658574 ], [ 18.245114564138071, 45.959512128658574 ], [ 18.245114564138071, 45.959402914037852 ], [ 18.244240847172275, 45.959402914037852 ], [ 18.244240847172275, 45.959512128658574 ], [ 18.244131632551554, 45.959512128658574 ], [ 18.244131632551554, 45.959730557900023 ], [ 18.244022417930829, 45.959730557900023 ], [ 18.244022417930829, 45.960276631003644 ], [ 18.243913203310104, 45.960276631003644 ], [ 18.243913203310104, 45.960385845624366 ], [ 18.243694774068654, 45.960385845624366 ], [ 18.243694774068654, 45.960495060245094 ], [ 18.243367130206483, 45.960495060245094 ] ] ] } },
{ "type": "Feature", "properties": { "parcel_id": 88, "area_ha": 13.16, "pixels": 1316 }, "geometry": { "type": "Polygon", "coordinates": [ [ [ 18.251995085243699, 45.959948987141473 ], [ 18.251995085243699, 45.959839772520745 ], [ 18.251558226760803, 45.959839772520745 ], [ 18.251558226760803, 45.959730557900023 ], [ 18.251230582898629, 45.959730557900023 ], [ 18.251230582898629, 45.959839772520745 ], [ 18.250684509795008, 45.959839772520745 ], [ 18.250684509795008, 45.959730557900023 ], [ 18.250138436691387, 45.959730557900023 ], [ 18.250138436691387, 45.959512128658574 ], [ 18.249920007449937, 45.959512128658574 ], [ 18.249920007449937, 45.959402914037852 ], [ 18.249810792829212, 45.959402914037852 ], [ 18.249810792829212, 45.959293699417124 ], [ 18.249701578208491, 45.959293699417124 ], [ 18.249701578208491, 45.958856840934232 ], [ 18.249483148967041, 45.958856840934232 ], [ 18.249483148967041, 45.958747626313503 ], [ 18.247844929656178, 45.958747626313503 ], [ 18.247844929656178, 45.958638411692782 ], [ 18.249592363587766, 45.958638411692782 ], [ 18.249592363587766, 45.958529197072053 ], [ 18.249701578208491, 45.958529197072053 ], [ 18.249701578208491, 45.958638411692782 ], [ 18.249920007449937, 45.958638411692782 ], [ 18.249920007449937, 45.958747626313503 ], [ 18.250029222070662, 45.958747626313503 ], [ 18.250029222070662, 45.959184484796403 ], [ 18.250138436691387, 45.959184484796403 ], [ 18.250138436691387, 45.959293699417124 ], [ 18.250247651312112, 45.959293699417124 ], [ 18.250247651312112, 45.959402914037852 ], [ 18.251776656002249, 45.959402914037852 ], [ 18.251776656002249, 45.959512128658574 ], [ 18.25232272910587, 45.959512128658574 ], [ 18.25232272910587, 45.959402914037852 ], [ 18.253305660692391, 45.959402914037852 ], [ 18.253305660692391, 45.959293699417124 ], [ 18.253414875313116, 45.959293699417124 ], [ 18.253414875313116, 45.959075270175674 ], [ 18.25352408993384, 45.959075270175674 ], [ 18.25352408993384, 45.958638411692782 ], [ 18.253633304554562, 45.958638411692782 ], [ 18.253633304554562, 45.957764694726983 ], [ 18.25352408993384, 45.957764694726983 ], [ 18.25352408993384, 45.956672548519741 ], [ 18.253414875313116, 45.956672548519741 ], [ 18.253414875313116, 45.95656333389902 ], [ 18.253305660692391, 45.95656333389902 ], [ 18.253305660692391, 45.956454119278291 ], [ 18.25232272910587, 45.956454119278291 ], [ 18.25232272910587, 45.95634490465757 ], [ 18.251667441381528, 45.95634490465757 ], [ 18.251667441381528, 45.956235690036848 ], [ 18.251449012140078, 45.956235690036848 ], [ 18.251449012140078, 45.95612647541612 ], [ 18.251339797519353, 45.95612647541612 ], [ 18.251339797519353, 45.956017260795399 ], [ 18.251230582898629, 45.956017260795399 ], [ 18.251230582898629, 45.95590804617467 ], [ 18.251121368277904, 45.95590804617467 ], [ 18.251121368277904, 45.955798831553949 ], [ 18.250902939036457, 45.955798831553949 ], [ 18.250902939036457, 45.955689616933228 ], [ 18.250793724415733, 45.955689616933228 ], [ 18.250793724415733, 45.955580402312499 ], [ 18.250466080553558, 45.955580402312499 ], [ 18.250466080553558, 45.955689616933228 ], [ 18.250138436691387, 45.955689616933228 ], [ 18.250138436691387, 45.955471187691778 ], [ 18.250029222070662, 45.955471187691778 ], [ 18.250029222070662, 45.955252758450328 ], [ 18.249920007449937, 45.955252758450328 ], [ 18.249920007449937, 45.955034329208878 ], [ 18.250029222070662, 45.955034329208878 ], [ 18.250029222070662, 45.954925114588157 ], [ 18.250247651312112, 45.954925114588157 ], [ 18.250247651312112, 45.955034329208878 ], [ 18.250356865932837, 45.955034329208878 ], [ 18.250356865932837, 45.9551435438296 ], [ 18.250466080553558, 45.9551435438296 ], [ 18.250466080553558, 45.955252758450328 ], [ 18.250575295174283, 45.955252758450328 ], [ 18.250575295174283, 45.955361973071049 ], [ 18.251121368277904, 45.955361973071049 ], [ 18.251121368277904, 45.955252758450328 ], [ 18.250902939036457, 45.955252758450328 ], [ 18.250902939036457, 45.954925114588157 ], [ 18.251012153657182, 45.954925114588157 ], [ 18.251012153657182, 45.954160612243086 ], [ 18.250902939036457, 45.954160612243086 ], [ 18.250902939036457, 45.954051397622358 ], [ 18.250793724415733, 45.954051397622358 ], [ 18.250793724415733, 45.953723753760187 ], [ 18.250684509795008, 45.953723753760187 ], [ 18.250684509795008, 45.953286895277287 ], [ 18.251012153657182, 45.953286895277287 ], [ 18.251012153657182, 45.953177680656566 ], [ 18.250902939036457, 45.953177680656566 ], [ 18.250902939036457, 45.952522392932224 ], [ 18.251012153657182, 45.952522392932224 ], [ 18.251012153657182, 45.951867105207874 ], [ 18.251121368277904, 45.951867105207874 ], [ 18.251121368277904, 45.951757890587153 ], [ 18.251230582898629, 45.951757890587153 ], [ 18.251230582898629, 45.952194749070046 ], [ 18.251121368277904, 45.952194749070046 ], [ 18.251121368277904, 45.952959251415116 ], [ 18.251230582898629, 45.952959251415116 ], [ 18.251230582898629, 45.953177680656566 ], [ 18.251339797519353, 45.953177680656566 ], [ 18.251339797519353, 45.953723753760187 ], [ 18.251449012140078, 45.953723753760187 ], [ 18.251449012140078, 45.953832968380915 ], [ 18.251558226760803, 45.953832968380915 ], [ 18.251558226760803, 45.953942183001637 ], [ 18.251667441381528, 45.953942183001637 ], [ 18.251667441381528, 45.954051397622358 ], [ 18.251776656002249, 45.954051397622358 ], [ 18.251776656002249, 45.954269826863808 ], [ 18.251885870622974, 45.954269826863808 ], [ 18.251885870622974, 45.954597470725979 ], [ 18.252104299864424, 45.954597470725979 ], [ 18.252104299864424, 45.954706685346707 ], [ 18.25254115834732, 45.954706685346707 ], [ 18.25254115834732, 45.954597470725979 ], [ 18.253087231450941, 45.954597470725979 ], [ 18.253087231450941, 45.954706685346707 ], [ 18.253414875313116, 45.954706685346707 ], [ 18.253414875313116, 45.954815899967429 ], [ 18.253633304554562, 45.954815899967429 ], [ 18.253633304554562, 45.954706685346707 ], [ 18.253742519175287, 45.954706685346707 ], [ 18.253742519175287, 45.954488256105257 ], [ 18.253851733796012, 45.954488256105257 ], [ 18.253851733796012, 45.953723753760187 ], [ 18.253742519175287, 45.953723753760187 ], [ 18.253742519175287, 45.953177680656566 ], [ 18.253633304554562, 45.953177680656566 ], [ 18.253633304554562, 45.952522392932224 ], [ 18.25352408993384, 45.952522392932224 ], [ 18.25352408993384, 45.951757890587153 ], [ 18.253414875313116, 45.951757890587153 ], [ 18.253414875313116, 45.951430246724975 ], [ 18.253305660692391, 45.951430246724975 ], [ 18.253305660692391, 45.951321032104254 ], [ 18.253196446071666, 45.951321032104254 ], [ 18.253196446071666, 45.951211817483532 ], [ 18.253305660692391, 45.951211817483532 ], [ 18.253305660692391, 45.951102602862804 ], [ 18.253414875313116, 45.951102602862804 ], [ 18.253414875313116, 45.950228885897012 ], [ 18.25352408993384, 45.950228885897012 ], [ 18.25352408993384, 45.950774959000633 ], [ 18.253633304554562, 45.950774959000633 ], [ 18.253633304554562, 45.951211817483532 ], [ 18.253742519175287, 45.951211817483532 ], [ 18.253742519175287, 45.951539461345703 ], [ 18.253851733796012, 45.951539461345703 ], [ 18.253851733796012, 45.952303963690774 ], [ 18.253960948416736, 45.952303963690774 ], [ 18.253960948416736, 45.952959251415116 ], [ 18.254070163037461, 45.952959251415116 ], [ 18.254070163037461, 45.953177680656566 ], [ 18.254179377658186, 45.953177680656566 ], [ 18.254179377658186, 45.953505324518737 ], [ 18.254288592278908, 45.953505324518737 ], [ 18.254288592278908, 45.953832968380915 ], [ 18.254397806899632, 45.953832968380915 ], [ 18.254397806899632, 45.954269826863808 ], [ 18.255162309244703, 45.954269826863808 ], [ 18.255162309244703, 45.954379041484536 ], [ 18.255380738486153, 45.954379041484536 ], [ 18.255380738486153, 45.954488256105257 ], [ 18.255489953106874, 45.954488256105257 ], [ 18.255489953106874, 45.954597470725979 ], [ 18.257892674762811, 45.954597470725979 ], [ 18.257892674762811, 45.954706685346707 ], [ 18.256254455451945, 45.954706685346707 ], [ 18.256254455451945, 45.954815899967429 ], [ 18.255489953106874, 45.954815899967429 ], [ 18.255489953106874, 45.954706685346707 ], [ 18.255271523865428, 45.954706685346707 ], [ 18.255271523865428, 45.954597470725979 ], [ 18.255162309244703, 45.954597470725979 ], [ 18.255162309244703, 45.954925114588157 ], [ 18.255271523865428, 45.954925114588157 ], [ 18.255271523865428, 45.955034329208878 ], [ 18.255380738486153, 45.955034329208878 ], [ 18.255380738486153, 45.95590804617467 ], [ 18.255053094623978, 45.95590804617467 ], [ 18.255053094623978, 45.956017260795399 ], [ 18.255162309244703, 45.956017260795399 ], [ 18.255162309244703, 45.95612647541612 ], [ 18.255489953106874, 45.95612647541612 ], [ 18.255489953106874, 45.956454119278291 ], [ 18.255708382348324, 45.956454119278291 ], [ 18.255708382348324, 45.95656333389902 ], [ 18.256036026210499, 45.95656333389902 ], [ 18.256036026210499, 45.956454119278291 ], [ 18.256254455451945, 45.956454119278291 ], [ 18.256254455451945, 45.95656333389902 ], [ 18.25636367007267, 45.95656333389902 ], [ 18.25636367007267, 45.956672548519741 ], [ 18.256472884693395, 45.956672548519741 ], [ 18.256472884693395, 45.956781763140469 ], [ 18.256582099314119, 45.956781763140469 ], [ 18.256582099314119, 45.956890977761191 ], [ 18.256800528555566, 45.956890977761191 ], [ 18.256800528555566, 45.957000192381919 ], [ 18.25712817241774, 45.957000192381919 ], [ 18.25712817241774, 45.95710940700264 ], [ 18.257346601659187, 45.95710940700264 ], [ 18.257346601659187, 45.957437050864812 ], [ 18.257237387038465, 45.957437050864812 ], [ 18.257237387038465, 45.95732783624409 ], [ 18.25712817241774, 45.95732783624409 ], [ 18.25712817241774, 45.957218621623362 ], [ 18.256909743176291, 45.957218621623362 ], [ 18.256909743176291, 45.95710940700264 ], [ 18.256472884693395, 45.95710940700264 ], [ 18.256472884693395, 45.957000192381919 ], [ 18.256254455451945, 45.957000192381919 ], [ 18.256254455451945, 45.956890977761191 ], [ 18.255817596969049, 45.956890977761191 ], [ 18.255817596969049, 45.957000192381919 ], [ 18.255599167727599, 45.957000192381919 ], [ 18.255599167727599, 45.956890977761191 ], [ 18.255489953106874, 45.956890977761191 ], [ 18.255489953106874, 45.956781763140469 ], [ 18.255380738486153, 45.956781763140469 ], [ 18.255380738486153, 45.95656333389902 ], [ 18.255271523865428, 45.95656333389902 ], [ 18.255271523865428, 45.956454119278291 ], [ 18.255162309244703, 45.956454119278291 ], [ 18.255162309244703, 45.95634490465757 ], [ 18.254943880003253, 45.95634490465757 ], [ 18.254943880003253, 45.956235690036848 ], [ 18.254725450761807, 45.956235690036848 ], [ 18.254725450761807, 45.95612647541612 ], [ 18.254397806899632, 45.95612647541612 ], [ 18.254397806899632, 45.956017260795399 ], [ 18.253960948416736, 45.956017260795399 ], [ 18.253960948416736, 45.95656333389902 ], [ 18.254070163037461, 45.95656333389902 ], [ 18.254070163037461, 45.957764694726983 ], [ 18.254179377658186, 45.957764694726983 ], [ 18.254179377658186, 45.958419982451332 ], [ 18.254070163037461, 45.958419982451332 ], [ 18.254070163037461, 45.959512128658574 ], [ 18.253851733796012, 45.959512128658574 ], [ 18.253851733796012, 45.959730557900023 ], [ 18.253633304554562, 45.959730557900023 ], [ 18.253633304554562, 45.959839772520745 ], [ 18.253414875313116, 45.959839772520745 ], [ 18.253414875313116, 45.959948987141473 ], [ 18.252868802209495, 45.959948987141473 ], [ 18.252868802209495, 45.959839772520745 ], [ 18.252213514485149, 45.959839772520745 ], [ 18.252213514485149, 45.959948987141473 ], [ 18.251995085243699, 45.959948987141473 ] ] ] } },
{ "type": "Feature", "properties": { "parcel_id": 89, "area_ha": 23.32, "pixels": 2332 }, "geometry": { "type": "Polygon", "coordinates": [ [ [ 18.27634994566521, 45.959948987141473 ], [ 18.27634994566521, 45.959730557900023 ], [ 18.276240731044485, 45.959730557900023 ], [ 18.276240731044485, 45.959512128658574 ], [ 18.276131516423764, 45.959512128658574 ], [ 18.276131516423764, 45.959293699417124 ], [ 18.276022301803039, 45.959293699417124 ], [ 18.276022301803039, 45.959184484796403 ], [ 18.275803872561589, 45.959184484796403 ], [ 18.275803872561589, 45.959075270175674 ], [ 18.274493297112897, 45.959075270175674 ], [ 18.274493297112897, 45.959184484796403 ], [ 18.273510365526381, 45.959184484796403 ], [ 18.273510365526381, 45.959075270175674 ], [ 18.273182721664206, 45.959075270175674 ], [ 18.273182721664206, 45.958966055554953 ], [ 18.27296429242276, 45.958966055554953 ], [ 18.27296429242276, 45.958856840934232 ], [ 18.27274586318131, 45.958856840934232 ], [ 18.27274586318131, 45.958747626313503 ], [ 18.27252743393986, 45.958747626313503 ], [ 18.27252743393986, 45.95754626548554 ], [ 18.272418219319139, 45.95754626548554 ], [ 18.272418219319139, 45.95732783624409 ], [ 18.272309004698414, 45.95732783624409 ], [ 18.272309004698414, 45.956672548519741 ], [ 18.272418219319139, 45.956672548519741 ], [ 18.272418219319139, 45.95634490465757 ], [ 18.27252743393986, 45.95634490465757 ], [ 18.27252743393986, 45.95612647541612 ], [ 18.272636648560585, 45.95612647541612 ], [ 18.272636648560585, 45.954488256105257 ], [ 18.27274586318131, 45.954488256105257 ], [ 18.27274586318131, 45.954160612243086 ], [ 18.272855077802035, 45.954160612243086 ], [ 18.272855077802035, 45.953942183001637 ], [ 18.273947224009277, 45.953942183001637 ], [ 18.273947224009277, 45.953832968380915 ], [ 18.276459160285935, 45.953832968380915 ], [ 18.276459160285935, 45.954379041484536 ], [ 18.27656837490666, 45.954379041484536 ], [ 18.27656837490666, 45.955580402312499 ], [ 18.276677589527385, 45.955580402312499 ], [ 18.276677589527385, 45.955689616933228 ], [ 18.277114448010281, 45.955689616933228 ], [ 18.277114448010281, 45.955580402312499 ], [ 18.277223662631005, 45.955580402312499 ], [ 18.277223662631005, 45.955361973071049 ], [ 18.27733287725173, 45.955361973071049 ], [ 18.27733287725173, 45.954925114588157 ], [ 18.277442091872455, 45.954925114588157 ], [ 18.277442091872455, 45.954815899967429 ], [ 18.277551306493176, 45.954815899967429 ], [ 18.277551306493176, 45.954706685346707 ], [ 18.277988164976076, 45.954706685346707 ], [ 18.277988164976076, 45.954815899967429 ], [ 18.278097379596797, 45.954815899967429 ], [ 18.278097379596797, 45.954925114588157 ], [ 18.278206594217522, 45.954925114588157 ], [ 18.278206594217522, 45.955034329208878 ], [ 18.278315808838247, 45.955034329208878 ], [ 18.278315808838247, 45.9551435438296 ], [ 18.278425023458972, 45.9551435438296 ], [ 18.278425023458972, 45.955252758450328 ], [ 18.278534238079697, 45.955252758450328 ], [ 18.278534238079697, 45.955361973071049 ], [ 18.278643452700422, 45.955361973071049 ], [ 18.278643452700422, 45.955471187691778 ], [ 18.278752667321143, 45.955471187691778 ], [ 18.278752667321143, 45.95656333389902 ], [ 18.278861881941868, 45.95656333389902 ], [ 18.278861881941868, 45.956672548519741 ], [ 18.282356749805047, 45.956672548519741 ], [ 18.282356749805047, 45.95656333389902 ], [ 18.283667325253738, 45.95656333389902 ], [ 18.283667325253738, 45.956672548519741 ], [ 18.283230466770839, 45.956672548519741 ], [ 18.283230466770839, 45.956781763140469 ], [ 18.282684393667218, 45.956781763140469 ], [ 18.282684393667218, 45.956890977761191 ], [ 18.282356749805047, 45.956890977761191 ], [ 18.282356749805047, 45.957000192381919 ], [ 18.281919891322147, 45.957000192381919 ], [ 18.281919891322147, 45.95710940700264 ], [ 18.281264603597801, 45.95710940700264 ], [ 18.281264603597801, 45.957218621623362 ], [ 18.281046174356355, 45.957218621623362 ], [ 18.281046174356355, 45.95732783624409 ], [ 18.280827745114905, 45.95732783624409 ], [ 18.280827745114905, 45.958092338589161 ], [ 18.280500101252734, 45.958092338589161 ], [ 18.280500101252734, 45.958310767830604 ], [ 18.280609315873459, 45.958310767830604 ], [ 18.280609315873459, 45.958419982451332 ], [ 18.28071853049418, 45.958419982451332 ], [ 18.28071853049418, 45.958747626313503 ], [ 18.280609315873459, 45.958747626313503 ], [ 18.280609315873459, 45.958856840934232 ], [ 18.280500101252734, 45.958856840934232 ], [ 18.280500101252734, 45.958966055554953 ], [ 18.280281672011284, 45.958966055554953 ], [ 18.280281672011284, 45.959075270175674 ], [ 18.279735598907664, 45.959075270175674 ], [ 18.279735598907664, 45.958966055554953 ], [ 18.279626384286939, 45.958966055554953 ], [ 18.279626384286939, 45.958856840934232 ], [ 18.279517169666214, 45.958856840934232 ], [ 18.279517169666214, 45.958310767830604 ], [ 18.279407955045489, 45.958310767830604 ], [ 18.279407955045489, 45.958201553209882 ], [ 18.279298740424768, 45.958201553209882 ], [ 18.279298740424768, 45.958092338589161 ], [ 18.279080311183318, 45.958092338589161 ], [ 18.279080311183318, 45.957983123968432 ], [ 18.278971096562593, 45.957983123968432 ], [ 18.278971096562593, 45.957873909347711 ], [ 18.278861881941868, 45.957873909347711 ], [ 18.278861881941868, 45.95754626548554 ], [ 18.278752667321143, 45.95754626548554 ], [ 18.278752667321143, 45.95732783624409 ], [ 18.278643452700422, 45.95732783624409 ], [ 18.278643452700422, 45.95710940700264 ], [ 18.278534238079697, 45.95710940700264 ], [ 18.278534238079697, 45.956781763140469 ], [ 18.278425023458972, 45.956781763140469 ], [ 18.278425023458972, 45.955471187691778 ], [ 18.278315808838247, 45.955471187691778 ], [ 18.278315808838247, 45.955361973071049 ], [ 18.278206594217522, 45.955361973071049 ], [ 18.278206594217522, 45.955252758450328 ], [ 18.278097379596797, 45.955252758450328 ], [ 18.278097379596797, 45.9551435438296 ], [ 18.277988164976076, 45.9551435438296 ], [ 18.277988164976076, 45.955034329208878 ], [ 18.277878950355351, 45.955034329208878 ], [ 18.277878950355351, 45.954925114588157 ], [ 18.277551306493176, 45.954925114588157 ], [ 18.277551306493176, 45.955580402312499 ], [ 18.277442091872455, 45.955580402312499 ], [ 18.277442091872455, 45.955689616933228 ], [ 18.27733287725173, 45.955689616933228 ], [ 18.27733287725173, 45.95590804617467 ], [ 18.277114448010281, 45.95590804617467 ], [ 18.277114448010281, 45.956017260795399 ], [ 18.276896018768831, 45.956017260795399 ], [ 18.276896018768831, 45.956235690036848 ], [ 18.276786804148109, 45.956235690036848 ], [ 18.276786804148109, 45.956781763140469 ], [ 18.276677589527385, 45.956781763140469 ], [ 18.276677589527385, 45.958419982451332 ], [ 18.276786804148109, 45.958419982451332 ], [ 18.276786804148109, 45.958747626313503 ], [ 18.276677589527385, 45.958747626313503 ], [ 18.276677589527385, 45.959075270175674 ], [ 18.27656837490666, 45.959075270175674 ], [ 18.27656837490666, 45.959184484796403 ], [ 18.276459160285935, 45.959184484796403 ], [ 18.276459160285935, 45.959730557900023 ], [ 18.27656837490666, 45.959730557900023 ], [ 18.27656837490666, 45.959839772520745 ], [ 18.277442091872455, 45.959839772520745 ], [ 18.277442091872455, 45.959948987141473 ], [ 18.27634994566521, 45.959948987141473 ] ] ] } },
{ "type": "Feature", "properties": { "parcel_id": 90, "area_ha": 15.63, "pixels": 1563 }, "geometry": { "type": "Polygon", "coordinates": [ [ [ 18.236049750617955, 45.959839772520745 ], [ 18.236049750617955, 45.956672548519741 ], [ 18.235940535997234, 45.956672548519741 ], [ 18.235940535997234, 45.95634490465757 ], [ 18.235831321376509, 45.95634490465757 ], [ 18.235831321376509, 45.953942183001637 ], [ 18.235722106755784, 45.953942183001637 ], [ 18.235722106755784, 45.953286895277287 ], [ 18.235831321376509, 45.953286895277287 ], [ 18.235831321376509, 45.950556529759183 ], [ 18.235940535997234, 45.950556529759183 ], [ 18.235940535997234, 45.950119671276283 ], [ 18.235831321376509, 45.950119671276283 ], [ 18.235831321376509, 45.94771694962035 ], [ 18.235940535997234, 45.94771694962035 ], [ 18.235940535997234, 45.94891831044832 ], [ 18.236049750617955, 45.94891831044832 ], [ 18.236049750617955, 45.949464383551941 ], [ 18.23615896523868, 45.949464383551941 ], [ 18.23615896523868, 45.949792027414112 ], [ 18.236268179859405, 45.949792027414112 ], [ 18.236268179859405, 45.949901242034841 ], [ 18.236486609100854, 45.949901242034841 ], [ 18.236486609100854, 45.950338100517733 ], [ 18.236595823721576, 45.950338100517733 ], [ 18.236595823721576, 45.950665744379911 ], [ 18.236486609100854, 45.950665744379911 ], [ 18.236486609100854, 45.950774959000633 ], [ 18.236268179859405, 45.950774959000633 ], [ 18.236268179859405, 45.951539461345703 ], [ 18.23615896523868, 45.951539461345703 ], [ 18.23615896523868, 45.953286895277287 ], [ 18.236049750617955, 45.953286895277287 ], [ 18.236049750617955, 45.953832968380915 ], [ 18.23615896523868, 45.953832968380915 ], [ 18.23615896523868, 45.954160612243086 ], [ 18.236268179859405, 45.954160612243086 ], [ 18.236268179859405, 45.954051397622358 ], [ 18.23637739448013, 45.954051397622358 ], [ 18.23637739448013, 45.953832968380915 ], [ 18.236486609100854, 45.953832968380915 ], [ 18.236486609100854, 45.953723753760187 ], [ 18.236705038342301, 45.953723753760187 ], [ 18.236705038342301, 45.953614539139465 ], [ 18.236814252963025, 45.953614539139465 ], [ 18.236814252963025, 45.953505324518737 ], [ 18.23692346758375, 45.953505324518737 ], [ 18.23692346758375, 45.953396109898016 ], [ 18.237032682204475, 45.953396109898016 ], [ 18.237032682204475, 45.953177680656566 ], [ 18.2371418968252, 45.953177680656566 ], [ 18.2371418968252, 45.953723753760187 ], [ 18.237032682204475, 45.953723753760187 ], [ 18.237032682204475, 45.953832968380915 ], [ 18.23692346758375, 45.953832968380915 ], [ 18.23692346758375, 45.954051397622358 ], [ 18.237032682204475, 45.954051397622358 ], [ 18.237032682204475, 45.954160612243086 ], [ 18.237469540687371, 45.954160612243086 ], [ 18.237469540687371, 45.954269826863808 ], [ 18.237578755308096, 45.954269826863808 ], [ 18.237578755308096, 45.954160612243086 ], [ 18.238670901515338, 45.954160612243086 ], [ 18.238670901515338, 45.954269826863808 ], [ 18.238780116136063, 45.954269826863808 ], [ 18.238780116136063, 45.954379041484536 ], [ 18.238998545377513, 45.954379041484536 ], [ 18.238998545377513, 45.954488256105257 ], [ 18.239216974618959, 45.954488256105257 ], [ 18.239216974618959, 45.954597470725979 ], [ 18.239435403860409, 45.954597470725979 ], [ 18.239435403860409, 45.954815899967429 ], [ 18.239544618481133, 45.954815899967429 ], [ 18.239544618481133, 45.954925114588157 ], [ 18.240199906205479, 45.954925114588157 ], [ 18.240199906205479, 45.955580402312499 ], [ 18.240090691584754, 45.955580402312499 ], [ 18.240090691584754, 45.95590804617467 ], [ 18.239981476964029, 45.95590804617467 ], [ 18.239981476964029, 45.956235690036848 ], [ 18.239872262343304, 45.956235690036848 ], [ 18.239872262343304, 45.956454119278291 ], [ 18.23976304772258, 45.956454119278291 ], [ 18.23976304772258, 45.957000192381919 ], [ 18.239653833101858, 45.957000192381919 ], [ 18.239653833101858, 45.95710940700264 ], [ 18.238670901515338, 45.95710940700264 ], [ 18.238670901515338, 45.957218621623362 ], [ 18.238561686894613, 45.957218621623362 ], [ 18.238561686894613, 45.95732783624409 ], [ 18.238452472273892, 45.95732783624409 ], [ 18.238452472273892, 45.95754626548554 ], [ 18.238343257653167, 45.95754626548554 ], [ 18.238343257653167, 45.957873909347711 ], [ 18.238234043032442, 45.957873909347711 ], [ 18.238234043032442, 45.958310767830604 ], [ 18.238124828411717, 45.958310767830604 ], [ 18.238124828411717, 45.958747626313503 ], [ 18.238015613790992, 45.958747626313503 ], [ 18.238015613790992, 45.959075270175674 ], [ 18.237906399170267, 45.959075270175674 ], [ 18.237906399170267, 45.959730557900023 ], [ 18.237797184549546, 45.959730557900023 ], [ 18.237797184549546, 45.959402914037852 ], [ 18.237687969928821, 45.959402914037852 ], [ 18.237687969928821, 45.959184484796403 ], [ 18.237578755308096, 45.959184484796403 ], [ 18.237578755308096, 45.959075270175674 ], [ 18.23637739448013, 45.959075270175674 ], [ 18.23637739448013, 45.959293699417124 ], [ 18.236268179859405, 45.959293699417124 ], [ 18.236268179859405, 45.959512128658574 ], [ 18.23615896523868, 45.959512128658574 ], [ 18.23615896523868, 45.959839772520745 ], [ 18.236049750617955, 45.959839772520745 ] ] ] } },
{ "type": "Feature", "properties": { "parcel_id": 91, "area_ha": 10.65, "pixels": 1065 }, "geometry": { "type": "Polygon", "coordinates": [ [ [ 18.287380622358363, 45.959839772520745 ], [ 18.287380622358363, 45.959730557900023 ], [ 18.287271407737638, 45.959730557900023 ], [ 18.287271407737638, 45.958747626313503 ], [ 18.287380622358363, 45.958747626313503 ], [ 18.287380622358363, 45.958092338589161 ], [ 18.287271407737638, 45.958092338589161 ], [ 18.287271407737638, 45.956672548519741 ], [ 18.287380622358363, 45.956672548519741 ], [ 18.287380622358363, 45.953614539139465 ], [ 18.287489836979088, 45.953614539139465 ], [ 18.287489836979088, 45.953505324518737 ], [ 18.2893464855314, 45.953505324518737 ], [ 18.2893464855314, 45.959839772520745 ], [ 18.287380622358363, 45.959839772520745 ] ] ] } },
{ "type": "Feature", "properties": { "parcel_id": 92, "area_ha": 21.02, "pixels": 2102 }, "geometry": { "type": "Polygon", "coordinates": [ [ [ 18.251776656002249, 45.959512128658574 ], [ 18.251776656002249, 45.959402914037852 ], [ 18.250247651312112, 45.959402914037852 ], [ 18.250247651312112, 45.959293699417124 ], [ 18.250138436691387, 45.959293699417124 ], [ 18.250138436691387, 45.959184484796403 ], [ 18.250029222070662, 45.959184484796403 ], [ 18.250029222070662, 45.958747626313503 ], [ 18.249920007449937, 45.958747626313503 ], [ 18.249920007449937, 45.958638411692782 ], [ 18.249701578208491, 45.958638411692782 ], [ 18.249701578208491, 45.958529197072053 ], [ 18.249592363587766, 45.958529197072053 ], [ 18.249592363587766, 45.958638411692782 ], [ 18.248827861242695, 45.958638411692782 ], [ 18.248827861242695, 45.958529197072053 ], [ 18.246206710345312, 45.958529197072053 ], [ 18.246206710345312, 45.958310767830604 ], [ 18.246097495724587, 45.958310767830604 ], [ 18.246097495724587, 45.956672548519741 ], [ 18.245879066483141, 45.956672548519741 ], [ 18.245879066483141, 45.956781763140469 ], [ 18.245442208000242, 45.956781763140469 ], [ 18.245442208000242, 45.956672548519741 ], [ 18.244350061793, 45.956672548519741 ], [ 18.244350061793, 45.95656333389902 ], [ 18.244131632551554, 45.95656333389902 ], [ 18.244131632551554, 45.953942183001637 ], [ 18.244022417930829, 45.953942183001637 ], [ 18.244022417930829, 45.952850036794395 ], [ 18.243913203310104, 45.952850036794395 ], [ 18.243913203310104, 45.951976319828603 ], [ 18.244022417930829, 45.951976319828603 ], [ 18.244022417930829, 45.951757890587153 ], [ 18.244131632551554, 45.951757890587153 ], [ 18.244131632551554, 45.951648675966425 ], [ 18.244240847172275, 45.951648675966425 ], [ 18.244240847172275, 45.951102602862804 ], [ 18.244131632551554, 45.951102602862804 ], [ 18.244131632551554, 45.950665744379911 ], [ 18.244240847172275, 45.950665744379911 ], [ 18.244240847172275, 45.950447315138462 ], [ 18.244350061793, 45.950447315138462 ], [ 18.244350061793, 45.950338100517733 ], [ 18.245660637241691, 45.950338100517733 ], [ 18.245660637241691, 45.950447315138462 ], [ 18.245769851862416, 45.950447315138462 ], [ 18.245769851862416, 45.950556529759183 ], [ 18.245879066483141, 45.950556529759183 ], [ 18.245879066483141, 45.951757890587153 ], [ 18.24533299337952, 45.951757890587153 ], [ 18.24533299337952, 45.951867105207874 ], [ 18.245114564138071, 45.951867105207874 ], [ 18.245114564138071, 45.952194749070046 ], [ 18.245223778758795, 45.952194749070046 ], [ 18.245223778758795, 45.952303963690774 ], [ 18.245879066483141, 45.952303963690774 ], [ 18.245879066483141, 45.952194749070046 ], [ 18.246534354207487, 45.952194749070046 ], [ 18.246534354207487, 45.952303963690774 ], [ 18.246861998069658, 45.952303963690774 ], [ 18.246861998069658, 45.952631607552945 ], [ 18.246971212690383, 45.952631607552945 ], [ 18.246971212690383, 45.952740822173666 ], [ 18.247080427311108, 45.952740822173666 ], [ 18.247080427311108, 45.952850036794395 ], [ 18.247189641931833, 45.952850036794395 ], [ 18.247189641931833, 45.953068466035845 ], [ 18.247298856552554, 45.953068466035845 ], [ 18.247298856552554, 45.953396109898016 ], [ 18.247408071173279, 45.953396109898016 ], [ 18.247408071173279, 45.953614539139465 ], [ 18.247517285794004, 45.953614539139465 ], [ 18.247517285794004, 45.954051397622358 ], [ 18.247408071173279, 45.954051397622358 ], [ 18.247408071173279, 45.954269826863808 ], [ 18.247298856552554, 45.954269826863808 ], [ 18.247298856552554, 45.954379041484536 ], [ 18.247517285794004, 45.954379041484536 ], [ 18.247517285794004, 45.954269826863808 ], [ 18.247626500414729, 45.954269826863808 ], [ 18.247626500414729, 45.954160612243086 ], [ 18.247735715035454, 45.954160612243086 ], [ 18.247735715035454, 45.954269826863808 ], [ 18.2479541442769, 45.954269826863808 ], [ 18.2479541442769, 45.954379041484536 ], [ 18.248391002759799, 45.954379041484536 ], [ 18.248391002759799, 45.954488256105257 ], [ 18.248827861242695, 45.954488256105257 ], [ 18.248827861242695, 45.954597470725979 ], [ 18.249264719725591, 45.954597470725979 ], [ 18.249264719725591, 45.954706685346707 ], [ 18.249483148967041, 45.954706685346707 ], [ 18.249483148967041, 45.954815899967429 ], [ 18.249373934346316, 45.954815899967429 ], [ 18.249373934346316, 45.955034329208878 ], [ 18.249264719725591, 45.955034329208878 ], [ 18.249264719725591, 45.955252758450328 ], [ 18.249373934346316, 45.955252758450328 ], [ 18.249373934346316, 45.955361973071049 ], [ 18.249592363587766, 45.955361973071049 ], [ 18.249592363587766, 45.955471187691778 ], [ 18.249810792829212, 45.955471187691778 ], [ 18.249810792829212, 45.955580402312499 ], [ 18.249920007449937, 45.955580402312499 ], [ 18.249920007449937, 45.955689616933228 ], [ 18.250029222070662, 45.955689616933228 ], [ 18.250029222070662, 45.95612647541612 ], [ 18.250138436691387, 45.95612647541612 ], [ 18.250138436691387, 45.956235690036848 ], [ 18.250247651312112, 45.956235690036848 ], [ 18.250247651312112, 45.95612647541612 ], [ 18.250466080553558, 45.95612647541612 ], [ 18.250466080553558, 45.956017260795399 ], [ 18.250575295174283, 45.956017260795399 ], [ 18.250575295174283, 45.95590804617467 ], [ 18.251230582898629, 45.95590804617467 ], [ 18.251230582898629, 45.956017260795399 ], [ 18.251339797519353, 45.956017260795399 ], [ 18.251339797519353, 45.95612647541612 ], [ 18.251449012140078, 45.95612647541612 ], [ 18.251449012140078, 45.956235690036848 ], [ 18.251667441381528, 45.956235690036848 ], [ 18.251667441381528, 45.95634490465757 ], [ 18.25232272910587, 45.95634490465757 ], [ 18.25232272910587, 45.956454119278291 ], [ 18.253305660692391, 45.956454119278291 ], [ 18.253305660692391, 45.95656333389902 ], [ 18.253414875313116, 45.95656333389902 ], [ 18.253414875313116, 45.956672548519741 ], [ 18.25352408993384, 45.956672548519741 ], [ 18.25352408993384, 45.957764694726983 ], [ 18.253633304554562, 45.957764694726983 ], [ 18.253633304554562, 45.958638411692782 ], [ 18.25352408993384, 45.958638411692782 ], [ 18.25352408993384, 45.959075270175674 ], [ 18.253414875313116, 45.959075270175674 ], [ 18.253414875313116, 45.959293699417124 ], [ 18.253305660692391, 45.959293699417124 ], [ 18.253305660692391, 45.959402914037852 ], [ 18.25232272910587, 45.959402914037852 ], [ 18.25232272910587, 45.959512128658574 ], [ 18.251776656002249, 45.959512128658574 ] ] ] } },
{ "type": "Feature", "properties": { "parcel_id": 93, "area_ha": 16.02, "pixels": 1602 }, "geometry": { "type": "Polygon", "coordinates": [ [ [ 18.261278328005261, 45.959512128658574 ], [ 18.261278328005261, 45.959293699417124 ], [ 18.261169113384536, 45.959293699417124 ], [ 18.261169113384536, 45.959075270175674 ], [ 18.261059898763815, 45.959075270175674 ], [ 18.261059898763815, 45.957983123968432 ], [ 18.26095068414309, 45.957983123968432 ], [ 18.26095068414309, 45.957873909347711 ], [ 18.26073225490164, 45.957873909347711 ], [ 18.26073225490164, 45.957764694726983 ], [ 18.259749323315123, 45.957764694726983 ], [ 18.259749323315123, 45.957655480106261 ], [ 18.259312464832224, 45.957655480106261 ], [ 18.259312464832224, 45.957764694726983 ], [ 18.258111104004257, 45.957764694726983 ], [ 18.258111104004257, 45.957873909347711 ], [ 18.258001889383532, 45.957873909347711 ], [ 18.258001889383532, 45.957764694726983 ], [ 18.257674245521361, 45.957764694726983 ], [ 18.257674245521361, 45.957655480106261 ], [ 18.257565030900636, 45.957655480106261 ], [ 18.257565030900636, 45.95754626548554 ], [ 18.257346601659187, 45.95754626548554 ], [ 18.257346601659187, 45.95710940700264 ], [ 18.25712817241774, 45.95710940700264 ], [ 18.25712817241774, 45.957000192381919 ], [ 18.256800528555566, 45.957000192381919 ], [ 18.256800528555566, 45.956890977761191 ], [ 18.256582099314119, 45.956890977761191 ], [ 18.256582099314119, 45.956781763140469 ], [ 18.256472884693395, 45.956781763140469 ], [ 18.256472884693395, 45.956672548519741 ], [ 18.25636367007267, 45.956672548519741 ], [ 18.25636367007267, 45.95656333389902 ], [ 18.256254455451945, 45.95656333389902 ], [ 18.256254455451945, 45.956454119278291 ], [ 18.256036026210499, 45.956454119278291 ], [ 18.256036026210499, 45.95656333389902 ], [ 18.255708382348324, 45.95656333389902 ], [ 18.255708382348324, 45.956454119278291 ], [ 18.255489953106874, 45.956454119278291 ], [ 18.255489953106874, 45.95612647541612 ], [ 18.255162309244703, 45.95612647541612 ], [ 18.255162309244703, 45.956017260795399 ], [ 18.255053094623978, 45.956017260795399 ], [ 18.255053094623978, 45.95590804617467 ], [ 18.255380738486153, 45.95590804617467 ], [ 18.255380738486153, 45.955034329208878 ], [ 18.255271523865428, 45.955034329208878 ], [ 18.255271523865428, 45.954925114588157 ], [ 18.255162309244703, 45.954925114588157 ], [ 18.255162309244703, 45.954597470725979 ], [ 18.255271523865428, 45.954597470725979 ], [ 18.255271523865428, 45.954706685346707 ], [ 18.255489953106874, 45.954706685346707 ], [ 18.255489953106874, 45.954815899967429 ], [ 18.256254455451945, 45.954815899967429 ], [ 18.256254455451945, 45.954706685346707 ], [ 18.257892674762811, 45.954706685346707 ], [ 18.257892674762811, 45.954488256105257 ], [ 18.258766391728603, 45.954488256105257 ], [ 18.258766391728603, 45.954379041484536 ], [ 18.259640108694398, 45.954379041484536 ], [ 18.259640108694398, 45.954488256105257 ], [ 18.25996775255657, 45.954488256105257 ], [ 18.25996775255657, 45.954379041484536 ], [ 18.262042830350332, 45.954379041484536 ], [ 18.262042830350332, 45.954269826863808 ], [ 18.262261259591781, 45.954269826863808 ], [ 18.262261259591781, 45.954597470725979 ], [ 18.261824401108882, 45.954597470725979 ], [ 18.261824401108882, 45.954706685346707 ], [ 18.261605971867436, 45.954706685346707 ], [ 18.261605971867436, 45.954815899967429 ], [ 18.261824401108882, 45.954815899967429 ], [ 18.261824401108882, 45.954925114588157 ], [ 18.262152044971057, 45.954925114588157 ], [ 18.262152044971057, 45.955034329208878 ], [ 18.262261259591781, 45.955034329208878 ], [ 18.262261259591781, 45.955361973071049 ], [ 18.262152044971057, 45.955361973071049 ], [ 18.262152044971057, 45.955471187691778 ], [ 18.262042830350332, 45.955471187691778 ], [ 18.262042830350332, 45.955580402312499 ], [ 18.261933615729607, 45.955580402312499 ], [ 18.261933615729607, 45.955689616933228 ], [ 18.261605971867436, 45.955689616933228 ], [ 18.261605971867436, 45.955798831553949 ], [ 18.261387542625986, 45.955798831553949 ], [ 18.261387542625986, 45.95590804617467 ], [ 18.261169113384536, 45.95590804617467 ], [ 18.261169113384536, 45.956017260795399 ], [ 18.261059898763815, 45.956017260795399 ], [ 18.261059898763815, 45.95612647541612 ], [ 18.26095068414309, 45.95612647541612 ], [ 18.26095068414309, 45.956781763140469 ], [ 18.261169113384536, 45.956781763140469 ], [ 18.261169113384536, 45.956672548519741 ], [ 18.261278328005261, 45.956672548519741 ], [ 18.261278328005261, 45.95656333389902 ], [ 18.261387542625986, 45.95656333389902 ], [ 18.261387542625986, 45.956454119278291 ], [ 18.261496757246711, 45.956454119278291 ], [ 18.261496757246711, 45.956672548519741 ], [ 18.261387542625986, 45.956672548519741 ], [ 18.261387542625986, 45.95710940700264 ], [ 18.261496757246711, 45.95710940700264 ], [ 18.261496757246711, 45.95732783624409 ], [ 18.261605971867436, 45.95732783624409 ], [ 18.261605971867436, 45.957873909347711 ], [ 18.261715186488161, 45.957873909347711 ], [ 18.261715186488161, 45.959293699417124 ], [ 18.261605971867436, 45.959293699417124 ], [ 18.261605971867436, 45.959512128658574 ], [ 18.261278328005261, 45.959512128658574 ] ] ] } },
{ "type": "Feature", "properties": { "parcel_id": 94, "area_ha": 13.34, "pixels": 1334 }, "geometry": { "type": "Polygon", "coordinates": [ [ [ 18.250466080553558, 45.959293699417124 ], [ 18.250466080553558, 45.959184484796403 ], [ 18.250247651312112, 45.959184484796403 ], [ 18.250247651312112, 45.958638411692782 ], [ 18.250138436691387, 45.958638411692782 ], [ 18.250138436691387, 45.958419982451332 ], [ 18.250029222070662, 45.958419982451332 ], [ 18.250029222070662, 45.958310767830604 ], [ 18.249701578208491, 45.958310767830604 ], [ 18.249701578208491, 45.958419982451332 ], [ 18.246534354207487, 45.958419982451332 ], [ 18.246534354207487, 45.958310767830604 ], [ 18.246206710345312, 45.958310767830604 ], [ 18.246206710345312, 45.956890977761191 ], [ 18.246315924966037, 45.956890977761191 ], [ 18.246315924966037, 45.95634490465757 ], [ 18.246425139586762, 45.95634490465757 ], [ 18.246425139586762, 45.955580402312499 ], [ 18.246534354207487, 45.955580402312499 ], [ 18.246534354207487, 45.955361973071049 ], [ 18.246861998069658, 45.955361973071049 ], [ 18.246861998069658, 45.955471187691778 ], [ 18.247517285794004, 45.955471187691778 ], [ 18.247517285794004, 45.955361973071049 ], [ 18.247626500414729, 45.955361973071049 ], [ 18.247626500414729, 45.955252758450328 ], [ 18.2479541442769, 45.955252758450328 ], [ 18.2479541442769, 45.9551435438296 ], [ 18.248281788139074, 45.9551435438296 ], [ 18.248281788139074, 45.955252758450328 ], [ 18.249046290484145, 45.955252758450328 ], [ 18.249046290484145, 45.955361973071049 ], [ 18.249264719725591, 45.955361973071049 ], [ 18.249264719725591, 45.955471187691778 ], [ 18.249483148967041, 45.955471187691778 ], [ 18.249483148967041, 45.955580402312499 ], [ 18.249701578208491, 45.955580402312499 ], [ 18.249701578208491, 45.95590804617467 ], [ 18.249810792829212, 45.95590804617467 ], [ 18.249810792829212, 45.956781763140469 ], [ 18.249701578208491, 45.956781763140469 ], [ 18.249701578208491, 45.95710940700264 ], [ 18.249810792829212, 45.95710940700264 ], [ 18.249810792829212, 45.95754626548554 ], [ 18.249920007449937, 45.95754626548554 ], [ 18.249920007449937, 45.957764694726983 ], [ 18.250029222070662, 45.957764694726983 ], [ 18.250029222070662, 45.957655480106261 ], [ 18.250356865932837, 45.957655480106261 ], [ 18.250356865932837, 45.95754626548554 ], [ 18.251339797519353, 45.95754626548554 ], [ 18.251339797519353, 45.957655480106261 ], [ 18.251776656002249, 45.957655480106261 ], [ 18.251776656002249, 45.95754626548554 ], [ 18.25232272910587, 45.95754626548554 ], [ 18.25232272910587, 45.957655480106261 ], [ 18.253196446071666, 45.957655480106261 ], [ 18.253196446071666, 45.957764694726983 ], [ 18.253305660692391, 45.957764694726983 ], [ 18.253305660692391, 45.957983123968432 ], [ 18.253414875313116, 45.957983123968432 ], [ 18.253414875313116, 45.958529197072053 ], [ 18.253305660692391, 45.958529197072053 ], [ 18.253305660692391, 45.958856840934232 ], [ 18.253196446071666, 45.958856840934232 ], [ 18.253196446071666, 45.959075270175674 ], [ 18.252978016830216, 45.959075270175674 ], [ 18.252978016830216, 45.959184484796403 ], [ 18.25232272910587, 45.959184484796403 ], [ 18.25232272910587, 45.959293699417124 ], [ 18.251776656002249, 45.959293699417124 ], [ 18.251776656002249, 45.959184484796403 ], [ 18.251012153657182, 45.959184484796403 ], [ 18.251012153657182, 45.959293699417124 ], [ 18.250466080553558, 45.959293699417124 ] ] ] } },
{ "type": "Feature", "properties": { "parcel_id": 95, "area_ha": 30.14, "pixels": 3014 }, "geometry": { "type": "Polygon", "coordinates": [ [ [ 18.272418219319139, 45.958747626313503 ], [ 18.272418219319139, 45.958638411692782 ], [ 18.271981360836239, 45.958638411692782 ], [ 18.271981360836239, 45.958529197072053 ], [ 18.271435287732618, 45.958529197072053 ], [ 18.271435287732618, 45.958419982451332 ], [ 18.270780000008273, 45.958419982451332 ], [ 18.270780000008273, 45.958310767830604 ], [ 18.270343141525377, 45.958310767830604 ], [ 18.270343141525377, 45.958201553209882 ], [ 18.270124712283927, 45.958201553209882 ], [ 18.270124712283927, 45.958092338589161 ], [ 18.269687853801031, 45.958092338589161 ], [ 18.269687853801031, 45.957983123968432 ], [ 18.269360209938856, 45.957983123968432 ], [ 18.269360209938856, 45.957873909347711 ], [ 18.26914178069741, 45.957873909347711 ], [ 18.26914178069741, 45.957764694726983 ], [ 18.268049634490165, 45.957764694726983 ], [ 18.268049634490165, 45.957655480106261 ], [ 18.267721990627994, 45.957655480106261 ], [ 18.267721990627994, 45.95754626548554 ], [ 18.267066702903648, 45.95754626548554 ], [ 18.267066702903648, 45.957218621623362 ], [ 18.267175917524373, 45.957218621623362 ], [ 18.267175917524373, 45.957000192381919 ], [ 18.267285132145098, 45.957000192381919 ], [ 18.267285132145098, 45.956454119278291 ], [ 18.267394346765823, 45.956454119278291 ], [ 18.267394346765823, 45.955798831553949 ], [ 18.267503561386544, 45.955798831553949 ], [ 18.267503561386544, 45.955361973071049 ], [ 18.267612776007269, 45.955361973071049 ], [ 18.267612776007269, 45.955034329208878 ], [ 18.267721990627994, 45.955034329208878 ], [ 18.267721990627994, 45.954706685346707 ], [ 18.267831205248719, 45.954706685346707 ], [ 18.267831205248719, 45.954269826863808 ], [ 18.267940419869444, 45.954269826863808 ], [ 18.267940419869444, 45.954051397622358 ], [ 18.268268063731615, 45.954051397622358 ], [ 18.268268063731615, 45.954160612243086 ], [ 18.268704922214511, 45.954160612243086 ], [ 18.268704922214511, 45.954051397622358 ], [ 18.270670785387548, 45.954051397622358 ], [ 18.270670785387548, 45.953942183001637 ], [ 18.271762931594793, 45.953942183001637 ], [ 18.271762931594793, 45.953832968380915 ], [ 18.273401150905656, 45.953832968380915 ], [ 18.273401150905656, 45.953723753760187 ], [ 18.271216858491169, 45.953723753760187 ], [ 18.271216858491169, 45.953832968380915 ], [ 18.270561570766823, 45.953832968380915 ], [ 18.270561570766823, 45.953723753760187 ], [ 18.268595707593789, 45.953723753760187 ], [ 18.268595707593789, 45.952959251415116 ], [ 18.268704922214511, 45.952959251415116 ], [ 18.268704922214511, 45.952413178311495 ], [ 18.268814136835235, 45.952413178311495 ], [ 18.268814136835235, 45.952085534449324 ], [ 18.26892335145596, 45.952085534449324 ], [ 18.26892335145596, 45.951757890587153 ], [ 18.269032566076685, 45.951757890587153 ], [ 18.269032566076685, 45.951539461345703 ], [ 18.26914178069741, 45.951539461345703 ], [ 18.26914178069741, 45.951321032104254 ], [ 18.269250995318135, 45.951321032104254 ], [ 18.269250995318135, 45.950556529759183 ], [ 18.269360209938856, 45.950556529759183 ], [ 18.269360209938856, 45.950338100517733 ], [ 18.269469424559581, 45.950338100517733 ], [ 18.269469424559581, 45.950228885897012 ], [ 18.269687853801031, 45.950228885897012 ], [ 18.269687853801031, 45.950119671276283 ], [ 18.269906283042481, 45.950119671276283 ], [ 18.269906283042481, 45.950010456655562 ], [ 18.270452356146102, 45.950010456655562 ], [ 18.270452356146102, 45.949901242034841 ], [ 18.271216858491169, 45.949901242034841 ], [ 18.271216858491169, 45.949792027414112 ], [ 18.271653716974068, 45.949792027414112 ], [ 18.271653716974068, 45.949682812793391 ], [ 18.272199790077689, 45.949682812793391 ], [ 18.272199790077689, 45.949573598172663 ], [ 18.27252743393986, 45.949573598172663 ], [ 18.27252743393986, 45.949464383551941 ], [ 18.272855077802035, 45.949464383551941 ], [ 18.272855077802035, 45.94935516893122 ], [ 18.275585443320139, 45.94935516893122 ], [ 18.275585443320139, 45.949245954310491 ], [ 18.276459160285935, 45.949245954310491 ], [ 18.276459160285935, 45.94913673968977 ], [ 18.276786804148109, 45.94913673968977 ], [ 18.276786804148109, 45.949027525069042 ], [ 18.277551306493176, 45.949027525069042 ], [ 18.277551306493176, 45.94891831044832 ], [ 18.277878950355351, 45.94891831044832 ], [ 18.277878950355351, 45.948809095827599 ], [ 18.277988164976076, 45.948809095827599 ], [ 18.277988164976076, 45.948699881206871 ], [ 18.278752667321143, 45.948699881206871 ], [ 18.278752667321143, 45.948590666586149 ], [ 18.279080311183318, 45.948590666586149 ], [ 18.279080311183318, 45.948481451965421 ], [ 18.279298740424768, 45.948481451965421 ], [ 18.279298740424768, 45.948372237344699 ], [ 18.279735598907664, 45.948372237344699 ], [ 18.279735598907664, 45.948263022723971 ], [ 18.280063242769835, 45.948263022723971 ], [ 18.280063242769835, 45.94815380810325 ], [ 18.280281672011284, 45.94815380810325 ], [ 18.280281672011284, 45.948044593482528 ], [ 18.280390886632009, 45.948044593482528 ], [ 18.280390886632009, 45.9479353788618 ], [ 18.280500101252734, 45.9479353788618 ], [ 18.280500101252734, 45.947826164241079 ], [ 18.28093695973563, 45.947826164241079 ], [ 18.28093695973563, 45.94771694962035 ], [ 18.28115538897708, 45.94771694962035 ], [ 18.28115538897708, 45.947607734999629 ], [ 18.281373818218526, 45.947607734999629 ], [ 18.281373818218526, 45.947498520378907 ], [ 18.281701462080701, 45.947498520378907 ], [ 18.281701462080701, 45.947389305758179 ], [ 18.281810676701426, 45.947389305758179 ], [ 18.281810676701426, 45.947280091137458 ], [ 18.282029105942872, 45.947280091137458 ], [ 18.282029105942872, 45.947170876516729 ], [ 18.282138320563597, 45.947170876516729 ], [ 18.282138320563597, 45.947061661896008 ], [ 18.282465964425771, 45.947061661896008 ], [ 18.282465964425771, 45.946952447275287 ], [ 18.282575179046493, 45.946952447275287 ], [ 18.282575179046493, 45.946843232654558 ], [ 18.282793608287943, 45.946843232654558 ], [ 18.282793608287943, 45.946734018033837 ], [ 18.282902822908667, 45.946734018033837 ], [ 18.282902822908667, 45.946624803413108 ], [ 18.283012037529392, 45.946624803413108 ], [ 18.283012037529392, 45.946515588792387 ], [ 18.284104183736634, 45.946515588792387 ], [ 18.284104183736634, 45.946406374171659 ], [ 18.286397690771842, 45.946406374171659 ], [ 18.286397690771842, 45.946515588792387 ], [ 18.284868686081705, 45.946515588792387 ], [ 18.284868686081705, 45.946624803413108 ], [ 18.284104183736634, 45.946624803413108 ], [ 18.284104183736634, 45.946734018033837 ], [ 18.283448896012288, 45.946734018033837 ], [ 18.283448896012288, 45.946843232654558 ], [ 18.283012037529392, 45.946843232654558 ], [ 18.283012037529392, 45.946952447275287 ], [ 18.282793608287943, 45.946952447275287 ], [ 18.282793608287943, 45.947061661896008 ], [ 18.282575179046493, 45.947061661896008 ], [ 18.282575179046493, 45.947170876516729 ], [ 18.282465964425771, 45.947170876516729 ], [ 18.282465964425771, 45.947389305758179 ], [ 18.282356749805047, 45.947389305758179 ], [ 18.282356749805047, 45.947498520378907 ], [ 18.282138320563597, 45.947498520378907 ], [ 18.282138320563597, 45.947389305758179 ], [ 18.282029105942872, 45.947389305758179 ], [ 18.282029105942872, 45.947498520378907 ], [ 18.281919891322147, 45.947498520378907 ], [ 18.281919891322147, 45.947607734999629 ], [ 18.281701462080701, 45.947607734999629 ], [ 18.281701462080701, 45.94771694962035 ], [ 18.281483032839251, 45.94771694962035 ], [ 18.281483032839251, 45.947826164241079 ], [ 18.281264603597801, 45.947826164241079 ], [ 18.281264603597801, 45.9479353788618 ], [ 18.28093695973563, 45.9479353788618 ], [ 18.28093695973563, 45.948044593482528 ], [ 18.280827745114905, 45.948044593482528 ], [ 18.280827745114905, 45.94815380810325 ], [ 18.280609315873459, 45.94815380810325 ], [ 18.280609315873459, 45.948263022723971 ], [ 18.280500101252734, 45.948263022723971 ], [ 18.280500101252734, 45.948372237344699 ], [ 18.280281672011284, 45.948372237344699 ], [ 18.280281672011284, 45.948481451965421 ], [ 18.280063242769835, 45.948481451965421 ], [ 18.280063242769835, 45.948590666586149 ], [ 18.279735598907664, 45.948590666586149 ], [ 18.279735598907664, 45.948699881206871 ], [ 18.279298740424768, 45.948699881206871 ], [ 18.279298740424768, 45.948809095827599 ], [ 18.279189525804043, 45.948809095827599 ], [ 18.279189525804043, 45.949027525069042 ], [ 18.278752667321143, 45.949027525069042 ], [ 18.278752667321143, 45.94913673968977 ], [ 18.278315808838247, 45.94913673968977 ], [ 18.278315808838247, 45.949245954310491 ], [ 18.277878950355351, 45.949245954310491 ], [ 18.277878950355351, 45.94935516893122 ], [ 18.27733287725173, 45.94935516893122 ], [ 18.27733287725173, 45.949464383551941 ], [ 18.27656837490666, 45.949464383551941 ], [ 18.27656837490666, 45.949573598172663 ], [ 18.275803872561589, 45.949573598172663 ], [ 18.275803872561589, 45.949682812793391 ], [ 18.274493297112897, 45.949682812793391 ], [ 18.274493297112897, 45.949792027414112 ], [ 18.27274586318131, 45.949792027414112 ], [ 18.27274586318131, 45.949901242034841 ], [ 18.272309004698414, 45.949901242034841 ], [ 18.272309004698414, 45.950010456655562 ], [ 18.271762931594793, 45.950010456655562 ], [ 18.271762931594793, 45.950119671276283 ], [ 18.271216858491169, 45.950119671276283 ], [ 18.271216858491169, 45.950338100517733 ], [ 18.270670785387548, 45.950338100517733 ], [ 18.270670785387548, 45.950447315138462 ], [ 18.270124712283927, 45.950447315138462 ], [ 18.270124712283927, 45.950556529759183 ], [ 18.269797068421756, 45.950556529759183 ], [ 18.269797068421756, 45.950665744379911 ], [ 18.269578639180306, 45.950665744379911 ], [ 18.269578639180306, 45.950774959000633 ], [ 18.269469424559581, 45.950774959000633 ], [ 18.269469424559581, 45.951102602862804 ], [ 18.269687853801031, 45.951102602862804 ], [ 18.269687853801031, 45.951211817483532 ], [ 18.270889214628998, 45.951211817483532 ], [ 18.270889214628998, 45.951430246724975 ], [ 18.270452356146102, 45.951430246724975 ], [ 18.270452356146102, 45.951539461345703 ], [ 18.269469424559581, 45.951539461345703 ], [ 18.269469424559581, 45.951648675966425 ], [ 18.269250995318135, 45.951648675966425 ], [ 18.269250995318135, 45.951757890587153 ], [ 18.26914178069741, 45.951757890587153 ], [ 18.26914178069741, 45.952085534449324 ], [ 18.269032566076685, 45.952085534449324 ], [ 18.269032566076685, 45.952522392932224 ], [ 18.26892335145596, 45.952522392932224 ], [ 18.26892335145596, 45.953068466035845 ], [ 18.268814136835235, 45.953068466035845 ], [ 18.268814136835235, 45.953505324518737 ], [ 18.27274586318131, 45.953505324518737 ], [ 18.27274586318131, 45.953396109898016 ], [ 18.274165653250726, 45.953396109898016 ], [ 18.274165653250726, 45.953286895277287 ], [ 18.275476228699418, 45.953286895277287 ], [ 18.275476228699418, 45.953177680656566 ], [ 18.276240731044485, 45.953177680656566 ], [ 18.276240731044485, 45.953286895277287 ], [ 18.27656837490666, 45.953286895277287 ], [ 18.27656837490666, 45.953177680656566 ], [ 18.277005233389556, 45.953177680656566 ], [ 18.277005233389556, 45.953068466035845 ], [ 18.278971096562593, 45.953068466035845 ], [ 18.278971096562593, 45.952959251415116 ], [ 18.28093695973563, 45.952959251415116 ], [ 18.28093695973563, 45.953068466035845 ], [ 18.279954028149113, 45.953068466035845 ], [ 18.279954028149113, 45.953177680656566 ], [ 18.280390886632009, 45.953177680656566 ], [ 18.280390886632009, 45.953286895277287 ], [ 18.278861881941868, 45.953286895277287 ], [ 18.278861881941868, 45.953396109898016 ], [ 18.280609315873459, 45.953396109898016 ], [ 18.280609315873459, 45.953505324518737 ], [ 18.278971096562593, 45.953505324518737 ], [ 18.278971096562593, 45.953614539139465 ], [ 18.278097379596797, 45.953614539139465 ], [ 18.278097379596797, 45.953723753760187 ], [ 18.27733287725173, 45.953723753760187 ], [ 18.27733287725173, 45.953832968380915 ], [ 18.277114448010281, 45.953832968380915 ], [ 18.277114448010281, 45.954051397622358 ], [ 18.277442091872455, 45.954051397622358 ], [ 18.277442091872455, 45.954160612243086 ], [ 18.278861881941868, 45.954160612243086 ], [ 18.278861881941868, 45.954269826863808 ], [ 18.279080311183318, 45.954269826863808 ], [ 18.279080311183318, 45.954597470725979 ], [ 18.278971096562593, 45.954597470725979 ], [ 18.278971096562593, 45.955580402312499 ], [ 18.278861881941868, 45.955580402312499 ], [ 18.278861881941868, 45.955689616933228 ], [ 18.278752667321143, 45.955689616933228 ], [ 18.278752667321143, 45.955471187691778 ], [ 18.278643452700422, 45.955471187691778 ], [ 18.278643452700422, 45.955361973071049 ], [ 18.278534238079697, 45.955361973071049 ], [ 18.278534238079697, 45.955252758450328 ], [ 18.278425023458972, 45.955252758450328 ], [ 18.278425023458972, 45.9551435438296 ], [ 18.278315808838247, 45.9551435438296 ], [ 18.278315808838247, 45.955034329208878 ], [ 18.278206594217522, 45.955034329208878 ], [ 18.278206594217522, 45.954925114588157 ], [ 18.278097379596797, 45.954925114588157 ], [ 18.278097379596797, 45.954815899967429 ], [ 18.277988164976076, 45.954815899967429 ], [ 18.277988164976076, 45.954706685346707 ], [ 18.277551306493176, 45.954706685346707 ], [ 18.277551306493176, 45.954815899967429 ], [ 18.277442091872455, 45.954815899967429 ], [ 18.277442091872455, 45.954925114588157 ], [ 18.27733287725173, 45.954925114588157 ], [ 18.27733287725173, 45.955361973071049 ], [ 18.277223662631005, 45.955361973071049 ], [ 18.277223662631005, 45.955580402312499 ], [ 18.277114448010281, 45.955580402312499 ], [ 18.277114448010281, 45.955689616933228 ], [ 18.276677589527385, 45.955689616933228 ], [ 18.276677589527385, 45.955580402312499 ], [ 18.27656837490666, 45.955580402312499 ], [ 18.27656837490666, 45.954379041484536 ], [ 18.276459160285935, 45.954379041484536 ], [ 18.276459160285935, 45.953832968380915 ], [ 18.273947224009277, 45.953832968380915 ], [ 18.273947224009277, 45.953942183001637 ], [ 18.272855077802035, 45.953942183001637 ], [ 18.272855077802035, 45.954160612243086 ], [ 18.27274586318131, 45.954160612243086 ], [ 18.27274586318131, 45.954488256105257 ], [ 18.272636648560585, 45.954488256105257 ], [ 18.272636648560585, 45.95612647541612 ], [ 18.27252743393986, 45.95612647541612 ], [ 18.27252743393986, 45.95634490465757 ], [ 18.272418219319139, 45.95634490465757 ], [ 18.272418219319139, 45.956672548519741 ], [ 18.272309004698414, 45.956672548519741 ], [ 18.272309004698414, 45.95732783624409 ], [ 18.272418219319139, 45.95732783624409 ], [ 18.272418219319139, 45.95754626548554 ], [ 18.27252743393986, 45.95754626548554 ], [ 18.27252743393986, 45.958747626313503 ], [ 18.272418219319139, 45.958747626313503 ] ] ] } },
{ "type": "Feature", "properties": { "parcel_id": 96, "area_ha": 11.73, "pixels": 1173 }, "geometry": { "type": "Polygon", "coordinates": [ [ [ 18.266302200558577, 45.956890977761191 ], [ 18.266302200558577, 45.956781763140469 ], [ 18.266083771317131, 45.956781763140469 ], [ 18.266083771317131, 45.956672548519741 ], [ 18.265974556696406, 45.956672548519741 ], [ 18.265974556696406, 45.95656333389902 ], [ 18.265865342075681, 45.95656333389902 ], [ 18.265865342075681, 45.95634490465757 ], [ 18.265756127454956, 45.95634490465757 ], [ 18.265756127454956, 45.95612647541612 ], [ 18.265646912834232, 45.95612647541612 ], [ 18.265646912834232, 45.955580402312499 ], [ 18.265756127454956, 45.955580402312499 ], [ 18.265756127454956, 45.954379041484536 ], [ 18.265646912834232, 45.954379041484536 ], [ 18.265646912834232, 45.954051397622358 ], [ 18.265537698213507, 45.954051397622358 ], [ 18.265537698213507, 45.953723753760187 ], [ 18.265428483592785, 45.953723753760187 ], [ 18.265428483592785, 45.953505324518737 ], [ 18.26531926897206, 45.953505324518737 ], [ 18.26531926897206, 45.953286895277287 ], [ 18.265210054351336, 45.953286895277287 ], [ 18.265210054351336, 45.952850036794395 ], [ 18.26531926897206, 45.952850036794395 ], [ 18.26531926897206, 45.952631607552945 ], [ 18.265210054351336, 45.952631607552945 ], [ 18.265210054351336, 45.951976319828603 ], [ 18.265100839730611, 45.951976319828603 ], [ 18.265100839730611, 45.951757890587153 ], [ 18.264991625109886, 45.951757890587153 ], [ 18.264991625109886, 45.951430246724975 ], [ 18.264882410489164, 45.951430246724975 ], [ 18.264882410489164, 45.951102602862804 ], [ 18.26477319586844, 45.951102602862804 ], [ 18.26477319586844, 45.950993388242082 ], [ 18.264663981247715, 45.950993388242082 ], [ 18.264663981247715, 45.950884173621354 ], [ 18.26455476662699, 45.950884173621354 ], [ 18.26455476662699, 45.950774959000633 ], [ 18.264445552006265, 45.950774959000633 ], [ 18.264445552006265, 45.950665744379911 ], [ 18.26433633738554, 45.950665744379911 ], [ 18.26433633738554, 45.950556529759183 ], [ 18.264227122764819, 45.950556529759183 ], [ 18.264227122764819, 45.950119671276283 ], [ 18.26433633738554, 45.950119671276283 ], [ 18.26433633738554, 45.949901242034841 ], [ 18.264663981247715, 45.949901242034841 ], [ 18.264663981247715, 45.949682812793391 ], [ 18.264882410489164, 45.949682812793391 ], [ 18.264882410489164, 45.949573598172663 ], [ 18.265100839730611, 45.949573598172663 ], [ 18.265100839730611, 45.949901242034841 ], [ 18.265210054351336, 45.949901242034841 ], [ 18.265210054351336, 45.950119671276283 ], [ 18.26531926897206, 45.950119671276283 ], [ 18.26531926897206, 45.950338100517733 ], [ 18.265428483592785, 45.950338100517733 ], [ 18.265428483592785, 45.950447315138462 ], [ 18.265537698213507, 45.950447315138462 ], [ 18.265537698213507, 45.950556529759183 ], [ 18.266192985937852, 45.950556529759183 ], [ 18.266192985937852, 45.950665744379911 ], [ 18.266520629800027, 45.950665744379911 ], [ 18.266520629800027, 45.950884173621354 ], [ 18.266629844420752, 45.950884173621354 ], [ 18.266629844420752, 45.950993388242082 ], [ 18.266520629800027, 45.950993388242082 ], [ 18.266520629800027, 45.951539461345703 ], [ 18.266629844420752, 45.951539461345703 ], [ 18.266629844420752, 45.951648675966425 ], [ 18.266848273662198, 45.951648675966425 ], [ 18.266848273662198, 45.951539461345703 ], [ 18.267175917524373, 45.951539461345703 ], [ 18.267175917524373, 45.951648675966425 ], [ 18.267940419869444, 45.951648675966425 ], [ 18.267940419869444, 45.951539461345703 ], [ 18.268049634490165, 45.951539461345703 ], [ 18.268049634490165, 45.951430246724975 ], [ 18.26815884911089, 45.951430246724975 ], [ 18.26815884911089, 45.951211817483532 ], [ 18.268049634490165, 45.951211817483532 ], [ 18.268049634490165, 45.950993388242082 ], [ 18.267940419869444, 45.950993388242082 ], [ 18.267940419869444, 45.950884173621354 ], [ 18.268049634490165, 45.950884173621354 ], [ 18.268049634490165, 45.950774959000633 ], [ 18.26815884911089, 45.950774959000633 ], [ 18.26815884911089, 45.950665744379911 ], [ 18.268268063731615, 45.950665744379911 ], [ 18.268268063731615, 45.949901242034841 ], [ 18.268377278352339, 45.949901242034841 ], [ 18.268377278352339, 45.949573598172663 ], [ 18.268486492973064, 45.949573598172663 ], [ 18.268486492973064, 45.948481451965421 ], [ 18.268595707593789, 45.948481451965421 ], [ 18.268595707593789, 45.949245954310491 ], [ 18.268704922214511, 45.949245954310491 ], [ 18.268704922214511, 45.950119671276283 ], [ 18.268595707593789, 45.950119671276283 ], [ 18.268595707593789, 45.950774959000633 ], [ 18.268486492973064, 45.950774959000633 ], [ 18.268486492973064, 45.951102602862804 ], [ 18.268377278352339, 45.951102602862804 ], [ 18.268377278352339, 45.951648675966425 ], [ 18.268268063731615, 45.951648675966425 ], [ 18.268268063731615, 45.951976319828603 ], [ 18.26815884911089, 45.951976319828603 ], [ 18.26815884911089, 45.952303963690774 ], [ 18.268049634490165, 45.952303963690774 ], [ 18.268049634490165, 45.952631607552945 ], [ 18.267940419869444, 45.952631607552945 ], [ 18.267940419869444, 45.952959251415116 ], [ 18.267831205248719, 45.952959251415116 ], [ 18.267831205248719, 45.953177680656566 ], [ 18.267721990627994, 45.953177680656566 ], [ 18.267721990627994, 45.953505324518737 ], [ 18.267612776007269, 45.953505324518737 ], [ 18.267612776007269, 45.953942183001637 ], [ 18.267503561386544, 45.953942183001637 ], [ 18.267503561386544, 45.954379041484536 ], [ 18.267394346765823, 45.954379041484536 ], [ 18.267394346765823, 45.954706685346707 ], [ 18.267285132145098, 45.954706685346707 ], [ 18.267285132145098, 45.955034329208878 ], [ 18.267175917524373, 45.955034329208878 ], [ 18.267175917524373, 45.955580402312499 ], [ 18.267066702903648, 45.955580402312499 ], [ 18.267066702903648, 45.956235690036848 ], [ 18.266957488282923, 45.956235690036848 ], [ 18.266957488282923, 45.956672548519741 ], [ 18.266848273662198, 45.956672548519741 ], [ 18.266848273662198, 45.956890977761191 ], [ 18.266302200558577, 45.956890977761191 ] ] ] } },
{ "type": "Feature", "properties": { "parcel_id": 97, "area_ha": 13.02, "pixels": 1302 }, "geometry": { "type": "Polygon", "coordinates": [ [ [ 18.278861881941868, 45.956672548519741 ], [ 18.278861881941868, 45.95656333389902 ], [ 18.278752667321143, 45.95656333389902 ], [ 18.278752667321143, 45.955689616933228 ], [ 18.278861881941868, 45.955689616933228 ], [ 18.278861881941868, 45.955580402312499 ], [ 18.278971096562593, 45.955580402312499 ], [ 18.278971096562593, 45.954597470725979 ], [ 18.279080311183318, 45.954597470725979 ], [ 18.279080311183318, 45.954379041484536 ], [ 18.279844813528388, 45.954379041484536 ], [ 18.279844813528388, 45.954269826863808 ], [ 18.280609315873459, 45.954269826863808 ], [ 18.280609315873459, 45.954160612243086 ], [ 18.283121252150117, 45.954160612243086 ], [ 18.283121252150117, 45.954269826863808 ], [ 18.284213398357359, 45.954269826863808 ], [ 18.284213398357359, 45.954379041484536 ], [ 18.28454104221953, 45.954379041484536 ], [ 18.28454104221953, 45.954488256105257 ], [ 18.28475947146098, 45.954488256105257 ], [ 18.28475947146098, 45.954597470725979 ], [ 18.284868686081705, 45.954597470725979 ], [ 18.284868686081705, 45.954815899967429 ], [ 18.285633188426775, 45.954815899967429 ], [ 18.285633188426775, 45.955034329208878 ], [ 18.285742403047497, 45.955034329208878 ], [ 18.285742403047497, 45.955252758450328 ], [ 18.285960832288946, 45.955252758450328 ], [ 18.285960832288946, 45.955361973071049 ], [ 18.286070046909671, 45.955361973071049 ], [ 18.286070046909671, 45.955471187691778 ], [ 18.286288476151118, 45.955471187691778 ], [ 18.286288476151118, 45.955689616933228 ], [ 18.286397690771842, 45.955689616933228 ], [ 18.286397690771842, 45.956017260795399 ], [ 18.286288476151118, 45.956017260795399 ], [ 18.286288476151118, 45.95612647541612 ], [ 18.285742403047497, 45.95612647541612 ], [ 18.285742403047497, 45.956235690036848 ], [ 18.284868686081705, 45.956235690036848 ], [ 18.284868686081705, 45.95634490465757 ], [ 18.284104183736634, 45.95634490465757 ], [ 18.284104183736634, 45.956454119278291 ], [ 18.283012037529392, 45.956454119278291 ], [ 18.283012037529392, 45.95656333389902 ], [ 18.282356749805047, 45.95656333389902 ], [ 18.282356749805047, 45.956672548519741 ], [ 18.278861881941868, 45.956672548519741 ] ] ] } },
{ "type": "Feature", "properties": { "parcel_id": 98, "area_ha": 14.76, "pixels": 1476 }, "geometry": { "type": "Polygon", "coordinates": [ [ [ 18.283667325253738, 45.956672548519741 ], [ 18.283667325253738, 45.95656333389902 ], [ 18.283012037529392, 45.95656333389902 ], [ 18.283012037529392, 45.956454119278291 ], [ 18.284104183736634, 45.956454119278291 ], [ 18.284104183736634, 45.95634490465757 ], [ 18.284868686081705, 45.95634490465757 ], [ 18.284868686081705, 45.956235690036848 ], [ 18.285742403047497, 45.956235690036848 ], [ 18.285742403047497, 45.95612647541612 ], [ 18.286288476151118, 45.95612647541612 ], [ 18.286288476151118, 45.956017260795399 ], [ 18.286397690771842, 45.956017260795399 ], [ 18.286397690771842, 45.955689616933228 ], [ 18.286288476151118, 45.955689616933228 ], [ 18.286288476151118, 45.955471187691778 ], [ 18.286070046909671, 45.955471187691778 ], [ 18.286070046909671, 45.955361973071049 ], [ 18.285960832288946, 45.955361973071049 ], [ 18.285960832288946, 45.955252758450328 ], [ 18.285742403047497, 45.955252758450328 ], [ 18.285742403047497, 45.955034329208878 ], [ 18.285633188426775, 45.955034329208878 ], [ 18.285633188426775, 45.954815899967429 ], [ 18.284868686081705, 45.954815899967429 ], [ 18.284868686081705, 45.954597470725979 ], [ 18.28475947146098, 45.954597470725979 ], [ 18.28475947146098, 45.954488256105257 ], [ 18.28454104221953, 45.954488256105257 ], [ 18.28454104221953, 45.954379041484536 ], [ 18.284213398357359, 45.954379041484536 ], [ 18.284213398357359, 45.954269826863808 ], [ 18.283121252150117, 45.954269826863808 ], [ 18.283121252150117, 45.954160612243086 ], [ 18.280609315873459, 45.954160612243086 ], [ 18.280609315873459, 45.954269826863808 ], [ 18.279844813528388, 45.954269826863808 ], [ 18.279844813528388, 45.954379041484536 ], [ 18.279080311183318, 45.954379041484536 ], [ 18.279080311183318, 45.954269826863808 ], [ 18.278861881941868, 45.954269826863808 ], [ 18.278861881941868, 45.954160612243086 ], [ 18.277442091872455, 45.954160612243086 ], [ 18.277442091872455, 45.954051397622358 ], [ 18.277114448010281, 45.954051397622358 ], [ 18.277114448010281, 45.953832968380915 ], [ 18.27733287725173, 45.953832968380915 ], [ 18.27733287725173, 45.953723753760187 ], [ 18.278097379596797, 45.953723753760187 ], [ 18.278097379596797, 45.953614539139465 ], [ 18.278971096562593, 45.953614539139465 ], [ 18.278971096562593, 45.953505324518737 ], [ 18.280609315873459, 45.953505324518737 ], [ 18.280609315873459, 45.953396109898016 ], [ 18.278861881941868, 45.953396109898016 ], [ 18.278861881941868, 45.953286895277287 ], [ 18.280390886632009, 45.953286895277287 ], [ 18.280390886632009, 45.953177680656566 ], [ 18.279954028149113, 45.953177680656566 ], [ 18.279954028149113, 45.953068466035845 ], [ 18.28093695973563, 45.953068466035845 ], [ 18.28093695973563, 45.952850036794395 ], [ 18.281810676701426, 45.952850036794395 ], [ 18.281810676701426, 45.952740822173666 ], [ 18.282465964425771, 45.952740822173666 ], [ 18.282465964425771, 45.952631607552945 ], [ 18.284431827598805, 45.952631607552945 ], [ 18.284431827598805, 45.952740822173666 ], [ 18.285414759185326, 45.952740822173666 ], [ 18.285414759185326, 45.952631607552945 ], [ 18.285851617668222, 45.952631607552945 ], [ 18.285851617668222, 45.952522392932224 ], [ 18.285960832288946, 45.952522392932224 ], [ 18.285960832288946, 45.952194749070046 ], [ 18.286070046909671, 45.952194749070046 ], [ 18.286070046909671, 45.951757890587153 ], [ 18.286179261530396, 45.951757890587153 ], [ 18.286179261530396, 45.951430246724975 ], [ 18.286288476151118, 45.951430246724975 ], [ 18.286288476151118, 45.951211817483532 ], [ 18.286397690771842, 45.951211817483532 ], [ 18.286397690771842, 45.950884173621354 ], [ 18.286616120013292, 45.950884173621354 ], [ 18.286616120013292, 45.949792027414112 ], [ 18.286725334634017, 45.949792027414112 ], [ 18.286725334634017, 45.949573598172663 ], [ 18.286834549254742, 45.949573598172663 ], [ 18.286834549254742, 45.94935516893122 ], [ 18.286943763875463, 45.94935516893122 ], [ 18.286943763875463, 45.948699881206871 ], [ 18.287052978496188, 45.948699881206871 ], [ 18.287052978496188, 45.947826164241079 ], [ 18.287162193116913, 45.947826164241079 ], [ 18.287162193116913, 45.949682812793391 ], [ 18.287271407737638, 45.949682812793391 ], [ 18.287271407737638, 45.950228885897012 ], [ 18.287162193116913, 45.950228885897012 ], [ 18.287162193116913, 45.950556529759183 ], [ 18.287052978496188, 45.950556529759183 ], [ 18.287052978496188, 45.950993388242082 ], [ 18.286943763875463, 45.950993388242082 ], [ 18.286943763875463, 45.951102602862804 ], [ 18.286834549254742, 45.951102602862804 ], [ 18.286834549254742, 45.951211817483532 ], [ 18.286725334634017, 45.951211817483532 ], [ 18.286725334634017, 45.951321032104254 ], [ 18.286616120013292, 45.951321032104254 ], [ 18.286616120013292, 45.951867105207874 ], [ 18.286506905392567, 45.951867105207874 ], [ 18.286506905392567, 45.952850036794395 ], [ 18.286616120013292, 45.952850036794395 ], [ 18.286616120013292, 45.952959251415116 ], [ 18.286834549254742, 45.952959251415116 ], [ 18.286834549254742, 45.953614539139465 ], [ 18.286943763875463, 45.953614539139465 ], [ 18.286943763875463, 45.954815899967429 ], [ 18.287052978496188, 45.954815899967429 ], [ 18.287052978496188, 45.955252758450328 ], [ 18.286943763875463, 45.955252758450328 ], [ 18.286943763875463, 45.956454119278291 ], [ 18.286834549254742, 45.956454119278291 ], [ 18.286834549254742, 45.95656333389902 ], [ 18.286616120013292, 45.95656333389902 ], [ 18.286616120013292, 45.956672548519741 ], [ 18.283667325253738, 45.956672548519741 ] ] ] } },
{ "type": "Feature", "properties": { "parcel_id": 99, "area_ha": 22.38, "pixels": 2238 }, "geometry": { "type": "Polygon", "coordinates": [ [ [ 18.243148700965033, 45.956454119278291 ], [ 18.243148700965033, 45.95634490465757 ], [ 18.242821057102862, 45.95634490465757 ], [ 18.242821057102862, 45.956235690036848 ], [ 18.242602627861412, 45.956235690036848 ], [ 18.242602627861412, 45.95612647541612 ], [ 18.242493413240688, 45.95612647541612 ], [ 18.242493413240688, 45.956017260795399 ], [ 18.242056554757792, 45.956017260795399 ], [ 18.242056554757792, 45.95612647541612 ], [ 18.241947340137067, 45.95612647541612 ], [ 18.241947340137067, 45.956235690036848 ], [ 18.241838125516342, 45.956235690036848 ], [ 18.241838125516342, 45.95634490465757 ], [ 18.241728910895617, 45.95634490465757 ], [ 18.241728910895617, 45.956235690036848 ], [ 18.241619696274892, 45.956235690036848 ], [ 18.241619696274892, 45.956017260795399 ], [ 18.241510481654171, 45.956017260795399 ], [ 18.241510481654171, 45.955689616933228 ], [ 18.241401267033446, 45.955689616933228 ], [ 18.241401267033446, 45.955361973071049 ], [ 18.241292052412721, 45.955361973071049 ], [ 18.241292052412721, 45.9551435438296 ], [ 18.24096440855055, 45.9551435438296 ], [ 18.24096440855055, 45.955252758450328 ], [ 18.240855193929825, 45.955252758450328 ], [ 18.240855193929825, 45.955361973071049 ], [ 18.2407459793091, 45.955361973071049 ], [ 18.2407459793091, 45.955471187691778 ], [ 18.240636764688375, 45.955471187691778 ], [ 18.240636764688375, 45.955580402312499 ], [ 18.24052755006765, 45.955580402312499 ], [ 18.24052755006765, 45.955689616933228 ], [ 18.240418335446925, 45.955689616933228 ], [ 18.240418335446925, 45.955798831553949 ], [ 18.240309120826204, 45.955798831553949 ], [ 18.240309120826204, 45.95590804617467 ], [ 18.240199906205479, 45.95590804617467 ], [ 18.240199906205479, 45.956017260795399 ], [ 18.240090691584754, 45.956017260795399 ], [ 18.240090691584754, 45.95612647541612 ], [ 18.239981476964029, 45.95612647541612 ], [ 18.239981476964029, 45.95590804617467 ], [ 18.240090691584754, 45.95590804617467 ], [ 18.240090691584754, 45.955580402312499 ], [ 18.240199906205479, 45.955580402312499 ], [ 18.240199906205479, 45.954925114588157 ], [ 18.239544618481133, 45.954925114588157 ], [ 18.239544618481133, 45.954815899967429 ], [ 18.239435403860409, 45.954815899967429 ], [ 18.239435403860409, 45.954597470725979 ], [ 18.239544618481133, 45.954597470725979 ], [ 18.239544618481133, 45.954488256105257 ], [ 18.240090691584754, 45.954488256105257 ], [ 18.240090691584754, 45.954379041484536 ], [ 18.240199906205479, 45.954379041484536 ], [ 18.240199906205479, 45.954160612243086 ], [ 18.240090691584754, 45.954160612243086 ], [ 18.240090691584754, 45.954051397622358 ], [ 18.239872262343304, 45.954051397622358 ], [ 18.239872262343304, 45.954160612243086 ], [ 18.239653833101858, 45.954160612243086 ], [ 18.239653833101858, 45.954269826863808 ], [ 18.239326189239684, 45.954269826863808 ], [ 18.239326189239684, 45.954051397622358 ], [ 18.239216974618959, 45.954051397622358 ], [ 18.239216974618959, 45.953396109898016 ], [ 18.239435403860409, 45.953396109898016 ], [ 18.239435403860409, 45.953286895277287 ], [ 18.239872262343304, 45.953286895277287 ], [ 18.239872262343304, 45.953177680656566 ], [ 18.240199906205479, 45.953177680656566 ], [ 18.240199906205479, 45.953068466035845 ], [ 18.240309120826204, 45.953068466035845 ], [ 18.240309120826204, 45.952959251415116 ], [ 18.240418335446925, 45.952959251415116 ], [ 18.240418335446925, 45.952850036794395 ], [ 18.24052755006765, 45.952850036794395 ], [ 18.24052755006765, 45.952740822173666 ], [ 18.240636764688375, 45.952740822173666 ], [ 18.240636764688375, 45.952413178311495 ], [ 18.2407459793091, 45.952413178311495 ], [ 18.2407459793091, 45.952085534449324 ], [ 18.239981476964029, 45.952085534449324 ], [ 18.239981476964029, 45.951976319828603 ], [ 18.239872262343304, 45.951976319828603 ], [ 18.239872262343304, 45.951757890587153 ], [ 18.239981476964029, 45.951757890587153 ], [ 18.239981476964029, 45.951539461345703 ], [ 18.240090691584754, 45.951539461345703 ], [ 18.240090691584754, 45.951430246724975 ], [ 18.240199906205479, 45.951430246724975 ], [ 18.240199906205479, 45.951211817483532 ], [ 18.240418335446925, 45.951211817483532 ], [ 18.240418335446925, 45.951102602862804 ], [ 18.240636764688375, 45.951102602862804 ], [ 18.240636764688375, 45.951211817483532 ], [ 18.2407459793091, 45.951211817483532 ], [ 18.2407459793091, 45.951321032104254 ], [ 18.24096440855055, 45.951321032104254 ], [ 18.24096440855055, 45.951430246724975 ], [ 18.241073623171271, 45.951430246724975 ], [ 18.241073623171271, 45.951539461345703 ], [ 18.241292052412721, 45.951539461345703 ], [ 18.241292052412721, 45.951648675966425 ], [ 18.241510481654171, 45.951648675966425 ], [ 18.241510481654171, 45.951757890587153 ], [ 18.241838125516342, 45.951757890587153 ], [ 18.241838125516342, 45.951648675966425 ], [ 18.241947340137067, 45.951648675966425 ], [ 18.241947340137067, 45.951539461345703 ], [ 18.242056554757792, 45.951539461345703 ], [ 18.242056554757792, 45.951430246724975 ], [ 18.242165769378516, 45.951430246724975 ], [ 18.242165769378516, 45.950884173621354 ], [ 18.242056554757792, 45.950884173621354 ], [ 18.242056554757792, 45.950774959000633 ], [ 18.241947340137067, 45.950774959000633 ], [ 18.241947340137067, 45.950884173621354 ], [ 18.241619696274892, 45.950884173621354 ], [ 18.241619696274892, 45.950993388242082 ], [ 18.240636764688375, 45.950993388242082 ], [ 18.240636764688375, 45.950884173621354 ], [ 18.240199906205479, 45.950884173621354 ], [ 18.240199906205479, 45.950774959000633 ], [ 18.239872262343304, 45.950774959000633 ], [ 18.239872262343304, 45.950665744379911 ], [ 18.238889330756788, 45.950665744379911 ], [ 18.238889330756788, 45.950556529759183 ], [ 18.238780116136063, 45.950556529759183 ], [ 18.238780116136063, 45.950447315138462 ], [ 18.238670901515338, 45.950447315138462 ], [ 18.238670901515338, 45.950010456655562 ], [ 18.239435403860409, 45.950010456655562 ], [ 18.239435403860409, 45.950119671276283 ], [ 18.239544618481133, 45.950119671276283 ], [ 18.239544618481133, 45.950228885897012 ], [ 18.239653833101858, 45.950228885897012 ], [ 18.239653833101858, 45.950338100517733 ], [ 18.239872262343304, 45.950338100517733 ], [ 18.239872262343304, 45.950447315138462 ], [ 18.239981476964029, 45.950447315138462 ], [ 18.239981476964029, 45.950338100517733 ], [ 18.240199906205479, 45.950338100517733 ], [ 18.240199906205479, 45.950447315138462 ], [ 18.24052755006765, 45.950447315138462 ], [ 18.24052755006765, 45.950556529759183 ], [ 18.241838125516342, 45.950556529759183 ], [ 18.241838125516342, 45.950665744379911 ], [ 18.242384198619963, 45.950665744379911 ], [ 18.242384198619963, 45.950556529759183 ], [ 18.242602627861412, 45.950556529759183 ], [ 18.242602627861412, 45.950447315138462 ], [ 18.242056554757792, 45.950447315138462 ], [ 18.242056554757792, 45.950338100517733 ], [ 18.241619696274892, 45.950338100517733 ], [ 18.241619696274892, 45.950447315138462 ], [ 18.241401267033446, 45.950447315138462 ], [ 18.241401267033446, 45.950338100517733 ], [ 18.24096440855055, 45.950338100517733 ], [ 18.24096440855055, 45.950228885897012 ], [ 18.2407459793091, 45.950228885897012 ], [ 18.2407459793091, 45.950119671276283 ], [ 18.24052755006765, 45.950119671276283 ], [ 18.24052755006765, 45.950010456655562 ], [ 18.240418335446925, 45.950010456655562 ], [ 18.240418335446925, 45.949901242034841 ], [ 18.240199906205479, 45.949901242034841 ], [ 18.240199906205479, 45.949792027414112 ], [ 18.239981476964029, 45.949792027414112 ], [ 18.239981476964029, 45.949682812793391 ], [ 18.240309120826204, 45.949682812793391 ], [ 18.240309120826204, 45.949792027414112 ], [ 18.24052755006765, 45.949792027414112 ], [ 18.24052755006765, 45.949901242034841 ], [ 18.2407459793091, 45.949901242034841 ], [ 18.2407459793091, 45.950010456655562 ], [ 18.241182837791996, 45.950010456655562 ], [ 18.241182837791996, 45.950119671276283 ], [ 18.241728910895617, 45.950119671276283 ], [ 18.241728910895617, 45.950010456655562 ], [ 18.242274983999238, 45.950010456655562 ], [ 18.242274983999238, 45.949682812793391 ], [ 18.242165769378516, 45.949682812793391 ], [ 18.242165769378516, 45.949573598172663 ], [ 18.242056554757792, 45.949573598172663 ], [ 18.242056554757792, 45.949464383551941 ], [ 18.241619696274892, 45.949464383551941 ], [ 18.241619696274892, 45.94935516893122 ], [ 18.241401267033446, 45.94935516893122 ], [ 18.241401267033446, 45.949245954310491 ], [ 18.241073623171271, 45.949245954310491 ], [ 18.241073623171271, 45.94913673968977 ], [ 18.241838125516342, 45.94913673968977 ], [ 18.241838125516342, 45.949245954310491 ], [ 18.242384198619963, 45.949245954310491 ], [ 18.242384198619963, 45.94935516893122 ], [ 18.242493413240688, 45.94935516893122 ], [ 18.242493413240688, 45.949464383551941 ], [ 18.243039486344308, 45.949464383551941 ], [ 18.243039486344308, 45.94935516893122 ], [ 18.243367130206483, 45.94935516893122 ], [ 18.243367130206483, 45.949245954310491 ], [ 18.243694774068654, 45.949245954310491 ], [ 18.243694774068654, 45.94935516893122 ], [ 18.243913203310104, 45.94935516893122 ], [ 18.243913203310104, 45.949464383551941 ], [ 18.244022417930829, 45.949464383551941 ], [ 18.244022417930829, 45.949573598172663 ], [ 18.244240847172275, 45.949573598172663 ], [ 18.244240847172275, 45.949682812793391 ], [ 18.244350061793, 45.949682812793391 ], [ 18.244350061793, 45.949792027414112 ], [ 18.244459276413725, 45.949792027414112 ], [ 18.244459276413725, 45.949901242034841 ], [ 18.24456849103445, 45.949901242034841 ], [ 18.24456849103445, 45.950010456655562 ], [ 18.244677705655175, 45.950010456655562 ], [ 18.244677705655175, 45.949901242034841 ], [ 18.244786920275896, 45.949901242034841 ], [ 18.244786920275896, 45.949792027414112 ], [ 18.244896134896621, 45.949792027414112 ], [ 18.244896134896621, 45.949682812793391 ], [ 18.245005349517346, 45.949682812793391 ], [ 18.245005349517346, 45.949573598172663 ], [ 18.245223778758795, 45.949573598172663 ], [ 18.245223778758795, 45.949464383551941 ], [ 18.246315924966037, 45.949464383551941 ], [ 18.246315924966037, 45.949573598172663 ], [ 18.246534354207487, 45.949573598172663 ], [ 18.246534354207487, 45.949682812793391 ], [ 18.246643568828212, 45.949682812793391 ], [ 18.246643568828212, 45.950010456655562 ], [ 18.245988281103866, 45.950010456655562 ], [ 18.245988281103866, 45.950119671276283 ], [ 18.245879066483141, 45.950119671276283 ], [ 18.245879066483141, 45.950447315138462 ], [ 18.245988281103866, 45.950447315138462 ], [ 18.245988281103866, 45.951321032104254 ], [ 18.245879066483141, 45.951321032104254 ], [ 18.245879066483141, 45.950556529759183 ], [ 18.245769851862416, 45.950556529759183 ], [ 18.245769851862416, 45.950447315138462 ], [ 18.245660637241691, 45.950447315138462 ], [ 18.245660637241691, 45.950338100517733 ], [ 18.244350061793, 45.950338100517733 ], [ 18.244350061793, 45.950447315138462 ], [ 18.244240847172275, 45.950447315138462 ], [ 18.244240847172275, 45.950665744379911 ], [ 18.244131632551554, 45.950665744379911 ], [ 18.244131632551554, 45.951102602862804 ], [ 18.244240847172275, 45.951102602862804 ], [ 18.244240847172275, 45.951648675966425 ], [ 18.244131632551554, 45.951648675966425 ], [ 18.244131632551554, 45.951757890587153 ], [ 18.244022417930829, 45.951757890587153 ], [ 18.244022417930829, 45.951976319828603 ], [ 18.243913203310104, 45.951976319828603 ], [ 18.243913203310104, 45.952850036794395 ], [ 18.244022417930829, 45.952850036794395 ], [ 18.244022417930829, 45.953942183001637 ], [ 18.244131632551554, 45.953942183001637 ], [ 18.244131632551554, 45.956454119278291 ], [ 18.244022417930829, 45.956454119278291 ], [ 18.244022417930829, 45.95634490465757 ], [ 18.243803988689379, 45.95634490465757 ], [ 18.243803988689379, 45.956454119278291 ], [ 18.243148700965033, 45.956454119278291 ] ] ] } },
{ "type": "Feature", "properties": { "parcel_id": 100, "area_ha": 7.4, "pixels": 740 }, "geometry": { "type": "Polygon", "coordinates": [ [ [ 18.250138436691387, 45.956235690036848 ], [ 18.250138436691387, 45.95612647541612 ], [ 18.250029222070662, 45.95612647541612 ], [ 18.250029222070662, 45.955689616933228 ], [ 18.249920007449937, 45.955689616933228 ], [ 18.249920007449937, 45.955580402312499 ], [ 18.249810792829212, 45.955580402312499 ], [ 18.249810792829212, 45.955471187691778 ], [ 18.249592363587766, 45.955471187691778 ], [ 18.249592363587766, 45.955361973071049 ], [ 18.249373934346316, 45.955361973071049 ], [ 18.249373934346316, 45.955252758450328 ], [ 18.249264719725591, 45.955252758450328 ], [ 18.249264719725591, 45.955034329208878 ], [ 18.249373934346316, 45.955034329208878 ], [ 18.249373934346316, 45.954815899967429 ], [ 18.249483148967041, 45.954815899967429 ], [ 18.249483148967041, 45.954706685346707 ], [ 18.249264719725591, 45.954706685346707 ], [ 18.249264719725591, 45.954597470725979 ], [ 18.248827861242695, 45.954597470725979 ], [ 18.248827861242695, 45.954488256105257 ], [ 18.248391002759799, 45.954488256105257 ], [ 18.248391002759799, 45.954379041484536 ], [ 18.2479541442769, 45.954379041484536 ], [ 18.2479541442769, 45.954269826863808 ], [ 18.247735715035454, 45.954269826863808 ], [ 18.247735715035454, 45.954160612243086 ], [ 18.247626500414729, 45.954160612243086 ], [ 18.247626500414729, 45.954269826863808 ], [ 18.247517285794004, 45.954269826863808 ], [ 18.247517285794004, 45.954379041484536 ], [ 18.247298856552554, 45.954379041484536 ], [ 18.247298856552554, 45.954269826863808 ], [ 18.247408071173279, 45.954269826863808 ], [ 18.247408071173279, 45.954051397622358 ], [ 18.247517285794004, 45.954051397622358 ], [ 18.247517285794004, 45.953614539139465 ], [ 18.247408071173279, 45.953614539139465 ], [ 18.247408071173279, 45.953396109898016 ], [ 18.247298856552554, 45.953396109898016 ], [ 18.247298856552554, 45.953068466035845 ], [ 18.247189641931833, 45.953068466035845 ], [ 18.247189641931833, 45.952850036794395 ], [ 18.247080427311108, 45.952850036794395 ], [ 18.247080427311108, 45.952740822173666 ], [ 18.246971212690383, 45.952740822173666 ], [ 18.246971212690383, 45.952631607552945 ], [ 18.246861998069658, 45.952631607552945 ], [ 18.246861998069658, 45.952413178311495 ], [ 18.246971212690383, 45.952413178311495 ], [ 18.246971212690383, 45.952522392932224 ], [ 18.247080427311108, 45.952522392932224 ], [ 18.247080427311108, 45.952631607552945 ], [ 18.247189641931833, 45.952631607552945 ], [ 18.247189641931833, 45.952740822173666 ], [ 18.247298856552554, 45.952740822173666 ], [ 18.247298856552554, 45.952959251415116 ], [ 18.247408071173279, 45.952959251415116 ], [ 18.247408071173279, 45.953177680656566 ], [ 18.247517285794004, 45.953177680656566 ], [ 18.247517285794004, 45.953396109898016 ], [ 18.247735715035454, 45.953396109898016 ], [ 18.247735715035454, 45.952303963690774 ], [ 18.247844929656178, 45.952303963690774 ], [ 18.247844929656178, 45.951867105207874 ], [ 18.247735715035454, 45.951867105207874 ], [ 18.247735715035454, 45.951648675966425 ], [ 18.247626500414729, 45.951648675966425 ], [ 18.247626500414729, 45.951539461345703 ], [ 18.247517285794004, 45.951539461345703 ], [ 18.247517285794004, 45.951430246724975 ], [ 18.247408071173279, 45.951430246724975 ], [ 18.247408071173279, 45.950993388242082 ], [ 18.247298856552554, 45.950993388242082 ], [ 18.247298856552554, 45.950774959000633 ], [ 18.247189641931833, 45.950774959000633 ], [ 18.247189641931833, 45.950447315138462 ], [ 18.247080427311108, 45.950447315138462 ], [ 18.247080427311108, 45.950228885897012 ], [ 18.247408071173279, 45.950228885897012 ], [ 18.247408071173279, 45.950338100517733 ], [ 18.247626500414729, 45.950338100517733 ], [ 18.247626500414729, 45.950447315138462 ], [ 18.248063358897625, 45.950447315138462 ], [ 18.248063358897625, 45.950774959000633 ], [ 18.24817257351835, 45.950774959000633 ], [ 18.24817257351835, 45.951867105207874 ], [ 18.248281788139074, 45.951867105207874 ], [ 18.248281788139074, 45.952085534449324 ], [ 18.248391002759799, 45.952085534449324 ], [ 18.248391002759799, 45.952303963690774 ], [ 18.248500217380524, 45.952303963690774 ], [ 18.248500217380524, 45.952959251415116 ], [ 18.248609432001246, 45.952959251415116 ], [ 18.248609432001246, 45.953286895277287 ], [ 18.24871864662197, 45.953286895277287 ], [ 18.24871864662197, 45.953505324518737 ], [ 18.248827861242695, 45.953505324518737 ], [ 18.248827861242695, 45.953614539139465 ], [ 18.24893707586342, 45.953614539139465 ], [ 18.24893707586342, 45.953723753760187 ], [ 18.249046290484145, 45.953723753760187 ], [ 18.249046290484145, 45.953832968380915 ], [ 18.249483148967041, 45.953832968380915 ], [ 18.249483148967041, 45.953723753760187 ], [ 18.249592363587766, 45.953723753760187 ], [ 18.249592363587766, 45.953614539139465 ], [ 18.249701578208491, 45.953614539139465 ], [ 18.249701578208491, 45.953505324518737 ], [ 18.249810792829212, 45.953505324518737 ], [ 18.249810792829212, 45.953177680656566 ], [ 18.249920007449937, 45.953177680656566 ], [ 18.249920007449937, 45.953068466035845 ], [ 18.249810792829212, 45.953068466035845 ], [ 18.249810792829212, 45.952850036794395 ], [ 18.249701578208491, 45.952850036794395 ], [ 18.249701578208491, 45.952303963690774 ], [ 18.249592363587766, 45.952303963690774 ], [ 18.249592363587766, 45.952085534449324 ], [ 18.249483148967041, 45.952085534449324 ], [ 18.249483148967041, 45.951321032104254 ], [ 18.249373934346316, 45.951321032104254 ], [ 18.249373934346316, 45.951102602862804 ], [ 18.249483148967041, 45.951102602862804 ], [ 18.249483148967041, 45.950556529759183 ], [ 18.249701578208491, 45.950556529759183 ], [ 18.249701578208491, 45.950665744379911 ], [ 18.249810792829212, 45.950665744379911 ], [ 18.249810792829212, 45.951102602862804 ], [ 18.249920007449937, 45.951102602862804 ], [ 18.249920007449937, 45.951211817483532 ], [ 18.250029222070662, 45.951211817483532 ], [ 18.250029222070662, 45.951430246724975 ], [ 18.250138436691387, 45.951430246724975 ], [ 18.250138436691387, 45.951867105207874 ], [ 18.250247651312112, 45.951867105207874 ], [ 18.250247651312112, 45.951976319828603 ], [ 18.250138436691387, 45.951976319828603 ], [ 18.250138436691387, 45.952522392932224 ], [ 18.250247651312112, 45.952522392932224 ], [ 18.250247651312112, 45.952850036794395 ], [ 18.250138436691387, 45.952850036794395 ], [ 18.250138436691387, 45.953068466035845 ], [ 18.250247651312112, 45.953068466035845 ], [ 18.250247651312112, 45.953177680656566 ], [ 18.250356865932837, 45.953177680656566 ], [ 18.250356865932837, 45.953286895277287 ], [ 18.250466080553558, 45.953286895277287 ], [ 18.250466080553558, 45.953396109898016 ], [ 18.250575295174283, 45.953396109898016 ], [ 18.250575295174283, 45.953505324518737 ], [ 18.250684509795008, 45.953505324518737 ], [ 18.250684509795008, 45.953723753760187 ], [ 18.250793724415733, 45.953723753760187 ], [ 18.250793724415733, 45.954051397622358 ], [ 18.250902939036457, 45.954051397622358 ], [ 18.250902939036457, 45.954160612243086 ], [ 18.251012153657182, 45.954160612243086 ], [ 18.251012153657182, 45.954925114588157 ], [ 18.250902939036457, 45.954925114588157 ], [ 18.250902939036457, 45.955252758450328 ], [ 18.251121368277904, 45.955252758450328 ], [ 18.251121368277904, 45.955361973071049 ], [ 18.250575295174283, 45.955361973071049 ], [ 18.250575295174283, 45.955252758450328 ], [ 18.250466080553558, 45.955252758450328 ], [ 18.250466080553558, 45.9551435438296 ], [ 18.250356865932837, 45.9551435438296 ], [ 18.250356865932837, 45.955034329208878 ], [ 18.250247651312112, 45.955034329208878 ], [ 18.250247651312112, 45.954925114588157 ], [ 18.250029222070662, 45.954925114588157 ], [ 18.250029222070662, 45.955034329208878 ], [ 18.249920007449937, 45.955034329208878 ], [ 18.249920007449937, 45.955252758450328 ], [ 18.250029222070662, 45.955252758450328 ], [ 18.250029222070662, 45.955471187691778 ], [ 18.250138436691387, 45.955471187691778 ], [ 18.250138436691387, 45.955689616933228 ], [ 18.250466080553558, 45.955689616933228 ], [ 18.250466080553558, 45.955580402312499 ], [ 18.250793724415733, 45.955580402312499 ], [ 18.250793724415733, 45.955689616933228 ], [ 18.250902939036457, 45.955689616933228 ], [ 18.250902939036457, 45.955798831553949 ], [ 18.251121368277904, 45.955798831553949 ], [ 18.251121368277904, 45.95590804617467 ], [ 18.250575295174283, 45.95590804617467 ], [ 18.250575295174283, 45.956017260795399 ], [ 18.250466080553558, 45.956017260795399 ], [ 18.250466080553558, 45.95612647541612 ], [ 18.250247651312112, 45.95612647541612 ], [ 18.250247651312112, 45.956235690036848 ], [ 18.250138436691387, 45.956235690036848 ] ] ] } },
{ "type": "Feature", "properties": { "parcel_id": 101, "area_ha": 6.11, "pixels": 611 }, "geometry": { "type": "Polygon", "coordinates": [ [ [ 18.253414875313116, 45.954815899967429 ], [ 18.253414875313116, 45.954706685346707 ], [ 18.253087231450941, 45.954706685346707 ], [ 18.253087231450941, 45.954597470725979 ], [ 18.25254115834732, 45.954597470725979 ], [ 18.25254115834732, 45.954706685346707 ], [ 18.252104299864424, 45.954706685346707 ], [ 18.252104299864424, 45.954597470725979 ], [ 18.251885870622974, 45.954597470725979 ], [ 18.251885870622974, 45.954269826863808 ], [ 18.251776656002249, 45.954269826863808 ], [ 18.251776656002249, 45.954051397622358 ], [ 18.251667441381528, 45.954051397622358 ], [ 18.251667441381528, 45.953942183001637 ], [ 18.251558226760803, 45.953942183001637 ], [ 18.251558226760803, 45.953832968380915 ], [ 18.251449012140078, 45.953832968380915 ], [ 18.251449012140078, 45.953723753760187 ], [ 18.251339797519353, 45.953723753760187 ], [ 18.251339797519353, 45.953177680656566 ], [ 18.251230582898629, 45.953177680656566 ], [ 18.251230582898629, 45.952959251415116 ], [ 18.251121368277904, 45.952959251415116 ], [ 18.251121368277904, 45.952194749070046 ], [ 18.251230582898629, 45.952194749070046 ], [ 18.251230582898629, 45.951757890587153 ], [ 18.251339797519353, 45.951757890587153 ], [ 18.251339797519353, 45.951648675966425 ], [ 18.251776656002249, 45.951648675966425 ], [ 18.251776656002249, 45.951539461345703 ], [ 18.25232272910587, 45.951539461345703 ], [ 18.25232272910587, 45.951430246724975 ], [ 18.25275958758877, 45.951430246724975 ], [ 18.25275958758877, 45.951321032104254 ], [ 18.253305660692391, 45.951321032104254 ], [ 18.253305660692391, 45.951430246724975 ], [ 18.253414875313116, 45.951430246724975 ], [ 18.253414875313116, 45.951757890587153 ], [ 18.25352408993384, 45.951757890587153 ], [ 18.25352408993384, 45.952522392932224 ], [ 18.253633304554562, 45.952522392932224 ], [ 18.253633304554562, 45.953177680656566 ], [ 18.253742519175287, 45.953177680656566 ], [ 18.253742519175287, 45.953723753760187 ], [ 18.253851733796012, 45.953723753760187 ], [ 18.253851733796012, 45.954488256105257 ], [ 18.253742519175287, 45.954488256105257 ], [ 18.253742519175287, 45.954706685346707 ], [ 18.253633304554562, 45.954706685346707 ], [ 18.253633304554562, 45.954815899967429 ], [ 18.253414875313116, 45.954815899967429 ] ] ] } },
{ "type": "Feature", "properties": { "parcel_id": 102, "area_ha": 11.16, "pixels": 1116 }, "geometry": { "type": "Polygon", "coordinates": [ [ [ 18.239216974618959, 45.954597470725979 ], [ 18.239216974618959, 45.954488256105257 ], [ 18.238998545377513, 45.954488256105257 ], [ 18.238998545377513, 45.954379041484536 ], [ 18.238780116136063, 45.954379041484536 ], [ 18.238780116136063, 45.954269826863808 ], [ 18.238670901515338, 45.954269826863808 ], [ 18.238670901515338, 45.954160612243086 ], [ 18.237578755308096, 45.954160612243086 ], [ 18.237578755308096, 45.954269826863808 ], [ 18.237469540687371, 45.954269826863808 ], [ 18.237469540687371, 45.954160612243086 ], [ 18.237032682204475, 45.954160612243086 ], [ 18.237032682204475, 45.954051397622358 ], [ 18.23692346758375, 45.954051397622358 ], [ 18.23692346758375, 45.953832968380915 ], [ 18.237032682204475, 45.953832968380915 ], [ 18.237032682204475, 45.953723753760187 ], [ 18.2371418968252, 45.953723753760187 ], [ 18.2371418968252, 45.953177680656566 ], [ 18.237032682204475, 45.953177680656566 ], [ 18.237032682204475, 45.952850036794395 ], [ 18.2371418968252, 45.952850036794395 ], [ 18.2371418968252, 45.952522392932224 ], [ 18.237251111445921, 45.952522392932224 ], [ 18.237251111445921, 45.952085534449324 ], [ 18.237360326066646, 45.952085534449324 ], [ 18.237360326066646, 45.951867105207874 ], [ 18.237469540687371, 45.951867105207874 ], [ 18.237469540687371, 45.951648675966425 ], [ 18.237578755308096, 45.951648675966425 ], [ 18.237578755308096, 45.951539461345703 ], [ 18.237687969928821, 45.951539461345703 ], [ 18.237687969928821, 45.951430246724975 ], [ 18.237797184549546, 45.951430246724975 ], [ 18.237797184549546, 45.951321032104254 ], [ 18.237906399170267, 45.951321032104254 ], [ 18.237906399170267, 45.951102602862804 ], [ 18.237797184549546, 45.951102602862804 ], [ 18.237797184549546, 45.950884173621354 ], [ 18.237906399170267, 45.950884173621354 ], [ 18.237906399170267, 45.950665744379911 ], [ 18.238015613790992, 45.950665744379911 ], [ 18.238015613790992, 45.949901242034841 ], [ 18.238124828411717, 45.949901242034841 ], [ 18.238124828411717, 45.949573598172663 ], [ 18.238343257653167, 45.949573598172663 ], [ 18.238343257653167, 45.949464383551941 ], [ 18.238452472273892, 45.949464383551941 ], [ 18.238452472273892, 45.94935516893122 ], [ 18.238670901515338, 45.94935516893122 ], [ 18.238670901515338, 45.949245954310491 ], [ 18.239107759998234, 45.949245954310491 ], [ 18.239107759998234, 45.94935516893122 ], [ 18.239326189239684, 45.94935516893122 ], [ 18.239326189239684, 45.949464383551941 ], [ 18.239544618481133, 45.949464383551941 ], [ 18.239544618481133, 45.949573598172663 ], [ 18.239872262343304, 45.949573598172663 ], [ 18.239872262343304, 45.949682812793391 ], [ 18.239981476964029, 45.949682812793391 ], [ 18.239981476964029, 45.949792027414112 ], [ 18.240199906205479, 45.949792027414112 ], [ 18.240199906205479, 45.949901242034841 ], [ 18.240418335446925, 45.949901242034841 ], [ 18.240418335446925, 45.950010456655562 ], [ 18.24052755006765, 45.950010456655562 ], [ 18.24052755006765, 45.950119671276283 ], [ 18.2407459793091, 45.950119671276283 ], [ 18.2407459793091, 45.950228885897012 ], [ 18.24096440855055, 45.950228885897012 ], [ 18.24096440855055, 45.950338100517733 ], [ 18.241401267033446, 45.950338100517733 ], [ 18.241401267033446, 45.950447315138462 ], [ 18.241619696274892, 45.950447315138462 ], [ 18.241619696274892, 45.950338100517733 ], [ 18.242056554757792, 45.950338100517733 ], [ 18.242056554757792, 45.950447315138462 ], [ 18.242602627861412, 45.950447315138462 ], [ 18.242602627861412, 45.950556529759183 ], [ 18.242384198619963, 45.950556529759183 ], [ 18.242384198619963, 45.950665744379911 ], [ 18.241838125516342, 45.950665744379911 ], [ 18.241838125516342, 45.950556529759183 ], [ 18.24052755006765, 45.950556529759183 ], [ 18.24052755006765, 45.950447315138462 ], [ 18.240199906205479, 45.950447315138462 ], [ 18.240199906205479, 45.950338100517733 ], [ 18.239981476964029, 45.950338100517733 ], [ 18.239981476964029, 45.950447315138462 ], [ 18.239872262343304, 45.950447315138462 ], [ 18.239872262343304, 45.950338100517733 ], [ 18.239653833101858, 45.950338100517733 ], [ 18.239653833101858, 45.950228885897012 ], [ 18.239544618481133, 45.950228885897012 ], [ 18.239544618481133, 45.950119671276283 ], [ 18.239435403860409, 45.950119671276283 ], [ 18.239435403860409, 45.950010456655562 ], [ 18.238670901515338, 45.950010456655562 ], [ 18.238670901515338, 45.950447315138462 ], [ 18.238780116136063, 45.950447315138462 ], [ 18.238780116136063, 45.950556529759183 ], [ 18.238889330756788, 45.950556529759183 ], [ 18.238889330756788, 45.950665744379911 ], [ 18.239872262343304, 45.950665744379911 ], [ 18.239872262343304, 45.950774959000633 ], [ 18.240199906205479, 45.950774959000633 ], [ 18.240199906205479, 45.950884173621354 ], [ 18.240636764688375, 45.950884173621354 ], [ 18.240636764688375, 45.950993388242082 ], [ 18.241619696274892, 45.950993388242082 ], [ 18.241619696274892, 45.950884173621354 ], [ 18.241947340137067, 45.950884173621354 ], [ 18.241947340137067, 45.950774959000633 ], [ 18.242056554757792, 45.950774959000633 ], [ 18.242056554757792, 45.950884173621354 ], [ 18.242165769378516, 45.950884173621354 ], [ 18.242165769378516, 45.951430246724975 ], [ 18.242056554757792, 45.951430246724975 ], [ 18.242056554757792, 45.951539461345703 ], [ 18.241947340137067, 45.951539461345703 ], [ 18.241947340137067, 45.951648675966425 ], [ 18.241838125516342, 45.951648675966425 ], [ 18.241838125516342, 45.951757890587153 ], [ 18.241510481654171, 45.951757890587153 ], [ 18.241510481654171, 45.951648675966425 ], [ 18.241292052412721, 45.951648675966425 ], [ 18.241292052412721, 45.951539461345703 ], [ 18.241073623171271, 45.951539461345703 ], [ 18.241073623171271, 45.951430246724975 ], [ 18.24096440855055, 45.951430246724975 ], [ 18.24096440855055, 45.951321032104254 ], [ 18.2407459793091, 45.951321032104254 ], [ 18.2407459793091, 45.951211817483532 ], [ 18.240636764688375, 45.951211817483532 ], [ 18.240636764688375, 45.951102602862804 ], [ 18.240418335446925, 45.951102602862804 ], [ 18.240418335446925, 45.951211817483532 ], [ 18.240199906205479, 45.951211817483532 ], [ 18.240199906205479, 45.951430246724975 ], [ 18.240090691584754, 45.951430246724975 ], [ 18.240090691584754, 45.951539461345703 ], [ 18.239981476964029, 45.951539461345703 ], [ 18.239981476964029, 45.951757890587153 ], [ 18.239872262343304, 45.951757890587153 ], [ 18.239872262343304, 45.951976319828603 ], [ 18.239981476964029, 45.951976319828603 ], [ 18.239981476964029, 45.952085534449324 ], [ 18.2407459793091, 45.952085534449324 ], [ 18.2407459793091, 45.952413178311495 ], [ 18.240636764688375, 45.952413178311495 ], [ 18.240636764688375, 45.952740822173666 ], [ 18.24052755006765, 45.952740822173666 ], [ 18.24052755006765, 45.952850036794395 ], [ 18.240418335446925, 45.952850036794395 ], [ 18.240418335446925, 45.952959251415116 ], [ 18.240309120826204, 45.952959251415116 ], [ 18.240309120826204, 45.953068466035845 ], [ 18.240199906205479, 45.953068466035845 ], [ 18.240199906205479, 45.953177680656566 ], [ 18.239872262343304, 45.953177680656566 ], [ 18.239872262343304, 45.953286895277287 ], [ 18.239435403860409, 45.953286895277287 ], [ 18.239435403860409, 45.953396109898016 ], [ 18.239216974618959, 45.953396109898016 ], [ 18.239216974618959, 45.954051397622358 ], [ 18.239326189239684, 45.954051397622358 ], [ 18.239326189239684, 45.954269826863808 ], [ 18.239653833101858, 45.954269826863808 ], [ 18.239653833101858, 45.954160612243086 ], [ 18.239872262343304, 45.954160612243086 ], [ 18.239872262343304, 45.954051397622358 ], [ 18.240090691584754, 45.954051397622358 ], [ 18.240090691584754, 45.954160612243086 ], [ 18.240199906205479, 45.954160612243086 ], [ 18.240199906205479, 45.954379041484536 ], [ 18.240090691584754, 45.954379041484536 ], [ 18.240090691584754, 45.954488256105257 ], [ 18.239544618481133, 45.954488256105257 ], [ 18.239544618481133, 45.954597470725979 ], [ 18.239216974618959, 45.954597470725979 ] ] ] } },
{ "type": "Feature", "properties": { "parcel_id": 103, "area_ha": 8.03, "pixels": 803 }, "geometry": { "type": "Polygon", "coordinates": [ [ [ 18.255489953106874, 45.954597470725979 ], [ 18.255489953106874, 45.954488256105257 ], [ 18.256691313934844, 45.954488256105257 ], [ 18.256691313934844, 45.954379041484536 ], [ 18.257565030900636, 45.954379041484536 ], [ 18.257565030900636, 45.954269826863808 ], [ 18.257892674762811, 45.954269826863808 ], [ 18.257892674762811, 45.954051397622358 ], [ 18.257565030900636, 45.954051397622358 ], [ 18.257565030900636, 45.953942183001637 ], [ 18.257455816279911, 45.953942183001637 ], [ 18.257455816279911, 45.953614539139465 ], [ 18.257565030900636, 45.953614539139465 ], [ 18.257565030900636, 45.953505324518737 ], [ 18.257674245521361, 45.953505324518737 ], [ 18.257674245521361, 45.953396109898016 ], [ 18.257783460142086, 45.953396109898016 ], [ 18.257783460142086, 45.953286895277287 ], [ 18.258438747866432, 45.953286895277287 ], [ 18.258438747866432, 45.953177680656566 ], [ 18.259094035590778, 45.953177680656566 ], [ 18.259094035590778, 45.953068466035845 ], [ 18.259312464832224, 45.953068466035845 ], [ 18.259312464832224, 45.952959251415116 ], [ 18.259640108694398, 45.952959251415116 ], [ 18.259640108694398, 45.952850036794395 ], [ 18.260623040280915, 45.952850036794395 ], [ 18.260623040280915, 45.952740822173666 ], [ 18.260841469522365, 45.952740822173666 ], [ 18.260841469522365, 45.952631607552945 ], [ 18.261278328005261, 45.952631607552945 ], [ 18.261278328005261, 45.952522392932224 ], [ 18.261387542625986, 45.952522392932224 ], [ 18.261387542625986, 45.952194749070046 ], [ 18.261278328005261, 45.952194749070046 ], [ 18.261278328005261, 45.952085534449324 ], [ 18.261169113384536, 45.952085534449324 ], [ 18.261169113384536, 45.951976319828603 ], [ 18.261278328005261, 45.951976319828603 ], [ 18.261278328005261, 45.951757890587153 ], [ 18.261387542625986, 45.951757890587153 ], [ 18.261387542625986, 45.951539461345703 ], [ 18.261496757246711, 45.951539461345703 ], [ 18.261496757246711, 45.951321032104254 ], [ 18.261387542625986, 45.951321032104254 ], [ 18.261387542625986, 45.950665744379911 ], [ 18.261278328005261, 45.950665744379911 ], [ 18.261278328005261, 45.950338100517733 ], [ 18.261169113384536, 45.950338100517733 ], [ 18.261169113384536, 45.950010456655562 ], [ 18.261496757246711, 45.950010456655562 ], [ 18.261496757246711, 45.949792027414112 ], [ 18.261605971867436, 45.949792027414112 ], [ 18.261605971867436, 45.949901242034841 ], [ 18.261715186488161, 45.949901242034841 ], [ 18.261715186488161, 45.950119671276283 ], [ 18.261824401108882, 45.950119671276283 ], [ 18.261824401108882, 45.950338100517733 ], [ 18.261933615729607, 45.950338100517733 ], [ 18.261933615729607, 45.950774959000633 ], [ 18.262042830350332, 45.950774959000633 ], [ 18.262042830350332, 45.951321032104254 ], [ 18.261933615729607, 45.951321032104254 ], [ 18.261933615729607, 45.951648675966425 ], [ 18.262042830350332, 45.951648675966425 ], [ 18.262042830350332, 45.952085534449324 ], [ 18.262152044971057, 45.952085534449324 ], [ 18.262152044971057, 45.952631607552945 ], [ 18.262261259591781, 45.952631607552945 ], [ 18.262261259591781, 45.952959251415116 ], [ 18.262370474212506, 45.952959251415116 ], [ 18.262370474212506, 45.953177680656566 ], [ 18.262479688833228, 45.953177680656566 ], [ 18.262479688833228, 45.953396109898016 ], [ 18.262588903453953, 45.953396109898016 ], [ 18.262588903453953, 45.953614539139465 ], [ 18.262698118074677, 45.953614539139465 ], [ 18.262698118074677, 45.954051397622358 ], [ 18.262807332695402, 45.954051397622358 ], [ 18.262807332695402, 45.954379041484536 ], [ 18.262261259591781, 45.954379041484536 ], [ 18.262261259591781, 45.954269826863808 ], [ 18.262042830350332, 45.954269826863808 ], [ 18.262042830350332, 45.954379041484536 ], [ 18.25996775255657, 45.954379041484536 ], [ 18.25996775255657, 45.954488256105257 ], [ 18.259640108694398, 45.954488256105257 ], [ 18.259640108694398, 45.954379041484536 ], [ 18.258766391728603, 45.954379041484536 ], [ 18.258766391728603, 45.954488256105257 ], [ 18.257892674762811, 45.954488256105257 ], [ 18.257892674762811, 45.954597470725979 ], [ 18.255489953106874, 45.954597470725979 ] ] ] } },
{ "type": "Feature", "properties": { "parcel_id": 104, "area_ha": 10.03, "pixels": 1003 }, "geometry": { "type": "Polygon", "coordinates": [ [ [ 18.255380738486153, 45.954488256105257 ], [ 18.255380738486153, 45.954379041484536 ], [ 18.255162309244703, 45.954379041484536 ], [ 18.255162309244703, 45.954269826863808 ], [ 18.254397806899632, 45.954269826863808 ], [ 18.254397806899632, 45.953832968380915 ], [ 18.254288592278908, 45.953832968380915 ], [ 18.254288592278908, 45.953505324518737 ], [ 18.254179377658186, 45.953505324518737 ], [ 18.254179377658186, 45.953177680656566 ], [ 18.254070163037461, 45.953177680656566 ], [ 18.254070163037461, 45.952959251415116 ], [ 18.253960948416736, 45.952959251415116 ], [ 18.253960948416736, 45.952303963690774 ], [ 18.253851733796012, 45.952303963690774 ], [ 18.253851733796012, 45.951539461345703 ], [ 18.253742519175287, 45.951539461345703 ], [ 18.253742519175287, 45.951211817483532 ], [ 18.253633304554562, 45.951211817483532 ], [ 18.253633304554562, 45.950010456655562 ], [ 18.25352408993384, 45.950010456655562 ], [ 18.25352408993384, 45.949464383551941 ], [ 18.253414875313116, 45.949464383551941 ], [ 18.253414875313116, 45.949245954310491 ], [ 18.253305660692391, 45.949245954310491 ], [ 18.253305660692391, 45.94913673968977 ], [ 18.253196446071666, 45.94913673968977 ], [ 18.253196446071666, 45.948809095827599 ], [ 18.253305660692391, 45.948809095827599 ], [ 18.253305660692391, 45.94815380810325 ], [ 18.253414875313116, 45.94815380810325 ], [ 18.253414875313116, 45.94913673968977 ], [ 18.25352408993384, 45.94913673968977 ], [ 18.25352408993384, 45.949245954310491 ], [ 18.253633304554562, 45.949245954310491 ], [ 18.253633304554562, 45.949464383551941 ], [ 18.253742519175287, 45.949464383551941 ], [ 18.253742519175287, 45.949573598172663 ], [ 18.253851733796012, 45.949573598172663 ], [ 18.253851733796012, 45.949682812793391 ], [ 18.254179377658186, 45.949682812793391 ], [ 18.254179377658186, 45.949792027414112 ], [ 18.254288592278908, 45.949792027414112 ], [ 18.254288592278908, 45.950010456655562 ], [ 18.254397806899632, 45.950010456655562 ], [ 18.254397806899632, 45.950228885897012 ], [ 18.254507021520357, 45.950228885897012 ], [ 18.254507021520357, 45.950447315138462 ], [ 18.254616236141082, 45.950447315138462 ], [ 18.254616236141082, 45.950556529759183 ], [ 18.254725450761807, 45.950556529759183 ], [ 18.254725450761807, 45.950665744379911 ], [ 18.254834665382528, 45.950665744379911 ], [ 18.254834665382528, 45.950774959000633 ], [ 18.254943880003253, 45.950774959000633 ], [ 18.254943880003253, 45.950884173621354 ], [ 18.255053094623978, 45.950884173621354 ], [ 18.255053094623978, 45.950993388242082 ], [ 18.255162309244703, 45.950993388242082 ], [ 18.255162309244703, 45.951102602862804 ], [ 18.255380738486153, 45.951102602862804 ], [ 18.255380738486153, 45.951211817483532 ], [ 18.255489953106874, 45.951211817483532 ], [ 18.255489953106874, 45.951321032104254 ], [ 18.255599167727599, 45.951321032104254 ], [ 18.255599167727599, 45.951648675966425 ], [ 18.255708382348324, 45.951648675966425 ], [ 18.255708382348324, 45.951757890587153 ], [ 18.25614524083122, 45.951757890587153 ], [ 18.25614524083122, 45.951648675966425 ], [ 18.256254455451945, 45.951648675966425 ], [ 18.256254455451945, 45.951539461345703 ], [ 18.25636367007267, 45.951539461345703 ], [ 18.25636367007267, 45.951321032104254 ], [ 18.256691313934844, 45.951321032104254 ], [ 18.256691313934844, 45.951539461345703 ], [ 18.256800528555566, 45.951539461345703 ], [ 18.256800528555566, 45.951757890587153 ], [ 18.256909743176291, 45.951757890587153 ], [ 18.256909743176291, 45.952194749070046 ], [ 18.257018957797015, 45.952194749070046 ], [ 18.257018957797015, 45.952413178311495 ], [ 18.25712817241774, 45.952413178311495 ], [ 18.25712817241774, 45.952631607552945 ], [ 18.257237387038465, 45.952631607552945 ], [ 18.257237387038465, 45.952850036794395 ], [ 18.257455816279911, 45.952850036794395 ], [ 18.257455816279911, 45.952959251415116 ], [ 18.258220318624982, 45.952959251415116 ], [ 18.258220318624982, 45.953068466035845 ], [ 18.258547962487157, 45.953068466035845 ], [ 18.258547962487157, 45.953177680656566 ], [ 18.258438747866432, 45.953177680656566 ], [ 18.258438747866432, 45.953286895277287 ], [ 18.257783460142086, 45.953286895277287 ], [ 18.257783460142086, 45.953396109898016 ], [ 18.257674245521361, 45.953396109898016 ], [ 18.257674245521361, 45.953505324518737 ], [ 18.257565030900636, 45.953505324518737 ], [ 18.257565030900636, 45.953614539139465 ], [ 18.257455816279911, 45.953614539139465 ], [ 18.257455816279911, 45.953942183001637 ], [ 18.257565030900636, 45.953942183001637 ], [ 18.257565030900636, 45.954051397622358 ], [ 18.257892674762811, 45.954051397622358 ], [ 18.257892674762811, 45.954269826863808 ], [ 18.257565030900636, 45.954269826863808 ], [ 18.257565030900636, 45.954379041484536 ], [ 18.256691313934844, 45.954379041484536 ], [ 18.256691313934844, 45.954488256105257 ], [ 18.255380738486153, 45.954488256105257 ] ] ] } },
{ "type": "Feature", "properties": { "parcel_id": 105, "area_ha": 11.72, "pixels": 1172 }, "geometry": { "type": "Polygon", "coordinates": [ [ [ 18.233756243582746, 45.954160612243086 ], [ 18.233756243582746, 45.947280091137458 ], [ 18.234848389789988, 45.947280091137458 ], [ 18.234848389789988, 45.947389305758179 ], [ 18.235612892135059, 45.947389305758179 ], [ 18.235612892135059, 45.947280091137458 ], [ 18.235722106755784, 45.947280091137458 ], [ 18.235722106755784, 45.949027525069042 ], [ 18.235831321376509, 45.949027525069042 ], [ 18.235831321376509, 45.950119671276283 ], [ 18.235940535997234, 45.950119671276283 ], [ 18.235940535997234, 45.950556529759183 ], [ 18.235831321376509, 45.950556529759183 ], [ 18.235831321376509, 45.953286895277287 ], [ 18.235722106755784, 45.953286895277287 ], [ 18.235722106755784, 45.953942183001637 ], [ 18.235831321376509, 45.953942183001637 ], [ 18.235831321376509, 45.954160612243086 ], [ 18.233756243582746, 45.954160612243086 ] ] ] } },
{ "type": "Feature", "properties": { "parcel_id": 106, "area_ha": 10.17, "pixels": 1017 }, "geometry": { "type": "Polygon", "coordinates": [ [ [ 18.23615896523868, 45.954160612243086 ], [ 18.23615896523868, 45.953832968380915 ], [ 18.236049750617955, 45.953832968380915 ], [ 18.236049750617955, 45.953286895277287 ], [ 18.23615896523868, 45.953286895277287 ], [ 18.23615896523868, 45.951976319828603 ], [ 18.236268179859405, 45.951976319828603 ], [ 18.236268179859405, 45.951648675966425 ], [ 18.23637739448013, 45.951648675966425 ], [ 18.23637739448013, 45.951430246724975 ], [ 18.236486609100854, 45.951430246724975 ], [ 18.236486609100854, 45.951102602862804 ], [ 18.236595823721576, 45.951102602862804 ], [ 18.236595823721576, 45.950993388242082 ], [ 18.236705038342301, 45.950993388242082 ], [ 18.236705038342301, 45.950884173621354 ], [ 18.236814252963025, 45.950884173621354 ], [ 18.236814252963025, 45.950774959000633 ], [ 18.23692346758375, 45.950774959000633 ], [ 18.23692346758375, 45.950665744379911 ], [ 18.237032682204475, 45.950665744379911 ], [ 18.237032682204475, 45.950447315138462 ], [ 18.23692346758375, 45.950447315138462 ], [ 18.23692346758375, 45.950228885897012 ], [ 18.236814252963025, 45.950228885897012 ], [ 18.236814252963025, 45.950010456655562 ], [ 18.236705038342301, 45.950010456655562 ], [ 18.236705038342301, 45.949901242034841 ], [ 18.236595823721576, 45.949901242034841 ], [ 18.236595823721576, 45.949682812793391 ], [ 18.236486609100854, 45.949682812793391 ], [ 18.236486609100854, 45.949464383551941 ], [ 18.236595823721576, 45.949464383551941 ], [ 18.236595823721576, 45.94935516893122 ], [ 18.236814252963025, 45.94935516893122 ], [ 18.236814252963025, 45.949245954310491 ], [ 18.237032682204475, 45.949245954310491 ], [ 18.237032682204475, 45.94913673968977 ], [ 18.2371418968252, 45.94913673968977 ], [ 18.2371418968252, 45.949027525069042 ], [ 18.237251111445921, 45.949027525069042 ], [ 18.237251111445921, 45.948699881206871 ], [ 18.2371418968252, 45.948699881206871 ], [ 18.2371418968252, 45.948590666586149 ], [ 18.237032682204475, 45.948590666586149 ], [ 18.237032682204475, 45.948372237344699 ], [ 18.23692346758375, 45.948372237344699 ], [ 18.23692346758375, 45.948263022723971 ], [ 18.236814252963025, 45.948263022723971 ], [ 18.236814252963025, 45.948044593482528 ], [ 18.23692346758375, 45.948044593482528 ], [ 18.23692346758375, 45.9479353788618 ], [ 18.237032682204475, 45.9479353788618 ], [ 18.237032682204475, 45.94771694962035 ], [ 18.2371418968252, 45.94771694962035 ], [ 18.2371418968252, 45.947607734999629 ], [ 18.237251111445921, 45.947607734999629 ], [ 18.237251111445921, 45.947498520378907 ], [ 18.237360326066646, 45.947498520378907 ], [ 18.237360326066646, 45.946952447275287 ], [ 18.237251111445921, 45.946952447275287 ], [ 18.237251111445921, 45.946734018033837 ], [ 18.2371418968252, 45.946734018033837 ], [ 18.2371418968252, 45.946515588792387 ], [ 18.237032682204475, 45.946515588792387 ], [ 18.237032682204475, 45.946187944930216 ], [ 18.2371418968252, 45.946187944930216 ], [ 18.2371418968252, 45.945860301068038 ], [ 18.237251111445921, 45.945860301068038 ], [ 18.237251111445921, 45.945205013343696 ], [ 18.2371418968252, 45.945205013343696 ], [ 18.2371418968252, 45.945095798722967 ], [ 18.237032682204475, 45.945095798722967 ], [ 18.237032682204475, 45.944986584102246 ], [ 18.23692346758375, 45.944986584102246 ], [ 18.23692346758375, 45.944658940240075 ], [ 18.237032682204475, 45.944658940240075 ], [ 18.237032682204475, 45.944549725619346 ], [ 18.2371418968252, 45.944549725619346 ], [ 18.2371418968252, 45.944440510998625 ], [ 18.237251111445921, 45.944440510998625 ], [ 18.237251111445921, 45.944331296377904 ], [ 18.237360326066646, 45.944331296377904 ], [ 18.237360326066646, 45.944112867136454 ], [ 18.237469540687371, 45.944112867136454 ], [ 18.237469540687371, 45.943785223274283 ], [ 18.237360326066646, 45.943785223274283 ], [ 18.237360326066646, 45.943566794032833 ], [ 18.237469540687371, 45.943566794032833 ], [ 18.237469540687371, 45.943348364791383 ], [ 18.237687969928821, 45.943348364791383 ], [ 18.237687969928821, 45.943239150170655 ], [ 18.238015613790992, 45.943239150170655 ], [ 18.238015613790992, 45.943348364791383 ], [ 18.238124828411717, 45.943348364791383 ], [ 18.238124828411717, 45.943457579412105 ], [ 18.238234043032442, 45.943457579412105 ], [ 18.238234043032442, 45.943785223274283 ], [ 18.238124828411717, 45.943785223274283 ], [ 18.238124828411717, 45.943894437895004 ], [ 18.238015613790992, 45.943894437895004 ], [ 18.238015613790992, 45.944768154860796 ], [ 18.237906399170267, 45.944768154860796 ], [ 18.237906399170267, 45.945314227964417 ], [ 18.238015613790992, 45.945314227964417 ], [ 18.238015613790992, 45.945969515688766 ], [ 18.238124828411717, 45.945969515688766 ], [ 18.238124828411717, 45.946187944930216 ], [ 18.238234043032442, 45.946187944930216 ], [ 18.238234043032442, 45.946624803413108 ], [ 18.238124828411717, 45.946624803413108 ], [ 18.238124828411717, 45.947061661896008 ], [ 18.238234043032442, 45.947061661896008 ], [ 18.238234043032442, 45.947280091137458 ], [ 18.238343257653167, 45.947280091137458 ], [ 18.238343257653167, 45.947826164241079 ], [ 18.238234043032442, 45.947826164241079 ], [ 18.238234043032442, 45.948372237344699 ], [ 18.238343257653167, 45.948372237344699 ], [ 18.238343257653167, 45.948481451965421 ], [ 18.238452472273892, 45.948481451965421 ], [ 18.238452472273892, 45.948590666586149 ], [ 18.238561686894613, 45.948590666586149 ], [ 18.238561686894613, 45.948481451965421 ], [ 18.238780116136063, 45.948481451965421 ], [ 18.238780116136063, 45.948372237344699 ], [ 18.238889330756788, 45.948372237344699 ], [ 18.238889330756788, 45.948263022723971 ], [ 18.239326189239684, 45.948263022723971 ], [ 18.239326189239684, 45.948372237344699 ], [ 18.239435403860409, 45.948372237344699 ], [ 18.239435403860409, 45.948481451965421 ], [ 18.239653833101858, 45.948481451965421 ], [ 18.239653833101858, 45.948590666586149 ], [ 18.23976304772258, 45.948590666586149 ], [ 18.23976304772258, 45.948699881206871 ], [ 18.239872262343304, 45.948699881206871 ], [ 18.239872262343304, 45.948809095827599 ], [ 18.240090691584754, 45.948809095827599 ], [ 18.240090691584754, 45.94891831044832 ], [ 18.240309120826204, 45.94891831044832 ], [ 18.240309120826204, 45.949027525069042 ], [ 18.240418335446925, 45.949027525069042 ], [ 18.240418335446925, 45.94913673968977 ], [ 18.240636764688375, 45.94913673968977 ], [ 18.240636764688375, 45.949245954310491 ], [ 18.240855193929825, 45.949245954310491 ], [ 18.240855193929825, 45.94935516893122 ], [ 18.241182837791996, 45.94935516893122 ], [ 18.241182837791996, 45.949464383551941 ], [ 18.241510481654171, 45.949464383551941 ], [ 18.241510481654171, 45.949573598172663 ], [ 18.241619696274892, 45.949573598172663 ], [ 18.241619696274892, 45.949682812793391 ], [ 18.241728910895617, 45.949682812793391 ], [ 18.241728910895617, 45.949792027414112 ], [ 18.241619696274892, 45.949792027414112 ], [ 18.241619696274892, 45.949901242034841 ], [ 18.24096440855055, 45.949901242034841 ], [ 18.24096440855055, 45.949792027414112 ], [ 18.240636764688375, 45.949792027414112 ], [ 18.240636764688375, 45.949682812793391 ], [ 18.24052755006765, 45.949682812793391 ], [ 18.24052755006765, 45.949573598172663 ], [ 18.240418335446925, 45.949573598172663 ], [ 18.240418335446925, 45.949464383551941 ], [ 18.23976304772258, 45.949464383551941 ], [ 18.23976304772258, 45.94935516893122 ], [ 18.239544618481133, 45.94935516893122 ], [ 18.239544618481133, 45.949245954310491 ], [ 18.239435403860409, 45.949245954310491 ], [ 18.239435403860409, 45.949027525069042 ], [ 18.239326189239684, 45.949027525069042 ], [ 18.239326189239684, 45.94891831044832 ], [ 18.238889330756788, 45.94891831044832 ], [ 18.238889330756788, 45.948809095827599 ], [ 18.238561686894613, 45.948809095827599 ], [ 18.238561686894613, 45.94913673968977 ], [ 18.238452472273892, 45.94913673968977 ], [ 18.238452472273892, 45.949245954310491 ], [ 18.238343257653167, 45.949245954310491 ], [ 18.238343257653167, 45.94935516893122 ], [ 18.238234043032442, 45.94935516893122 ], [ 18.238234043032442, 45.949464383551941 ], [ 18.238015613790992, 45.949464383551941 ], [ 18.238015613790992, 45.949573598172663 ], [ 18.237906399170267, 45.949573598172663 ], [ 18.237906399170267, 45.949682812793391 ], [ 18.237797184549546, 45.949682812793391 ], [ 18.237797184549546, 45.949792027414112 ], [ 18.237687969928821, 45.949792027414112 ], [ 18.237687969928821, 45.950338100517733 ], [ 18.237797184549546, 45.950338100517733 ], [ 18.237797184549546, 45.950556529759183 ], [ 18.237687969928821, 45.950556529759183 ], [ 18.237687969928821, 45.950884173621354 ], [ 18.237578755308096, 45.950884173621354 ], [ 18.237578755308096, 45.951321032104254 ], [ 18.237469540687371, 45.951321032104254 ], [ 18.237469540687371, 45.951539461345703 ], [ 18.237360326066646, 45.951539461345703 ], [ 18.237360326066646, 45.951648675966425 ], [ 18.237251111445921, 45.951648675966425 ], [ 18.237251111445921, 45.951976319828603 ], [ 18.2371418968252, 45.951976319828603 ], [ 18.2371418968252, 45.952413178311495 ], [ 18.237032682204475, 45.952413178311495 ], [ 18.237032682204475, 45.953396109898016 ], [ 18.23692346758375, 45.953396109898016 ], [ 18.23692346758375, 45.953505324518737 ], [ 18.236814252963025, 45.953505324518737 ], [ 18.236814252963025, 45.953614539139465 ], [ 18.236705038342301, 45.953614539139465 ], [ 18.236705038342301, 45.953723753760187 ], [ 18.236486609100854, 45.953723753760187 ], [ 18.236486609100854, 45.953832968380915 ], [ 18.23637739448013, 45.953832968380915 ], [ 18.23637739448013, 45.954051397622358 ], [ 18.236268179859405, 45.954051397622358 ], [ 18.236268179859405, 45.954160612243086 ], [ 18.23615896523868, 45.954160612243086 ] ] ] } },
{ "type": "Feature", "properties": { "parcel_id": 107, "area_ha": 22.17, "pixels": 2217 }, "geometry": { "type": "Polygon", "coordinates": [ [ [ 18.249046290484145, 45.953832968380915 ], [ 18.249046290484145, 45.953723753760187 ], [ 18.24893707586342, 45.953723753760187 ], [ 18.24893707586342, 45.953614539139465 ], [ 18.248827861242695, 45.953614539139465 ], [ 18.248827861242695, 45.953505324518737 ], [ 18.24871864662197, 45.953505324518737 ], [ 18.24871864662197, 45.953286895277287 ], [ 18.248609432001246, 45.953286895277287 ], [ 18.248609432001246, 45.952959251415116 ], [ 18.248500217380524, 45.952959251415116 ], [ 18.248500217380524, 45.952303963690774 ], [ 18.248391002759799, 45.952303963690774 ], [ 18.248391002759799, 45.952085534449324 ], [ 18.248281788139074, 45.952085534449324 ], [ 18.248281788139074, 45.951867105207874 ], [ 18.24817257351835, 45.951867105207874 ], [ 18.24817257351835, 45.950774959000633 ], [ 18.248063358897625, 45.950774959000633 ], [ 18.248063358897625, 45.950447315138462 ], [ 18.247626500414729, 45.950447315138462 ], [ 18.247626500414729, 45.950338100517733 ], [ 18.247408071173279, 45.950338100517733 ], [ 18.247408071173279, 45.950228885897012 ], [ 18.247080427311108, 45.950228885897012 ], [ 18.247080427311108, 45.950447315138462 ], [ 18.247189641931833, 45.950447315138462 ], [ 18.247189641931833, 45.950774959000633 ], [ 18.247298856552554, 45.950774959000633 ], [ 18.247298856552554, 45.950993388242082 ], [ 18.247408071173279, 45.950993388242082 ], [ 18.247408071173279, 45.951430246724975 ], [ 18.247517285794004, 45.951430246724975 ], [ 18.247517285794004, 45.951539461345703 ], [ 18.247626500414729, 45.951539461345703 ], [ 18.247626500414729, 45.951648675966425 ], [ 18.247735715035454, 45.951648675966425 ], [ 18.247735715035454, 45.951867105207874 ], [ 18.247844929656178, 45.951867105207874 ], [ 18.247844929656178, 45.952303963690774 ], [ 18.247735715035454, 45.952303963690774 ], [ 18.247735715035454, 45.953396109898016 ], [ 18.247517285794004, 45.953396109898016 ], [ 18.247517285794004, 45.953177680656566 ], [ 18.247408071173279, 45.953177680656566 ], [ 18.247408071173279, 45.952959251415116 ], [ 18.247298856552554, 45.952959251415116 ], [ 18.247298856552554, 45.952740822173666 ], [ 18.247189641931833, 45.952740822173666 ], [ 18.247189641931833, 45.952631607552945 ], [ 18.247080427311108, 45.952631607552945 ], [ 18.247080427311108, 45.952522392932224 ], [ 18.246971212690383, 45.952522392932224 ], [ 18.246971212690383, 45.952413178311495 ], [ 18.246861998069658, 45.952413178311495 ], [ 18.246861998069658, 45.952303963690774 ], [ 18.246534354207487, 45.952303963690774 ], [ 18.246534354207487, 45.952194749070046 ], [ 18.245879066483141, 45.952194749070046 ], [ 18.245879066483141, 45.952303963690774 ], [ 18.245223778758795, 45.952303963690774 ], [ 18.245223778758795, 45.952194749070046 ], [ 18.245114564138071, 45.952194749070046 ], [ 18.245114564138071, 45.951867105207874 ], [ 18.24533299337952, 45.951867105207874 ], [ 18.24533299337952, 45.951757890587153 ], [ 18.245879066483141, 45.951757890587153 ], [ 18.245879066483141, 45.951321032104254 ], [ 18.245988281103866, 45.951321032104254 ], [ 18.245988281103866, 45.950447315138462 ], [ 18.245879066483141, 45.950447315138462 ], [ 18.245879066483141, 45.950119671276283 ], [ 18.245988281103866, 45.950119671276283 ], [ 18.245988281103866, 45.950010456655562 ], [ 18.246643568828212, 45.950010456655562 ], [ 18.246643568828212, 45.949682812793391 ], [ 18.246534354207487, 45.949682812793391 ], [ 18.246534354207487, 45.949573598172663 ], [ 18.246315924966037, 45.949573598172663 ], [ 18.246315924966037, 45.949464383551941 ], [ 18.245551422620967, 45.949464383551941 ], [ 18.245551422620967, 45.94935516893122 ], [ 18.246752783448933, 45.94935516893122 ], [ 18.246752783448933, 45.949464383551941 ], [ 18.246971212690383, 45.949464383551941 ], [ 18.246971212690383, 45.949573598172663 ], [ 18.247080427311108, 45.949573598172663 ], [ 18.247080427311108, 45.949682812793391 ], [ 18.247189641931833, 45.949682812793391 ], [ 18.247189641931833, 45.949573598172663 ], [ 18.247298856552554, 45.949573598172663 ], [ 18.247298856552554, 45.94913673968977 ], [ 18.247408071173279, 45.94913673968977 ], [ 18.247408071173279, 45.948699881206871 ], [ 18.247517285794004, 45.948699881206871 ], [ 18.247517285794004, 45.948263022723971 ], [ 18.247626500414729, 45.948263022723971 ], [ 18.247626500414729, 45.947826164241079 ], [ 18.247735715035454, 45.947826164241079 ], [ 18.247735715035454, 45.94771694962035 ], [ 18.2479541442769, 45.94771694962035 ], [ 18.2479541442769, 45.947607734999629 ], [ 18.248063358897625, 45.947607734999629 ], [ 18.248063358897625, 45.947498520378907 ], [ 18.24817257351835, 45.947498520378907 ], [ 18.24817257351835, 45.947389305758179 ], [ 18.248281788139074, 45.947389305758179 ], [ 18.248281788139074, 45.947280091137458 ], [ 18.248391002759799, 45.947280091137458 ], [ 18.248391002759799, 45.947170876516729 ], [ 18.248500217380524, 45.947170876516729 ], [ 18.248500217380524, 45.945751086447316 ], [ 18.248391002759799, 45.945751086447316 ], [ 18.248391002759799, 45.945532657205867 ], [ 18.248281788139074, 45.945532657205867 ], [ 18.248281788139074, 45.945641871826595 ], [ 18.248063358897625, 45.945641871826595 ], [ 18.248063358897625, 45.945751086447316 ], [ 18.247735715035454, 45.945751086447316 ], [ 18.247735715035454, 45.945532657205867 ], [ 18.247626500414729, 45.945532657205867 ], [ 18.247626500414729, 45.945205013343696 ], [ 18.247735715035454, 45.945205013343696 ], [ 18.247735715035454, 45.944986584102246 ], [ 18.247844929656178, 45.944986584102246 ], [ 18.247844929656178, 45.944877369481524 ], [ 18.248063358897625, 45.944877369481524 ], [ 18.248063358897625, 45.944440510998625 ], [ 18.2479541442769, 45.944440510998625 ], [ 18.2479541442769, 45.944331296377904 ], [ 18.248063358897625, 45.944331296377904 ], [ 18.248063358897625, 45.943894437895004 ], [ 18.24817257351835, 45.943894437895004 ], [ 18.24817257351835, 45.944549725619346 ], [ 18.248281788139074, 45.944549725619346 ], [ 18.248281788139074, 45.944768154860796 ], [ 18.248391002759799, 45.944768154860796 ], [ 18.248391002759799, 45.944986584102246 ], [ 18.248500217380524, 45.944986584102246 ], [ 18.248500217380524, 45.945205013343696 ], [ 18.248609432001246, 45.945205013343696 ], [ 18.248609432001246, 45.945969515688766 ], [ 18.24871864662197, 45.945969515688766 ], [ 18.24871864662197, 45.946406374171659 ], [ 18.248827861242695, 45.946406374171659 ], [ 18.248827861242695, 45.946624803413108 ], [ 18.249046290484145, 45.946624803413108 ], [ 18.249046290484145, 45.946734018033837 ], [ 18.24915550510487, 45.946734018033837 ], [ 18.24915550510487, 45.946843232654558 ], [ 18.249264719725591, 45.946843232654558 ], [ 18.249264719725591, 45.946952447275287 ], [ 18.249373934346316, 45.946952447275287 ], [ 18.249373934346316, 45.947061661896008 ], [ 18.249483148967041, 45.947061661896008 ], [ 18.249483148967041, 45.947280091137458 ], [ 18.249592363587766, 45.947280091137458 ], [ 18.249592363587766, 45.947498520378907 ], [ 18.249701578208491, 45.947498520378907 ], [ 18.249701578208491, 45.947607734999629 ], [ 18.249810792829212, 45.947607734999629 ], [ 18.249810792829212, 45.94771694962035 ], [ 18.249920007449937, 45.94771694962035 ], [ 18.249920007449937, 45.947826164241079 ], [ 18.250029222070662, 45.947826164241079 ], [ 18.250029222070662, 45.9479353788618 ], [ 18.250138436691387, 45.9479353788618 ], [ 18.250138436691387, 45.94815380810325 ], [ 18.250247651312112, 45.94815380810325 ], [ 18.250247651312112, 45.94891831044832 ], [ 18.250138436691387, 45.94891831044832 ], [ 18.250138436691387, 45.949464383551941 ], [ 18.250247651312112, 45.949464383551941 ], [ 18.250247651312112, 45.949573598172663 ], [ 18.250356865932837, 45.949573598172663 ], [ 18.250356865932837, 45.949682812793391 ], [ 18.251230582898629, 45.949682812793391 ], [ 18.251230582898629, 45.949573598172663 ], [ 18.25232272910587, 45.949573598172663 ], [ 18.25232272910587, 45.949464383551941 ], [ 18.252978016830216, 45.949464383551941 ], [ 18.252978016830216, 45.949573598172663 ], [ 18.253087231450941, 45.949573598172663 ], [ 18.253087231450941, 45.949901242034841 ], [ 18.253196446071666, 45.949901242034841 ], [ 18.253196446071666, 45.950119671276283 ], [ 18.253305660692391, 45.950119671276283 ], [ 18.253305660692391, 45.950338100517733 ], [ 18.253414875313116, 45.950338100517733 ], [ 18.253414875313116, 45.951102602862804 ], [ 18.253305660692391, 45.951102602862804 ], [ 18.253305660692391, 45.951211817483532 ], [ 18.253196446071666, 45.951211817483532 ], [ 18.253196446071666, 45.951321032104254 ], [ 18.25275958758877, 45.951321032104254 ], [ 18.25275958758877, 45.951430246724975 ], [ 18.25232272910587, 45.951430246724975 ], [ 18.25232272910587, 45.951539461345703 ], [ 18.251776656002249, 45.951539461345703 ], [ 18.251776656002249, 45.951648675966425 ], [ 18.251339797519353, 45.951648675966425 ], [ 18.251339797519353, 45.951757890587153 ], [ 18.251121368277904, 45.951757890587153 ], [ 18.251121368277904, 45.951867105207874 ], [ 18.251012153657182, 45.951867105207874 ], [ 18.251012153657182, 45.952522392932224 ], [ 18.250902939036457, 45.952522392932224 ], [ 18.250902939036457, 45.953177680656566 ], [ 18.251012153657182, 45.953177680656566 ], [ 18.251012153657182, 45.953286895277287 ], [ 18.250684509795008, 45.953286895277287 ], [ 18.250684509795008, 45.953505324518737 ], [ 18.250575295174283, 45.953505324518737 ], [ 18.250575295174283, 45.953396109898016 ], [ 18.250466080553558, 45.953396109898016 ], [ 18.250466080553558, 45.953286895277287 ], [ 18.250356865932837, 45.953286895277287 ], [ 18.250356865932837, 45.953177680656566 ], [ 18.250247651312112, 45.953177680656566 ], [ 18.250247651312112, 45.953068466035845 ], [ 18.250138436691387, 45.953068466035845 ], [ 18.250138436691387, 45.952850036794395 ], [ 18.250247651312112, 45.952850036794395 ], [ 18.250247651312112, 45.952522392932224 ], [ 18.250138436691387, 45.952522392932224 ], [ 18.250138436691387, 45.951976319828603 ], [ 18.250247651312112, 45.951976319828603 ], [ 18.250247651312112, 45.951867105207874 ], [ 18.250138436691387, 45.951867105207874 ], [ 18.250138436691387, 45.951430246724975 ], [ 18.250029222070662, 45.951430246724975 ], [ 18.250029222070662, 45.951211817483532 ], [ 18.249920007449937, 45.951211817483532 ], [ 18.249920007449937, 45.951102602862804 ], [ 18.249810792829212, 45.951102602862804 ], [ 18.249810792829212, 45.950665744379911 ], [ 18.249701578208491, 45.950665744379911 ], [ 18.249701578208491, 45.950556529759183 ], [ 18.249483148967041, 45.950556529759183 ], [ 18.249483148967041, 45.951102602862804 ], [ 18.249373934346316, 45.951102602862804 ], [ 18.249373934346316, 45.951321032104254 ], [ 18.249483148967041, 45.951321032104254 ], [ 18.249483148967041, 45.952085534449324 ], [ 18.249592363587766, 45.952085534449324 ], [ 18.249592363587766, 45.952303963690774 ], [ 18.249701578208491, 45.952303963690774 ], [ 18.249701578208491, 45.952850036794395 ], [ 18.249810792829212, 45.952850036794395 ], [ 18.249810792829212, 45.953068466035845 ], [ 18.249920007449937, 45.953068466035845 ], [ 18.249920007449937, 45.953177680656566 ], [ 18.249810792829212, 45.953177680656566 ], [ 18.249810792829212, 45.953505324518737 ], [ 18.249701578208491, 45.953505324518737 ], [ 18.249701578208491, 45.953614539139465 ], [ 18.249592363587766, 45.953614539139465 ], [ 18.249592363587766, 45.953723753760187 ], [ 18.249483148967041, 45.953723753760187 ], [ 18.249483148967041, 45.953832968380915 ], [ 18.249046290484145, 45.953832968380915 ] ] ] } },
{ "type": "Feature", "properties": { "parcel_id": 108, "area_ha": 27.74, "pixels": 2774 }, "geometry": { "type": "Polygon", "coordinates": [ [ [ 18.287380622358363, 45.953614539139465 ], [ 18.287380622358363, 45.952959251415116 ], [ 18.287271407737638, 45.952959251415116 ], [ 18.287271407737638, 45.950774959000633 ], [ 18.287162193116913, 45.950774959000633 ], [ 18.287162193116913, 45.950228885897012 ], [ 18.287271407737638, 45.950228885897012 ], [ 18.287271407737638, 45.949682812793391 ], [ 18.287162193116913, 45.949682812793391 ], [ 18.287162193116913, 45.947826164241079 ], [ 18.287052978496188, 45.947826164241079 ], [ 18.287052978496188, 45.946624803413108 ], [ 18.286943763875463, 45.946624803413108 ], [ 18.286943763875463, 45.946078730309488 ], [ 18.287052978496188, 45.946078730309488 ], [ 18.287052978496188, 45.944549725619346 ], [ 18.286943763875463, 45.944549725619346 ], [ 18.286943763875463, 45.944440510998625 ], [ 18.284104183736634, 45.944440510998625 ], [ 18.284104183736634, 45.944331296377904 ], [ 18.283558110633013, 45.944331296377904 ], [ 18.283558110633013, 45.944440510998625 ], [ 18.279954028149113, 45.944440510998625 ], [ 18.279954028149113, 45.944331296377904 ], [ 18.279080311183318, 45.944331296377904 ], [ 18.279080311183318, 45.944222081757175 ], [ 18.278861881941868, 45.944222081757175 ], [ 18.278861881941868, 45.944112867136454 ], [ 18.278643452700422, 45.944112867136454 ], [ 18.278643452700422, 45.944003652515725 ], [ 18.277769735734626, 45.944003652515725 ], [ 18.277769735734626, 45.943894437895004 ], [ 18.277551306493176, 45.943894437895004 ], [ 18.277551306493176, 45.943785223274283 ], [ 18.277442091872455, 45.943785223274283 ], [ 18.277442091872455, 45.943676008653554 ], [ 18.277114448010281, 45.943676008653554 ], [ 18.277114448010281, 45.943785223274283 ], [ 18.27656837490666, 45.943785223274283 ], [ 18.27656837490666, 45.943894437895004 ], [ 18.276240731044485, 45.943894437895004 ], [ 18.276240731044485, 45.943785223274283 ], [ 18.27634994566521, 45.943785223274283 ], [ 18.27634994566521, 45.943676008653554 ], [ 18.276786804148109, 45.943676008653554 ], [ 18.276786804148109, 45.943566794032833 ], [ 18.277660521113901, 45.943566794032833 ], [ 18.277660521113901, 45.943676008653554 ], [ 18.277769735734626, 45.943676008653554 ], [ 18.277769735734626, 45.943785223274283 ], [ 18.278315808838247, 45.943785223274283 ], [ 18.278315808838247, 45.943676008653554 ], [ 18.278425023458972, 45.943676008653554 ], [ 18.278425023458972, 45.943566794032833 ], [ 18.278534238079697, 45.943566794032833 ], [ 18.278534238079697, 45.943239150170655 ], [ 18.278425023458972, 45.943239150170655 ], [ 18.278425023458972, 45.943129935549933 ], [ 18.275803872561589, 45.943129935549933 ], [ 18.275803872561589, 45.943020720929212 ], [ 18.272418219319139, 45.943020720929212 ], [ 18.272418219319139, 45.942911506308484 ], [ 18.271762931594793, 45.942911506308484 ], [ 18.271762931594793, 45.943020720929212 ], [ 18.268486492973064, 45.943020720929212 ], [ 18.268486492973064, 45.942911506308484 ], [ 18.267394346765823, 45.942911506308484 ], [ 18.267394346765823, 45.943020720929212 ], [ 18.266629844420752, 45.943020720929212 ], [ 18.266629844420752, 45.942911506308484 ], [ 18.266302200558577, 45.942911506308484 ], [ 18.266302200558577, 45.942802291687762 ], [ 18.280281672011284, 45.942802291687762 ], [ 18.280281672011284, 45.942693077067034 ], [ 18.285414759185326, 45.942693077067034 ], [ 18.285414759185326, 45.942802291687762 ], [ 18.286397690771842, 45.942802291687762 ], [ 18.286397690771842, 45.942693077067034 ], [ 18.287052978496188, 45.942693077067034 ], [ 18.287052978496188, 45.942802291687762 ], [ 18.287271407737638, 45.942802291687762 ], [ 18.287271407737638, 45.942911506308484 ], [ 18.287380622358363, 45.942911506308484 ], [ 18.287380622358363, 45.944331296377904 ], [ 18.287271407737638, 45.944331296377904 ], [ 18.287271407737638, 45.944768154860796 ], [ 18.287380622358363, 45.944768154860796 ], [ 18.287380622358363, 45.945532657205867 ], [ 18.287271407737638, 45.945532657205867 ], [ 18.287271407737638, 45.946406374171659 ], [ 18.287380622358363, 45.946406374171659 ], [ 18.287380622358363, 45.946952447275287 ], [ 18.287708266220534, 45.946952447275287 ], [ 18.287708266220534, 45.946843232654558 ], [ 18.28836355394488, 45.946843232654558 ], [ 18.28836355394488, 45.946734018033837 ], [ 18.28912805628995, 45.946734018033837 ], [ 18.28912805628995, 45.946624803413108 ], [ 18.2893464855314, 45.946624803413108 ], [ 18.2893464855314, 45.953505324518737 ], [ 18.287489836979088, 45.953505324518737 ], [ 18.287489836979088, 45.953614539139465 ], [ 18.287380622358363, 45.953614539139465 ] ] ] } },
{ "type": "Feature", "properties": { "parcel_id": 109, "area_ha": 16.75, "pixels": 1675 }, "geometry": { "type": "Polygon", "coordinates": [ [ [ 18.268814136835235, 45.953505324518737 ], [ 18.268814136835235, 45.953068466035845 ], [ 18.26892335145596, 45.953068466035845 ], [ 18.26892335145596, 45.952522392932224 ], [ 18.269032566076685, 45.952522392932224 ], [ 18.269032566076685, 45.952085534449324 ], [ 18.26914178069741, 45.952085534449324 ], [ 18.26914178069741, 45.951757890587153 ], [ 18.269250995318135, 45.951757890587153 ], [ 18.269250995318135, 45.951648675966425 ], [ 18.269469424559581, 45.951648675966425 ], [ 18.269469424559581, 45.951539461345703 ], [ 18.270452356146102, 45.951539461345703 ], [ 18.270452356146102, 45.951430246724975 ], [ 18.270889214628998, 45.951430246724975 ], [ 18.270889214628998, 45.951211817483532 ], [ 18.269687853801031, 45.951211817483532 ], [ 18.269687853801031, 45.951102602862804 ], [ 18.269469424559581, 45.951102602862804 ], [ 18.269469424559581, 45.950774959000633 ], [ 18.269578639180306, 45.950774959000633 ], [ 18.269578639180306, 45.950665744379911 ], [ 18.269797068421756, 45.950665744379911 ], [ 18.269797068421756, 45.950556529759183 ], [ 18.270124712283927, 45.950556529759183 ], [ 18.270124712283927, 45.950447315138462 ], [ 18.270670785387548, 45.950447315138462 ], [ 18.270670785387548, 45.950338100517733 ], [ 18.271216858491169, 45.950338100517733 ], [ 18.271216858491169, 45.950119671276283 ], [ 18.271762931594793, 45.950119671276283 ], [ 18.271762931594793, 45.950010456655562 ], [ 18.272199790077689, 45.950010456655562 ], [ 18.272199790077689, 45.950119671276283 ], [ 18.272636648560585, 45.950119671276283 ], [ 18.272636648560585, 45.950010456655562 ], [ 18.274711726354347, 45.950010456655562 ], [ 18.274711726354347, 45.949901242034841 ], [ 18.275476228699418, 45.949901242034841 ], [ 18.275476228699418, 45.950010456655562 ], [ 18.275367014078693, 45.950010456655562 ], [ 18.275367014078693, 45.950119671276283 ], [ 18.275257799457968, 45.950119671276283 ], [ 18.275257799457968, 45.950228885897012 ], [ 18.275148584837243, 45.950228885897012 ], [ 18.275148584837243, 45.950665744379911 ], [ 18.275257799457968, 45.950665744379911 ], [ 18.275257799457968, 45.950884173621354 ], [ 18.275367014078693, 45.950884173621354 ], [ 18.275367014078693, 45.951211817483532 ], [ 18.275257799457968, 45.951211817483532 ], [ 18.275257799457968, 45.951539461345703 ], [ 18.275367014078693, 45.951539461345703 ], [ 18.275367014078693, 45.951648675966425 ], [ 18.275694657940864, 45.951648675966425 ], [ 18.275694657940864, 45.951757890587153 ], [ 18.275803872561589, 45.951757890587153 ], [ 18.275803872561589, 45.951867105207874 ], [ 18.275476228699418, 45.951867105207874 ], [ 18.275476228699418, 45.951976319828603 ], [ 18.275367014078693, 45.951976319828603 ], [ 18.275367014078693, 45.952085534449324 ], [ 18.275257799457968, 45.952085534449324 ], [ 18.275257799457968, 45.952522392932224 ], [ 18.275367014078693, 45.952522392932224 ], [ 18.275367014078693, 45.952631607552945 ], [ 18.275585443320139, 45.952631607552945 ], [ 18.275585443320139, 45.952740822173666 ], [ 18.275803872561589, 45.952740822173666 ], [ 18.275803872561589, 45.952631607552945 ], [ 18.276022301803039, 45.952631607552945 ], [ 18.276022301803039, 45.952740822173666 ], [ 18.275913087182314, 45.952740822173666 ], [ 18.275913087182314, 45.952850036794395 ], [ 18.275803872561589, 45.952850036794395 ], [ 18.275803872561589, 45.953068466035845 ], [ 18.276022301803039, 45.953068466035845 ], [ 18.276022301803039, 45.953177680656566 ], [ 18.275476228699418, 45.953177680656566 ], [ 18.275476228699418, 45.953286895277287 ], [ 18.274165653250726, 45.953286895277287 ], [ 18.274165653250726, 45.953396109898016 ], [ 18.27274586318131, 45.953396109898016 ], [ 18.27274586318131, 45.953505324518737 ], [ 18.268814136835235, 45.953505324518737 ] ] ] } },
{ "type": "Feature", "properties": { "parcel_id": 110, "area_ha": 16.3, "pixels": 1630 }, "geometry": { "type": "Polygon", "coordinates": [ [ [ 18.276240731044485, 45.953286895277287 ], [ 18.276240731044485, 45.953177680656566 ], [ 18.276022301803039, 45.953177680656566 ], [ 18.276022301803039, 45.953068466035845 ], [ 18.275803872561589, 45.953068466035845 ], [ 18.275803872561589, 45.952850036794395 ], [ 18.275913087182314, 45.952850036794395 ], [ 18.275913087182314, 45.952740822173666 ], [ 18.276022301803039, 45.952740822173666 ], [ 18.276022301803039, 45.952631607552945 ], [ 18.277223662631005, 45.952631607552945 ], [ 18.277223662631005, 45.952740822173666 ], [ 18.277769735734626, 45.952740822173666 ], [ 18.277769735734626, 45.952631607552945 ], [ 18.278097379596797, 45.952631607552945 ], [ 18.278097379596797, 45.952522392932224 ], [ 18.278752667321143, 45.952522392932224 ], [ 18.278752667321143, 45.952413178311495 ], [ 18.279517169666214, 45.952413178311495 ], [ 18.279517169666214, 45.952303963690774 ], [ 18.280827745114905, 45.952303963690774 ], [ 18.280827745114905, 45.952194749070046 ], [ 18.281483032839251, 45.952194749070046 ], [ 18.281483032839251, 45.952085534449324 ], [ 18.281810676701426, 45.952085534449324 ], [ 18.281810676701426, 45.951976319828603 ], [ 18.281919891322147, 45.951976319828603 ], [ 18.281919891322147, 45.951867105207874 ], [ 18.282029105942872, 45.951867105207874 ], [ 18.282029105942872, 45.951757890587153 ], [ 18.281919891322147, 45.951757890587153 ], [ 18.281919891322147, 45.951539461345703 ], [ 18.278752667321143, 45.951539461345703 ], [ 18.278752667321143, 45.951648675966425 ], [ 18.276677589527385, 45.951648675966425 ], [ 18.276677589527385, 45.951757890587153 ], [ 18.275694657940864, 45.951757890587153 ], [ 18.275694657940864, 45.951648675966425 ], [ 18.275367014078693, 45.951648675966425 ], [ 18.275367014078693, 45.951539461345703 ], [ 18.275257799457968, 45.951539461345703 ], [ 18.275257799457968, 45.951211817483532 ], [ 18.275367014078693, 45.951211817483532 ], [ 18.275367014078693, 45.950884173621354 ], [ 18.275257799457968, 45.950884173621354 ], [ 18.275257799457968, 45.950665744379911 ], [ 18.275148584837243, 45.950665744379911 ], [ 18.275148584837243, 45.950228885897012 ], [ 18.275257799457968, 45.950228885897012 ], [ 18.275257799457968, 45.950119671276283 ], [ 18.275367014078693, 45.950119671276283 ], [ 18.275367014078693, 45.950010456655562 ], [ 18.275476228699418, 45.950010456655562 ], [ 18.275476228699418, 45.949901242034841 ], [ 18.274711726354347, 45.949901242034841 ], [ 18.274711726354347, 45.950010456655562 ], [ 18.272636648560585, 45.950010456655562 ], [ 18.272636648560585, 45.950119671276283 ], [ 18.272199790077689, 45.950119671276283 ], [ 18.272199790077689, 45.950010456655562 ], [ 18.272309004698414, 45.950010456655562 ], [ 18.272309004698414, 45.949901242034841 ], [ 18.27274586318131, 45.949901242034841 ], [ 18.27274586318131, 45.949792027414112 ], [ 18.274493297112897, 45.949792027414112 ], [ 18.274493297112897, 45.949682812793391 ], [ 18.275803872561589, 45.949682812793391 ], [ 18.275803872561589, 45.949573598172663 ], [ 18.27656837490666, 45.949573598172663 ], [ 18.27656837490666, 45.949464383551941 ], [ 18.27733287725173, 45.949464383551941 ], [ 18.27733287725173, 45.94935516893122 ], [ 18.277878950355351, 45.94935516893122 ], [ 18.277878950355351, 45.949245954310491 ], [ 18.278315808838247, 45.949245954310491 ], [ 18.278315808838247, 45.94913673968977 ], [ 18.278752667321143, 45.94913673968977 ], [ 18.278752667321143, 45.949027525069042 ], [ 18.279189525804043, 45.949027525069042 ], [ 18.279189525804043, 45.948809095827599 ], [ 18.279298740424768, 45.948809095827599 ], [ 18.279298740424768, 45.948699881206871 ], [ 18.279735598907664, 45.948699881206871 ], [ 18.279735598907664, 45.948590666586149 ], [ 18.280063242769835, 45.948590666586149 ], [ 18.280063242769835, 45.948481451965421 ], [ 18.280281672011284, 45.948481451965421 ], [ 18.280281672011284, 45.948372237344699 ], [ 18.280500101252734, 45.948372237344699 ], [ 18.280500101252734, 45.948263022723971 ], [ 18.280609315873459, 45.948263022723971 ], [ 18.280609315873459, 45.94815380810325 ], [ 18.280827745114905, 45.94815380810325 ], [ 18.280827745114905, 45.948044593482528 ], [ 18.28093695973563, 45.948044593482528 ], [ 18.28093695973563, 45.9479353788618 ], [ 18.281264603597801, 45.9479353788618 ], [ 18.281264603597801, 45.947826164241079 ], [ 18.281373818218526, 45.947826164241079 ], [ 18.281373818218526, 45.948372237344699 ], [ 18.281264603597801, 45.948372237344699 ], [ 18.281264603597801, 45.948481451965421 ], [ 18.281046174356355, 45.948481451965421 ], [ 18.281046174356355, 45.948590666586149 ], [ 18.28093695973563, 45.948590666586149 ], [ 18.28093695973563, 45.948699881206871 ], [ 18.280827745114905, 45.948699881206871 ], [ 18.280827745114905, 45.948809095827599 ], [ 18.28071853049418, 45.948809095827599 ], [ 18.28071853049418, 45.94891831044832 ], [ 18.280609315873459, 45.94891831044832 ], [ 18.280609315873459, 45.949027525069042 ], [ 18.280500101252734, 45.949027525069042 ], [ 18.280500101252734, 45.94935516893122 ], [ 18.280827745114905, 45.94935516893122 ], [ 18.280827745114905, 45.949464383551941 ], [ 18.281373818218526, 45.949464383551941 ], [ 18.281373818218526, 45.949573598172663 ], [ 18.281592247459976, 45.949573598172663 ], [ 18.281592247459976, 45.949792027414112 ], [ 18.281483032839251, 45.949792027414112 ], [ 18.281483032839251, 45.949901242034841 ], [ 18.281264603597801, 45.949901242034841 ], [ 18.281264603597801, 45.950010456655562 ], [ 18.28093695973563, 45.950010456655562 ], [ 18.28093695973563, 45.950119671276283 ], [ 18.28071853049418, 45.950119671276283 ], [ 18.28071853049418, 45.950228885897012 ], [ 18.280609315873459, 45.950228885897012 ], [ 18.280609315873459, 45.950338100517733 ], [ 18.28071853049418, 45.950338100517733 ], [ 18.28071853049418, 45.950447315138462 ], [ 18.28093695973563, 45.950447315138462 ], [ 18.28093695973563, 45.950556529759183 ], [ 18.28115538897708, 45.950556529759183 ], [ 18.28115538897708, 45.950665744379911 ], [ 18.281264603597801, 45.950665744379911 ], [ 18.281264603597801, 45.950774959000633 ], [ 18.281373818218526, 45.950774959000633 ], [ 18.281373818218526, 45.950884173621354 ], [ 18.281264603597801, 45.950884173621354 ], [ 18.281264603597801, 45.950993388242082 ], [ 18.28115538897708, 45.950993388242082 ], [ 18.28115538897708, 45.951102602862804 ], [ 18.281264603597801, 45.951102602862804 ], [ 18.281264603597801, 45.951211817483532 ], [ 18.281810676701426, 45.951211817483532 ], [ 18.281810676701426, 45.951321032104254 ], [ 18.282138320563597, 45.951321032104254 ], [ 18.282138320563597, 45.951430246724975 ], [ 18.282247535184322, 45.951430246724975 ], [ 18.282247535184322, 45.952085534449324 ], [ 18.282138320563597, 45.952085534449324 ], [ 18.282138320563597, 45.952194749070046 ], [ 18.282029105942872, 45.952194749070046 ], [ 18.282029105942872, 45.952303963690774 ], [ 18.281919891322147, 45.952303963690774 ], [ 18.281919891322147, 45.952413178311495 ], [ 18.281810676701426, 45.952413178311495 ], [ 18.281810676701426, 45.952522392932224 ], [ 18.281919891322147, 45.952522392932224 ], [ 18.281919891322147, 45.952631607552945 ], [ 18.282465964425771, 45.952631607552945 ], [ 18.282465964425771, 45.952740822173666 ], [ 18.281810676701426, 45.952740822173666 ], [ 18.281810676701426, 45.952850036794395 ], [ 18.28093695973563, 45.952850036794395 ], [ 18.28093695973563, 45.952959251415116 ], [ 18.278971096562593, 45.952959251415116 ], [ 18.278971096562593, 45.953068466035845 ], [ 18.277005233389556, 45.953068466035845 ], [ 18.277005233389556, 45.953177680656566 ], [ 18.27656837490666, 45.953177680656566 ], [ 18.27656837490666, 45.953286895277287 ], [ 18.276240731044485, 45.953286895277287 ] ] ] } },
{ "type": "Feature", "properties": { "parcel_id": 111, "area_ha": 17.95, "pixels": 1795 }, "geometry": { "type": "Polygon", "coordinates": [ [ [ 18.258547962487157, 45.953177680656566 ], [ 18.258547962487157, 45.953068466035845 ], [ 18.258220318624982, 45.953068466035845 ], [ 18.258220318624982, 45.952959251415116 ], [ 18.257455816279911, 45.952959251415116 ], [ 18.257455816279911, 45.952850036794395 ], [ 18.257237387038465, 45.952850036794395 ], [ 18.257237387038465, 45.952631607552945 ], [ 18.25712817241774, 45.952631607552945 ], [ 18.25712817241774, 45.952413178311495 ], [ 18.257018957797015, 45.952413178311495 ], [ 18.257018957797015, 45.952194749070046 ], [ 18.256909743176291, 45.952194749070046 ], [ 18.256909743176291, 45.951757890587153 ], [ 18.256800528555566, 45.951757890587153 ], [ 18.256800528555566, 45.951539461345703 ], [ 18.256691313934844, 45.951539461345703 ], [ 18.256691313934844, 45.951321032104254 ], [ 18.25636367007267, 45.951321032104254 ], [ 18.25636367007267, 45.950993388242082 ], [ 18.256472884693395, 45.950993388242082 ], [ 18.256472884693395, 45.950774959000633 ], [ 18.256582099314119, 45.950774959000633 ], [ 18.256582099314119, 45.950665744379911 ], [ 18.256691313934844, 45.950665744379911 ], [ 18.256691313934844, 45.950556529759183 ], [ 18.256800528555566, 45.950556529759183 ], [ 18.256800528555566, 45.950338100517733 ], [ 18.256909743176291, 45.950338100517733 ], [ 18.256909743176291, 45.950228885897012 ], [ 18.257018957797015, 45.950228885897012 ], [ 18.257018957797015, 45.950119671276283 ], [ 18.25712817241774, 45.950119671276283 ], [ 18.25712817241774, 45.949901242034841 ], [ 18.257237387038465, 45.949901242034841 ], [ 18.257237387038465, 45.949792027414112 ], [ 18.257346601659187, 45.949792027414112 ], [ 18.257346601659187, 45.949573598172663 ], [ 18.257455816279911, 45.949573598172663 ], [ 18.257455816279911, 45.94935516893122 ], [ 18.257565030900636, 45.94935516893122 ], [ 18.257565030900636, 45.94913673968977 ], [ 18.257674245521361, 45.94913673968977 ], [ 18.257674245521361, 45.94891831044832 ], [ 18.257783460142086, 45.94891831044832 ], [ 18.257783460142086, 45.948809095827599 ], [ 18.257892674762811, 45.948809095827599 ], [ 18.257892674762811, 45.948699881206871 ], [ 18.258001889383532, 45.948699881206871 ], [ 18.258001889383532, 45.948590666586149 ], [ 18.258329533245707, 45.948590666586149 ], [ 18.258329533245707, 45.948481451965421 ], [ 18.258438747866432, 45.948481451965421 ], [ 18.258438747866432, 45.94815380810325 ], [ 18.258547962487157, 45.94815380810325 ], [ 18.258547962487157, 45.9479353788618 ], [ 18.258657177107878, 45.9479353788618 ], [ 18.258657177107878, 45.947826164241079 ], [ 18.258766391728603, 45.947826164241079 ], [ 18.258766391728603, 45.94771694962035 ], [ 18.258984820970053, 45.94771694962035 ], [ 18.258984820970053, 45.947498520378907 ], [ 18.258875606349328, 45.947498520378907 ], [ 18.258875606349328, 45.946952447275287 ], [ 18.258984820970053, 45.946952447275287 ], [ 18.258984820970053, 45.946734018033837 ], [ 18.259094035590778, 45.946734018033837 ], [ 18.259094035590778, 45.946406374171659 ], [ 18.259203250211502, 45.946406374171659 ], [ 18.259203250211502, 45.946187944930216 ], [ 18.259312464832224, 45.946187944930216 ], [ 18.259312464832224, 45.945969515688766 ], [ 18.259203250211502, 45.945969515688766 ], [ 18.259203250211502, 45.945751086447316 ], [ 18.259640108694398, 45.945751086447316 ], [ 18.259640108694398, 45.945860301068038 ], [ 18.259749323315123, 45.945860301068038 ], [ 18.259749323315123, 45.946078730309488 ], [ 18.259858537935845, 45.946078730309488 ], [ 18.259858537935845, 45.946406374171659 ], [ 18.25996775255657, 45.946406374171659 ], [ 18.25996775255657, 45.946734018033837 ], [ 18.260076967177294, 45.946734018033837 ], [ 18.260076967177294, 45.946843232654558 ], [ 18.25996775255657, 45.946843232654558 ], [ 18.25996775255657, 45.947170876516729 ], [ 18.259858537935845, 45.947170876516729 ], [ 18.259858537935845, 45.947280091137458 ], [ 18.25996775255657, 45.947280091137458 ], [ 18.25996775255657, 45.947498520378907 ], [ 18.260076967177294, 45.947498520378907 ], [ 18.260076967177294, 45.947826164241079 ], [ 18.260186181798019, 45.947826164241079 ], [ 18.260186181798019, 45.9479353788618 ], [ 18.260295396418744, 45.9479353788618 ], [ 18.260295396418744, 45.948044593482528 ], [ 18.260404611039469, 45.948044593482528 ], [ 18.260404611039469, 45.94815380810325 ], [ 18.26051382566019, 45.94815380810325 ], [ 18.26051382566019, 45.948263022723971 ], [ 18.26073225490164, 45.948263022723971 ], [ 18.26073225490164, 45.948372237344699 ], [ 18.260841469522365, 45.948372237344699 ], [ 18.260841469522365, 45.948590666586149 ], [ 18.26095068414309, 45.948590666586149 ], [ 18.26095068414309, 45.949027525069042 ], [ 18.261059898763815, 45.949027525069042 ], [ 18.261059898763815, 45.949573598172663 ], [ 18.26095068414309, 45.949573598172663 ], [ 18.26095068414309, 45.949792027414112 ], [ 18.261059898763815, 45.949792027414112 ], [ 18.261059898763815, 45.950010456655562 ], [ 18.261169113384536, 45.950010456655562 ], [ 18.261169113384536, 45.950338100517733 ], [ 18.261278328005261, 45.950338100517733 ], [ 18.261278328005261, 45.950665744379911 ], [ 18.261387542625986, 45.950665744379911 ], [ 18.261387542625986, 45.951321032104254 ], [ 18.261496757246711, 45.951321032104254 ], [ 18.261496757246711, 45.951539461345703 ], [ 18.261387542625986, 45.951539461345703 ], [ 18.261387542625986, 45.951757890587153 ], [ 18.261278328005261, 45.951757890587153 ], [ 18.261278328005261, 45.951976319828603 ], [ 18.261169113384536, 45.951976319828603 ], [ 18.261169113384536, 45.952085534449324 ], [ 18.261278328005261, 45.952085534449324 ], [ 18.261278328005261, 45.952194749070046 ], [ 18.261387542625986, 45.952194749070046 ], [ 18.261387542625986, 45.952522392932224 ], [ 18.261278328005261, 45.952522392932224 ], [ 18.261278328005261, 45.952631607552945 ], [ 18.260841469522365, 45.952631607552945 ], [ 18.260841469522365, 45.952740822173666 ], [ 18.260623040280915, 45.952740822173666 ], [ 18.260623040280915, 45.952850036794395 ], [ 18.259640108694398, 45.952850036794395 ], [ 18.259640108694398, 45.952959251415116 ], [ 18.259312464832224, 45.952959251415116 ], [ 18.259312464832224, 45.953068466035845 ], [ 18.259094035590778, 45.953068466035845 ], [ 18.259094035590778, 45.953177680656566 ], [ 18.258547962487157, 45.953177680656566 ] ] ] } },
{ "type": "Feature", "properties": { "parcel_id": 112, "area_ha": 10.62, "pixels": 1062 }, "geometry": { "type": "Polygon", "coordinates": [ [ [ 18.237032682204475, 45.952850036794395 ], [ 18.237032682204475, 45.952413178311495 ], [ 18.2371418968252, 45.952413178311495 ], [ 18.2371418968252, 45.951976319828603 ], [ 18.237251111445921, 45.951976319828603 ], [ 18.237251111445921, 45.951648675966425 ], [ 18.237360326066646, 45.951648675966425 ], [ 18.237360326066646, 45.951539461345703 ], [ 18.237469540687371, 45.951539461345703 ], [ 18.237469540687371, 45.951321032104254 ], [ 18.237578755308096, 45.951321032104254 ], [ 18.237578755308096, 45.950884173621354 ], [ 18.237687969928821, 45.950884173621354 ], [ 18.237687969928821, 45.950556529759183 ], [ 18.237797184549546, 45.950556529759183 ], [ 18.237797184549546, 45.950338100517733 ], [ 18.237687969928821, 45.950338100517733 ], [ 18.237687969928821, 45.949792027414112 ], [ 18.237797184549546, 45.949792027414112 ], [ 18.237797184549546, 45.949682812793391 ], [ 18.237906399170267, 45.949682812793391 ], [ 18.237906399170267, 45.949573598172663 ], [ 18.238015613790992, 45.949573598172663 ], [ 18.238015613790992, 45.949464383551941 ], [ 18.238234043032442, 45.949464383551941 ], [ 18.238234043032442, 45.94935516893122 ], [ 18.238343257653167, 45.94935516893122 ], [ 18.238343257653167, 45.949245954310491 ], [ 18.238452472273892, 45.949245954310491 ], [ 18.238452472273892, 45.94913673968977 ], [ 18.238561686894613, 45.94913673968977 ], [ 18.238561686894613, 45.948809095827599 ], [ 18.238889330756788, 45.948809095827599 ], [ 18.238889330756788, 45.94891831044832 ], [ 18.239326189239684, 45.94891831044832 ], [ 18.239326189239684, 45.949027525069042 ], [ 18.239435403860409, 45.949027525069042 ], [ 18.239435403860409, 45.949245954310491 ], [ 18.239544618481133, 45.949245954310491 ], [ 18.239544618481133, 45.94935516893122 ], [ 18.23976304772258, 45.94935516893122 ], [ 18.23976304772258, 45.949464383551941 ], [ 18.240418335446925, 45.949464383551941 ], [ 18.240418335446925, 45.949573598172663 ], [ 18.24052755006765, 45.949573598172663 ], [ 18.24052755006765, 45.949682812793391 ], [ 18.240636764688375, 45.949682812793391 ], [ 18.240636764688375, 45.949792027414112 ], [ 18.24096440855055, 45.949792027414112 ], [ 18.24096440855055, 45.949901242034841 ], [ 18.241619696274892, 45.949901242034841 ], [ 18.241619696274892, 45.949792027414112 ], [ 18.241728910895617, 45.949792027414112 ], [ 18.241728910895617, 45.949682812793391 ], [ 18.241619696274892, 45.949682812793391 ], [ 18.241619696274892, 45.949573598172663 ], [ 18.241510481654171, 45.949573598172663 ], [ 18.241510481654171, 45.949464383551941 ], [ 18.241182837791996, 45.949464383551941 ], [ 18.241182837791996, 45.94935516893122 ], [ 18.240855193929825, 45.94935516893122 ], [ 18.240855193929825, 45.949245954310491 ], [ 18.240636764688375, 45.949245954310491 ], [ 18.240636764688375, 45.94913673968977 ], [ 18.240418335446925, 45.94913673968977 ], [ 18.240418335446925, 45.949027525069042 ], [ 18.240309120826204, 45.949027525069042 ], [ 18.240309120826204, 45.94891831044832 ], [ 18.240090691584754, 45.94891831044832 ], [ 18.240090691584754, 45.948809095827599 ], [ 18.239872262343304, 45.948809095827599 ], [ 18.239872262343304, 45.948699881206871 ], [ 18.23976304772258, 45.948699881206871 ], [ 18.23976304772258, 45.948590666586149 ], [ 18.239653833101858, 45.948590666586149 ], [ 18.239653833101858, 45.948481451965421 ], [ 18.239435403860409, 45.948481451965421 ], [ 18.239435403860409, 45.948372237344699 ], [ 18.239326189239684, 45.948372237344699 ], [ 18.239326189239684, 45.948263022723971 ], [ 18.238889330756788, 45.948263022723971 ], [ 18.238889330756788, 45.948372237344699 ], [ 18.238780116136063, 45.948372237344699 ], [ 18.238780116136063, 45.948481451965421 ], [ 18.238561686894613, 45.948481451965421 ], [ 18.238561686894613, 45.948590666586149 ], [ 18.238452472273892, 45.948590666586149 ], [ 18.238452472273892, 45.948481451965421 ], [ 18.238343257653167, 45.948481451965421 ], [ 18.238343257653167, 45.948372237344699 ], [ 18.238234043032442, 45.948372237344699 ], [ 18.238234043032442, 45.947826164241079 ], [ 18.238343257653167, 45.947826164241079 ], [ 18.238343257653167, 45.947280091137458 ], [ 18.238234043032442, 45.947280091137458 ], [ 18.238234043032442, 45.947061661896008 ], [ 18.238124828411717, 45.947061661896008 ], [ 18.238124828411717, 45.946624803413108 ], [ 18.238234043032442, 45.946624803413108 ], [ 18.238234043032442, 45.946187944930216 ], [ 18.238124828411717, 45.946187944930216 ], [ 18.238124828411717, 45.945969515688766 ], [ 18.238015613790992, 45.945969515688766 ], [ 18.238015613790992, 45.945314227964417 ], [ 18.237906399170267, 45.945314227964417 ], [ 18.237906399170267, 45.944768154860796 ], [ 18.238015613790992, 45.944768154860796 ], [ 18.238015613790992, 45.943894437895004 ], [ 18.238124828411717, 45.943894437895004 ], [ 18.238124828411717, 45.943785223274283 ], [ 18.238234043032442, 45.943785223274283 ], [ 18.238234043032442, 45.943457579412105 ], [ 18.238124828411717, 45.943457579412105 ], [ 18.238124828411717, 45.943348364791383 ], [ 18.238015613790992, 45.943348364791383 ], [ 18.238015613790992, 45.943239150170655 ], [ 18.237687969928821, 45.943239150170655 ], [ 18.237687969928821, 45.943348364791383 ], [ 18.237469540687371, 45.943348364791383 ], [ 18.237469540687371, 45.943566794032833 ], [ 18.237360326066646, 45.943566794032833 ], [ 18.237360326066646, 45.943785223274283 ], [ 18.237469540687371, 45.943785223274283 ], [ 18.237469540687371, 45.944112867136454 ], [ 18.237360326066646, 45.944112867136454 ], [ 18.237360326066646, 45.944331296377904 ], [ 18.237251111445921, 45.944331296377904 ], [ 18.237251111445921, 45.944440510998625 ], [ 18.2371418968252, 45.944440510998625 ], [ 18.2371418968252, 45.944549725619346 ], [ 18.237032682204475, 45.944549725619346 ], [ 18.237032682204475, 45.944658940240075 ], [ 18.23692346758375, 45.944658940240075 ], [ 18.23692346758375, 45.944986584102246 ], [ 18.237032682204475, 45.944986584102246 ], [ 18.237032682204475, 45.945095798722967 ], [ 18.2371418968252, 45.945095798722967 ], [ 18.2371418968252, 45.945205013343696 ], [ 18.237251111445921, 45.945205013343696 ], [ 18.237251111445921, 45.945860301068038 ], [ 18.2371418968252, 45.945860301068038 ], [ 18.2371418968252, 45.946187944930216 ], [ 18.237032682204475, 45.946187944930216 ], [ 18.237032682204475, 45.946515588792387 ], [ 18.2371418968252, 45.946515588792387 ], [ 18.2371418968252, 45.946734018033837 ], [ 18.237251111445921, 45.946734018033837 ], [ 18.237251111445921, 45.946952447275287 ], [ 18.237360326066646, 45.946952447275287 ], [ 18.237360326066646, 45.947498520378907 ], [ 18.237251111445921, 45.947498520378907 ], [ 18.237251111445921, 45.947607734999629 ], [ 18.2371418968252, 45.947607734999629 ], [ 18.2371418968252, 45.94771694962035 ], [ 18.237032682204475, 45.94771694962035 ], [ 18.237032682204475, 45.9479353788618 ], [ 18.23692346758375, 45.9479353788618 ], [ 18.23692346758375, 45.948044593482528 ], [ 18.236814252963025, 45.948044593482528 ], [ 18.236814252963025, 45.948263022723971 ], [ 18.23692346758375, 45.948263022723971 ], [ 18.23692346758375, 45.948372237344699 ], [ 18.237032682204475, 45.948372237344699 ], [ 18.237032682204475, 45.948590666586149 ], [ 18.2371418968252, 45.948590666586149 ], [ 18.2371418968252, 45.948699881206871 ], [ 18.237251111445921, 45.948699881206871 ], [ 18.237251111445921, 45.949027525069042 ], [ 18.2371418968252, 45.949027525069042 ], [ 18.2371418968252, 45.94913673968977 ], [ 18.237032682204475, 45.94913673968977 ], [ 18.237032682204475, 45.949245954310491 ], [ 18.236814252963025, 45.949245954310491 ], [ 18.236814252963025, 45.94935516893122 ], [ 18.236595823721576, 45.94935516893122 ], [ 18.236595823721576, 45.949464383551941 ], [ 18.236486609100854, 45.949464383551941 ], [ 18.236486609100854, 45.949682812793391 ], [ 18.236595823721576, 45.949682812793391 ], [ 18.236595823721576, 45.949901242034841 ], [ 18.236705038342301, 45.949901242034841 ], [ 18.236705038342301, 45.950010456655562 ], [ 18.236814252963025, 45.950010456655562 ], [ 18.236814252963025, 45.950228885897012 ], [ 18.23692346758375, 45.950228885897012 ], [ 18.23692346758375, 45.950447315138462 ], [ 18.237032682204475, 45.950447315138462 ], [ 18.237032682204475, 45.950665744379911 ], [ 18.23692346758375, 45.950665744379911 ], [ 18.23692346758375, 45.950774959000633 ], [ 18.236814252963025, 45.950774959000633 ], [ 18.236814252963025, 45.950884173621354 ], [ 18.236705038342301, 45.950884173621354 ], [ 18.236705038342301, 45.950993388242082 ], [ 18.236595823721576, 45.950993388242082 ], [ 18.236595823721576, 45.951102602862804 ], [ 18.236486609100854, 45.951102602862804 ], [ 18.236486609100854, 45.951430246724975 ], [ 18.23637739448013, 45.951430246724975 ], [ 18.23637739448013, 45.951648675966425 ], [ 18.236268179859405, 45.951648675966425 ], [ 18.236268179859405, 45.951976319828603 ], [ 18.23615896523868, 45.951976319828603 ], [ 18.23615896523868, 45.951539461345703 ], [ 18.236268179859405, 45.951539461345703 ], [ 18.236268179859405, 45.950774959000633 ], [ 18.236486609100854, 45.950774959000633 ], [ 18.236486609100854, 45.950665744379911 ], [ 18.236595823721576, 45.950665744379911 ], [ 18.236595823721576, 45.950338100517733 ], [ 18.236486609100854, 45.950338100517733 ], [ 18.236486609100854, 45.949901242034841 ], [ 18.236268179859405, 45.949901242034841 ], [ 18.236268179859405, 45.949792027414112 ], [ 18.23615896523868, 45.949792027414112 ], [ 18.23615896523868, 45.949464383551941 ], [ 18.236049750617955, 45.949464383551941 ], [ 18.236049750617955, 45.94891831044832 ], [ 18.235940535997234, 45.94891831044832 ], [ 18.235940535997234, 45.947280091137458 ], [ 18.236049750617955, 45.947280091137458 ], [ 18.236049750617955, 45.944658940240075 ], [ 18.23615896523868, 45.944658940240075 ], [ 18.23615896523868, 45.943348364791383 ], [ 18.236268179859405, 45.943348364791383 ], [ 18.236268179859405, 45.943239150170655 ], [ 18.23637739448013, 45.943239150170655 ], [ 18.23637739448013, 45.943129935549933 ], [ 18.237469540687371, 45.943129935549933 ], [ 18.237469540687371, 45.943020720929212 ], [ 18.238015613790992, 45.943020720929212 ], [ 18.238015613790992, 45.943129935549933 ], [ 18.238234043032442, 45.943129935549933 ], [ 18.238234043032442, 45.943239150170655 ], [ 18.238343257653167, 45.943239150170655 ], [ 18.238343257653167, 45.943348364791383 ], [ 18.238452472273892, 45.943348364791383 ], [ 18.238452472273892, 45.943457579412105 ], [ 18.238561686894613, 45.943457579412105 ], [ 18.238561686894613, 45.944003652515725 ], [ 18.238452472273892, 45.944003652515725 ], [ 18.238452472273892, 45.944549725619346 ], [ 18.238343257653167, 45.944549725619346 ], [ 18.238343257653167, 45.944986584102246 ], [ 18.238452472273892, 45.944986584102246 ], [ 18.238452472273892, 45.945314227964417 ], [ 18.238343257653167, 45.945314227964417 ], [ 18.238343257653167, 45.945969515688766 ], [ 18.238452472273892, 45.945969515688766 ], [ 18.238452472273892, 45.946187944930216 ], [ 18.238561686894613, 45.946187944930216 ], [ 18.238561686894613, 45.946297159550937 ], [ 18.238452472273892, 45.946297159550937 ], [ 18.238452472273892, 45.946734018033837 ], [ 18.238343257653167, 45.946734018033837 ], [ 18.238343257653167, 45.946952447275287 ], [ 18.238452472273892, 45.946952447275287 ], [ 18.238452472273892, 45.947170876516729 ], [ 18.238561686894613, 45.947170876516729 ], [ 18.238561686894613, 45.947826164241079 ], [ 18.238452472273892, 45.947826164241079 ], [ 18.238452472273892, 45.94815380810325 ], [ 18.238889330756788, 45.94815380810325 ], [ 18.238889330756788, 45.948044593482528 ], [ 18.239326189239684, 45.948044593482528 ], [ 18.239326189239684, 45.9479353788618 ], [ 18.239653833101858, 45.9479353788618 ], [ 18.239653833101858, 45.948263022723971 ], [ 18.23976304772258, 45.948263022723971 ], [ 18.23976304772258, 45.948372237344699 ], [ 18.239872262343304, 45.948372237344699 ], [ 18.239872262343304, 45.948481451965421 ], [ 18.239981476964029, 45.948481451965421 ], [ 18.239981476964029, 45.948590666586149 ], [ 18.240199906205479, 45.948590666586149 ], [ 18.240199906205479, 45.948699881206871 ], [ 18.24052755006765, 45.948699881206871 ], [ 18.24052755006765, 45.948809095827599 ], [ 18.240636764688375, 45.948809095827599 ], [ 18.240636764688375, 45.94891831044832 ], [ 18.240855193929825, 45.94891831044832 ], [ 18.240855193929825, 45.949027525069042 ], [ 18.24096440855055, 45.949027525069042 ], [ 18.24096440855055, 45.94913673968977 ], [ 18.241073623171271, 45.94913673968977 ], [ 18.241073623171271, 45.949245954310491 ], [ 18.241401267033446, 45.949245954310491 ], [ 18.241401267033446, 45.94935516893122 ], [ 18.241619696274892, 45.94935516893122 ], [ 18.241619696274892, 45.949464383551941 ], [ 18.242056554757792, 45.949464383551941 ], [ 18.242056554757792, 45.949573598172663 ], [ 18.242165769378516, 45.949573598172663 ], [ 18.242165769378516, 45.949682812793391 ], [ 18.242274983999238, 45.949682812793391 ], [ 18.242274983999238, 45.950010456655562 ], [ 18.241728910895617, 45.950010456655562 ], [ 18.241728910895617, 45.950119671276283 ], [ 18.241182837791996, 45.950119671276283 ], [ 18.241182837791996, 45.950010456655562 ], [ 18.2407459793091, 45.950010456655562 ], [ 18.2407459793091, 45.949901242034841 ], [ 18.24052755006765, 45.949901242034841 ], [ 18.24052755006765, 45.949792027414112 ], [ 18.240309120826204, 45.949792027414112 ], [ 18.240309120826204, 45.949682812793391 ], [ 18.239872262343304, 45.949682812793391 ], [ 18.239872262343304, 45.949573598172663 ], [ 18.239544618481133, 45.949573598172663 ], [ 18.239544618481133, 45.949464383551941 ], [ 18.239326189239684, 45.949464383551941 ], [ 18.239326189239684, 45.94935516893122 ], [ 18.239107759998234, 45.94935516893122 ], [ 18.239107759998234, 45.949245954310491 ], [ 18.238670901515338, 45.949245954310491 ], [ 18.238670901515338, 45.94935516893122 ], [ 18.238452472273892, 45.94935516893122 ], [ 18.238452472273892, 45.949464383551941 ], [ 18.238343257653167, 45.949464383551941 ], [ 18.238343257653167, 45.949573598172663 ], [ 18.238124828411717, 45.949573598172663 ], [ 18.238124828411717, 45.949901242034841 ], [ 18.238015613790992, 45.949901242034841 ], [ 18.238015613790992, 45.950665744379911 ], [ 18.237906399170267, 45.950665744379911 ], [ 18.237906399170267, 45.950884173621354 ], [ 18.237797184549546, 45.950884173621354 ], [ 18.237797184549546, 45.951102602862804 ], [ 18.237906399170267, 45.951102602862804 ], [ 18.237906399170267, 45.951321032104254 ], [ 18.237797184549546, 45.951321032104254 ], [ 18.237797184549546, 45.951430246724975 ], [ 18.237687969928821, 45.951430246724975 ], [ 18.237687969928821, 45.951539461345703 ], [ 18.237578755308096, 45.951539461345703 ], [ 18.237578755308096, 45.951648675966425 ], [ 18.237469540687371, 45.951648675966425 ], [ 18.237469540687371, 45.951867105207874 ], [ 18.237360326066646, 45.951867105207874 ], [ 18.237360326066646, 45.952085534449324 ], [ 18.237251111445921, 45.952085534449324 ], [ 18.237251111445921, 45.952522392932224 ], [ 18.2371418968252, 45.952522392932224 ], [ 18.2371418968252, 45.952850036794395 ], [ 18.237032682204475, 45.952850036794395 ] ] ] } },
{ "type": "Feature", "properties": { "parcel_id": 113, "area_ha": 4.63, "pixels": 463 }, "geometry": { "type": "Polygon", "coordinates": [ [ [ 18.275585443320139, 45.952740822173666 ], [ 18.275585443320139, 45.952631607552945 ], [ 18.275367014078693, 45.952631607552945 ], [ 18.275367014078693, 45.952522392932224 ], [ 18.275257799457968, 45.952522392932224 ], [ 18.275257799457968, 45.952085534449324 ], [ 18.275367014078693, 45.952085534449324 ], [ 18.275367014078693, 45.951976319828603 ], [ 18.275476228699418, 45.951976319828603 ], [ 18.275476228699418, 45.951867105207874 ], [ 18.275803872561589, 45.951867105207874 ], [ 18.275803872561589, 45.951757890587153 ], [ 18.276677589527385, 45.951757890587153 ], [ 18.276677589527385, 45.951648675966425 ], [ 18.278752667321143, 45.951648675966425 ], [ 18.278752667321143, 45.951539461345703 ], [ 18.281919891322147, 45.951539461345703 ], [ 18.281919891322147, 45.951757890587153 ], [ 18.282029105942872, 45.951757890587153 ], [ 18.282029105942872, 45.951867105207874 ], [ 18.281919891322147, 45.951867105207874 ], [ 18.281919891322147, 45.951976319828603 ], [ 18.281810676701426, 45.951976319828603 ], [ 18.281810676701426, 45.952085534449324 ], [ 18.281483032839251, 45.952085534449324 ], [ 18.281483032839251, 45.952194749070046 ], [ 18.280827745114905, 45.952194749070046 ], [ 18.280827745114905, 45.952303963690774 ], [ 18.279517169666214, 45.952303963690774 ], [ 18.279517169666214, 45.952413178311495 ], [ 18.278752667321143, 45.952413178311495 ], [ 18.278752667321143, 45.952522392932224 ], [ 18.278097379596797, 45.952522392932224 ], [ 18.278097379596797, 45.952631607552945 ], [ 18.277769735734626, 45.952631607552945 ], [ 18.277769735734626, 45.952740822173666 ], [ 18.277223662631005, 45.952740822173666 ], [ 18.277223662631005, 45.952631607552945 ], [ 18.275803872561589, 45.952631607552945 ], [ 18.275803872561589, 45.952740822173666 ], [ 18.275585443320139, 45.952740822173666 ] ] ] } },
{ "type": "Feature", "properties": { "parcel_id": 114, "area_ha": 25.83, "pixels": 2583 }, "geometry": { "type": "Polygon", "coordinates": [ [ [ 18.284431827598805, 45.952740822173666 ], [ 18.284431827598805, 45.952631607552945 ], [ 18.281919891322147, 45.952631607552945 ], [ 18.281919891322147, 45.952522392932224 ], [ 18.281810676701426, 45.952522392932224 ], [ 18.281810676701426, 45.952413178311495 ], [ 18.281919891322147, 45.952413178311495 ], [ 18.281919891322147, 45.952303963690774 ], [ 18.282029105942872, 45.952303963690774 ], [ 18.282029105942872, 45.952194749070046 ], [ 18.282138320563597, 45.952194749070046 ], [ 18.282138320563597, 45.952085534449324 ], [ 18.282247535184322, 45.952085534449324 ], [ 18.282247535184322, 45.951430246724975 ], [ 18.282138320563597, 45.951430246724975 ], [ 18.282138320563597, 45.951321032104254 ], [ 18.281810676701426, 45.951321032104254 ], [ 18.281810676701426, 45.951211817483532 ], [ 18.281264603597801, 45.951211817483532 ], [ 18.281264603597801, 45.951102602862804 ], [ 18.28115538897708, 45.951102602862804 ], [ 18.28115538897708, 45.950993388242082 ], [ 18.281264603597801, 45.950993388242082 ], [ 18.281264603597801, 45.950884173621354 ], [ 18.281373818218526, 45.950884173621354 ], [ 18.281373818218526, 45.950774959000633 ], [ 18.281264603597801, 45.950774959000633 ], [ 18.281264603597801, 45.950665744379911 ], [ 18.28115538897708, 45.950665744379911 ], [ 18.28115538897708, 45.950556529759183 ], [ 18.28093695973563, 45.950556529759183 ], [ 18.28093695973563, 45.950447315138462 ], [ 18.28071853049418, 45.950447315138462 ], [ 18.28071853049418, 45.950338100517733 ], [ 18.280609315873459, 45.950338100517733 ], [ 18.280609315873459, 45.950228885897012 ], [ 18.28071853049418, 45.950228885897012 ], [ 18.28071853049418, 45.950119671276283 ], [ 18.28093695973563, 45.950119671276283 ], [ 18.28093695973563, 45.950010456655562 ], [ 18.281264603597801, 45.950010456655562 ], [ 18.281264603597801, 45.949901242034841 ], [ 18.281483032839251, 45.949901242034841 ], [ 18.281483032839251, 45.949792027414112 ], [ 18.281592247459976, 45.949792027414112 ], [ 18.281592247459976, 45.949573598172663 ], [ 18.281373818218526, 45.949573598172663 ], [ 18.281373818218526, 45.949464383551941 ], [ 18.280827745114905, 45.949464383551941 ], [ 18.280827745114905, 45.94935516893122 ], [ 18.280500101252734, 45.94935516893122 ], [ 18.280500101252734, 45.949027525069042 ], [ 18.280609315873459, 45.949027525069042 ], [ 18.280609315873459, 45.94891831044832 ], [ 18.28071853049418, 45.94891831044832 ], [ 18.28071853049418, 45.948809095827599 ], [ 18.280827745114905, 45.948809095827599 ], [ 18.280827745114905, 45.948699881206871 ], [ 18.28093695973563, 45.948699881206871 ], [ 18.28093695973563, 45.948590666586149 ], [ 18.281046174356355, 45.948590666586149 ], [ 18.281046174356355, 45.948481451965421 ], [ 18.281264603597801, 45.948481451965421 ], [ 18.281264603597801, 45.948372237344699 ], [ 18.281373818218526, 45.948372237344699 ], [ 18.281373818218526, 45.947826164241079 ], [ 18.281483032839251, 45.947826164241079 ], [ 18.281483032839251, 45.94771694962035 ], [ 18.281701462080701, 45.94771694962035 ], [ 18.281701462080701, 45.947607734999629 ], [ 18.281919891322147, 45.947607734999629 ], [ 18.281919891322147, 45.947498520378907 ], [ 18.282029105942872, 45.947498520378907 ], [ 18.282029105942872, 45.947389305758179 ], [ 18.282138320563597, 45.947389305758179 ], [ 18.282138320563597, 45.947498520378907 ], [ 18.282356749805047, 45.947498520378907 ], [ 18.282356749805047, 45.947389305758179 ], [ 18.282465964425771, 45.947389305758179 ], [ 18.282465964425771, 45.947170876516729 ], [ 18.282575179046493, 45.947170876516729 ], [ 18.282575179046493, 45.947061661896008 ], [ 18.282793608287943, 45.947061661896008 ], [ 18.282793608287943, 45.946952447275287 ], [ 18.283012037529392, 45.946952447275287 ], [ 18.283012037529392, 45.946843232654558 ], [ 18.283448896012288, 45.946843232654558 ], [ 18.283448896012288, 45.946734018033837 ], [ 18.284104183736634, 45.946734018033837 ], [ 18.284104183736634, 45.946624803413108 ], [ 18.284868686081705, 45.946624803413108 ], [ 18.284868686081705, 45.946515588792387 ], [ 18.286397690771842, 45.946515588792387 ], [ 18.286397690771842, 45.946406374171659 ], [ 18.286943763875463, 45.946406374171659 ], [ 18.286943763875463, 45.946624803413108 ], [ 18.287052978496188, 45.946624803413108 ], [ 18.287052978496188, 45.948699881206871 ], [ 18.286943763875463, 45.948699881206871 ], [ 18.286943763875463, 45.94935516893122 ], [ 18.286834549254742, 45.94935516893122 ], [ 18.286834549254742, 45.949573598172663 ], [ 18.286725334634017, 45.949573598172663 ], [ 18.286725334634017, 45.949792027414112 ], [ 18.286616120013292, 45.949792027414112 ], [ 18.286616120013292, 45.950884173621354 ], [ 18.286397690771842, 45.950884173621354 ], [ 18.286397690771842, 45.951211817483532 ], [ 18.286288476151118, 45.951211817483532 ], [ 18.286288476151118, 45.951430246724975 ], [ 18.286179261530396, 45.951430246724975 ], [ 18.286179261530396, 45.951757890587153 ], [ 18.286070046909671, 45.951757890587153 ], [ 18.286070046909671, 45.952194749070046 ], [ 18.285960832288946, 45.952194749070046 ], [ 18.285960832288946, 45.952522392932224 ], [ 18.285851617668222, 45.952522392932224 ], [ 18.285851617668222, 45.952631607552945 ], [ 18.285414759185326, 45.952631607552945 ], [ 18.285414759185326, 45.952740822173666 ], [ 18.284431827598805, 45.952740822173666 ] ] ] } },
{ "type": "Feature", "properties": { "parcel_id": 115, "area_ha": 12.87, "pixels": 1287 }, "geometry": { "type": "Polygon", "coordinates": [ [ [ 18.262370474212506, 45.952194749070046 ], [ 18.262370474212506, 45.951757890587153 ], [ 18.262261259591781, 45.951757890587153 ], [ 18.262261259591781, 45.951102602862804 ], [ 18.262370474212506, 45.951102602862804 ], [ 18.262370474212506, 45.950447315138462 ], [ 18.262261259591781, 45.950447315138462 ], [ 18.262261259591781, 45.950993388242082 ], [ 18.262152044971057, 45.950993388242082 ], [ 18.262152044971057, 45.952085534449324 ], [ 18.262042830350332, 45.952085534449324 ], [ 18.262042830350332, 45.951648675966425 ], [ 18.261933615729607, 45.951648675966425 ], [ 18.261933615729607, 45.951321032104254 ], [ 18.262042830350332, 45.951321032104254 ], [ 18.262042830350332, 45.950774959000633 ], [ 18.261933615729607, 45.950774959000633 ], [ 18.261933615729607, 45.950010456655562 ], [ 18.261824401108882, 45.950010456655562 ], [ 18.261824401108882, 45.949682812793391 ], [ 18.261715186488161, 45.949682812793391 ], [ 18.261715186488161, 45.94935516893122 ], [ 18.261605971867436, 45.94935516893122 ], [ 18.261605971867436, 45.949027525069042 ], [ 18.261496757246711, 45.949027525069042 ], [ 18.261496757246711, 45.948809095827599 ], [ 18.261387542625986, 45.948809095827599 ], [ 18.261387542625986, 45.948590666586149 ], [ 18.261278328005261, 45.948590666586149 ], [ 18.261278328005261, 45.948372237344699 ], [ 18.261169113384536, 45.948372237344699 ], [ 18.261169113384536, 45.948263022723971 ], [ 18.261059898763815, 45.948263022723971 ], [ 18.261059898763815, 45.948044593482528 ], [ 18.26095068414309, 45.948044593482528 ], [ 18.26095068414309, 45.9479353788618 ], [ 18.260841469522365, 45.9479353788618 ], [ 18.260841469522365, 45.94771694962035 ], [ 18.26073225490164, 45.94771694962035 ], [ 18.26073225490164, 45.947389305758179 ], [ 18.260623040280915, 45.947389305758179 ], [ 18.260623040280915, 45.946406374171659 ], [ 18.26051382566019, 45.946406374171659 ], [ 18.26051382566019, 45.945860301068038 ], [ 18.260404611039469, 45.945860301068038 ], [ 18.260404611039469, 45.945641871826595 ], [ 18.260295396418744, 45.945641871826595 ], [ 18.260295396418744, 45.945314227964417 ], [ 18.260186181798019, 45.945314227964417 ], [ 18.260186181798019, 45.944877369481524 ], [ 18.260295396418744, 45.944877369481524 ], [ 18.260295396418744, 45.944658940240075 ], [ 18.260404611039469, 45.944658940240075 ], [ 18.260404611039469, 45.944549725619346 ], [ 18.26051382566019, 45.944549725619346 ], [ 18.26051382566019, 45.944331296377904 ], [ 18.260623040280915, 45.944331296377904 ], [ 18.260623040280915, 45.944222081757175 ], [ 18.26051382566019, 45.944222081757175 ], [ 18.26051382566019, 45.944003652515725 ], [ 18.259640108694398, 45.944003652515725 ], [ 18.259640108694398, 45.943894437895004 ], [ 18.259421679452949, 45.943894437895004 ], [ 18.259421679452949, 45.943785223274283 ], [ 18.259312464832224, 45.943785223274283 ], [ 18.259312464832224, 45.943676008653554 ], [ 18.259203250211502, 45.943676008653554 ], [ 18.259203250211502, 45.943566794032833 ], [ 18.259094035590778, 45.943566794032833 ], [ 18.259094035590778, 45.943457579412105 ], [ 18.258875606349328, 45.943457579412105 ], [ 18.258875606349328, 45.943348364791383 ], [ 18.258766391728603, 45.943348364791383 ], [ 18.258766391728603, 45.943239150170655 ], [ 18.258875606349328, 45.943239150170655 ], [ 18.258875606349328, 45.943129935549933 ], [ 18.258657177107878, 45.943129935549933 ], [ 18.258657177107878, 45.943020720929212 ], [ 18.257237387038465, 45.943020720929212 ], [ 18.257237387038465, 45.942911506308484 ], [ 18.259094035590778, 45.942911506308484 ], [ 18.259094035590778, 45.943020720929212 ], [ 18.259530894073674, 45.943020720929212 ], [ 18.259530894073674, 45.942911506308484 ], [ 18.26051382566019, 45.942911506308484 ], [ 18.26051382566019, 45.943020720929212 ], [ 18.26095068414309, 45.943020720929212 ], [ 18.26095068414309, 45.943129935549933 ], [ 18.261824401108882, 45.943129935549933 ], [ 18.261824401108882, 45.943020720929212 ], [ 18.262042830350332, 45.943020720929212 ], [ 18.262042830350332, 45.942911506308484 ], [ 18.262479688833228, 45.942911506308484 ], [ 18.262479688833228, 45.942802291687762 ], [ 18.263244191178298, 45.942802291687762 ], [ 18.263244191178298, 45.942911506308484 ], [ 18.264227122764819, 45.942911506308484 ], [ 18.264227122764819, 45.942802291687762 ], [ 18.266302200558577, 45.942802291687762 ], [ 18.266302200558577, 45.942911506308484 ], [ 18.266629844420752, 45.942911506308484 ], [ 18.266629844420752, 45.943020720929212 ], [ 18.267394346765823, 45.943020720929212 ], [ 18.267394346765823, 45.942911506308484 ], [ 18.268486492973064, 45.942911506308484 ], [ 18.268486492973064, 45.943020720929212 ], [ 18.271762931594793, 45.943020720929212 ], [ 18.271762931594793, 45.942911506308484 ], [ 18.272418219319139, 45.942911506308484 ], [ 18.272418219319139, 45.943020720929212 ], [ 18.272199790077689, 45.943020720929212 ], [ 18.272199790077689, 45.943129935549933 ], [ 18.269032566076685, 45.943129935549933 ], [ 18.269032566076685, 45.943239150170655 ], [ 18.268704922214511, 45.943239150170655 ], [ 18.268704922214511, 45.943129935549933 ], [ 18.266302200558577, 45.943129935549933 ], [ 18.266302200558577, 45.943020720929212 ], [ 18.265100839730611, 45.943020720929212 ], [ 18.265100839730611, 45.943129935549933 ], [ 18.262479688833228, 45.943129935549933 ], [ 18.262479688833228, 45.943239150170655 ], [ 18.262261259591781, 45.943239150170655 ], [ 18.262261259591781, 45.943785223274283 ], [ 18.262698118074677, 45.943785223274283 ], [ 18.262698118074677, 45.943894437895004 ], [ 18.262807332695402, 45.943894437895004 ], [ 18.262807332695402, 45.944003652515725 ], [ 18.262152044971057, 45.944003652515725 ], [ 18.262152044971057, 45.944112867136454 ], [ 18.261933615729607, 45.944112867136454 ], [ 18.261933615729607, 45.944331296377904 ], [ 18.261824401108882, 45.944331296377904 ], [ 18.261824401108882, 45.944549725619346 ], [ 18.261715186488161, 45.944549725619346 ], [ 18.261715186488161, 45.944877369481524 ], [ 18.261605971867436, 45.944877369481524 ], [ 18.261605971867436, 45.946624803413108 ], [ 18.261715186488161, 45.946624803413108 ], [ 18.261715186488161, 45.946843232654558 ], [ 18.261824401108882, 45.946843232654558 ], [ 18.261824401108882, 45.947061661896008 ], [ 18.261933615729607, 45.947061661896008 ], [ 18.261933615729607, 45.947280091137458 ], [ 18.262042830350332, 45.947280091137458 ], [ 18.262042830350332, 45.947498520378907 ], [ 18.262152044971057, 45.947498520378907 ], [ 18.262152044971057, 45.94771694962035 ], [ 18.262261259591781, 45.94771694962035 ], [ 18.262261259591781, 45.947826164241079 ], [ 18.262370474212506, 45.947826164241079 ], [ 18.262370474212506, 45.948044593482528 ], [ 18.262588903453953, 45.948044593482528 ], [ 18.262588903453953, 45.94815380810325 ], [ 18.262698118074677, 45.94815380810325 ], [ 18.262698118074677, 45.948263022723971 ], [ 18.262807332695402, 45.948263022723971 ], [ 18.262807332695402, 45.948372237344699 ], [ 18.262916547316127, 45.948372237344699 ], [ 18.262916547316127, 45.948481451965421 ], [ 18.263134976557573, 45.948481451965421 ], [ 18.263134976557573, 45.948590666586149 ], [ 18.263244191178298, 45.948590666586149 ], [ 18.263244191178298, 45.948699881206871 ], [ 18.263353405799023, 45.948699881206871 ], [ 18.263353405799023, 45.948809095827599 ], [ 18.263462620419748, 45.948809095827599 ], [ 18.263462620419748, 45.949027525069042 ], [ 18.263353405799023, 45.949027525069042 ], [ 18.263353405799023, 45.949573598172663 ], [ 18.263462620419748, 45.949573598172663 ], [ 18.263462620419748, 45.949901242034841 ], [ 18.263571835040473, 45.949901242034841 ], [ 18.263571835040473, 45.950119671276283 ], [ 18.263790264281919, 45.950119671276283 ], [ 18.263790264281919, 45.950447315138462 ], [ 18.263899478902644, 45.950447315138462 ], [ 18.263899478902644, 45.950774959000633 ], [ 18.263790264281919, 45.950774959000633 ], [ 18.263790264281919, 45.950665744379911 ], [ 18.263681049661194, 45.950665744379911 ], [ 18.263681049661194, 45.950884173621354 ], [ 18.263790264281919, 45.950884173621354 ], [ 18.263790264281919, 45.950993388242082 ], [ 18.263899478902644, 45.950993388242082 ], [ 18.263899478902644, 45.951102602862804 ], [ 18.264008693523369, 45.951102602862804 ], [ 18.264008693523369, 45.951211817483532 ], [ 18.264117908144094, 45.951211817483532 ], [ 18.264117908144094, 45.951430246724975 ], [ 18.264008693523369, 45.951430246724975 ], [ 18.264008693523369, 45.951321032104254 ], [ 18.263899478902644, 45.951321032104254 ], [ 18.263899478902644, 45.951211817483532 ], [ 18.263790264281919, 45.951211817483532 ], [ 18.263790264281919, 45.951102602862804 ], [ 18.263681049661194, 45.951102602862804 ], [ 18.263681049661194, 45.950993388242082 ], [ 18.263571835040473, 45.950993388242082 ], [ 18.263571835040473, 45.950774959000633 ], [ 18.263462620419748, 45.950774959000633 ], [ 18.263462620419748, 45.950665744379911 ], [ 18.263353405799023, 45.950665744379911 ], [ 18.263353405799023, 45.950447315138462 ], [ 18.263244191178298, 45.950447315138462 ], [ 18.263244191178298, 45.950338100517733 ], [ 18.263134976557573, 45.950338100517733 ], [ 18.263134976557573, 45.950119671276283 ], [ 18.263025761936849, 45.950119671276283 ], [ 18.263025761936849, 45.950010456655562 ], [ 18.262916547316127, 45.950010456655562 ], [ 18.262916547316127, 45.949792027414112 ], [ 18.262807332695402, 45.949792027414112 ], [ 18.262807332695402, 45.949682812793391 ], [ 18.262698118074677, 45.949682812793391 ], [ 18.262698118074677, 45.949573598172663 ], [ 18.262479688833228, 45.949573598172663 ], [ 18.262479688833228, 45.950338100517733 ], [ 18.262588903453953, 45.950338100517733 ], [ 18.262588903453953, 45.950993388242082 ], [ 18.262479688833228, 45.950993388242082 ], [ 18.262479688833228, 45.952194749070046 ], [ 18.262370474212506, 45.952194749070046 ] ] ] } },
{ "type": "Feature", "properties": { "parcel_id": 116, "area_ha": 29.16, "pixels": 2916 }, "geometry": { "type": "Polygon", "coordinates": [ [ [ 18.255708382348324, 45.951757890587153 ], [ 18.255708382348324, 45.951648675966425 ], [ 18.255599167727599, 45.951648675966425 ], [ 18.255599167727599, 45.951321032104254 ], [ 18.255489953106874, 45.951321032104254 ], [ 18.255489953106874, 45.951211817483532 ], [ 18.255380738486153, 45.951211817483532 ], [ 18.255380738486153, 45.951102602862804 ], [ 18.255162309244703, 45.951102602862804 ], [ 18.255162309244703, 45.950993388242082 ], [ 18.255053094623978, 45.950993388242082 ], [ 18.255053094623978, 45.950884173621354 ], [ 18.254943880003253, 45.950884173621354 ], [ 18.254943880003253, 45.950774959000633 ], [ 18.254834665382528, 45.950774959000633 ], [ 18.254834665382528, 45.950665744379911 ], [ 18.254725450761807, 45.950665744379911 ], [ 18.254725450761807, 45.950556529759183 ], [ 18.254616236141082, 45.950556529759183 ], [ 18.254616236141082, 45.950447315138462 ], [ 18.254507021520357, 45.950447315138462 ], [ 18.254507021520357, 45.950228885897012 ], [ 18.254397806899632, 45.950228885897012 ], [ 18.254397806899632, 45.950010456655562 ], [ 18.254288592278908, 45.950010456655562 ], [ 18.254288592278908, 45.949792027414112 ], [ 18.254179377658186, 45.949792027414112 ], [ 18.254179377658186, 45.949682812793391 ], [ 18.253851733796012, 45.949682812793391 ], [ 18.253851733796012, 45.949573598172663 ], [ 18.253742519175287, 45.949573598172663 ], [ 18.253742519175287, 45.949464383551941 ], [ 18.253633304554562, 45.949464383551941 ], [ 18.253633304554562, 45.949245954310491 ], [ 18.25352408993384, 45.949245954310491 ], [ 18.25352408993384, 45.94913673968977 ], [ 18.253414875313116, 45.94913673968977 ], [ 18.253414875313116, 45.94815380810325 ], [ 18.253305660692391, 45.94815380810325 ], [ 18.253305660692391, 45.948809095827599 ], [ 18.253196446071666, 45.948809095827599 ], [ 18.253196446071666, 45.94913673968977 ], [ 18.253305660692391, 45.94913673968977 ], [ 18.253305660692391, 45.949245954310491 ], [ 18.253414875313116, 45.949245954310491 ], [ 18.253414875313116, 45.949464383551941 ], [ 18.25352408993384, 45.949464383551941 ], [ 18.25352408993384, 45.950010456655562 ], [ 18.253633304554562, 45.950010456655562 ], [ 18.253633304554562, 45.950774959000633 ], [ 18.25352408993384, 45.950774959000633 ], [ 18.25352408993384, 45.950228885897012 ], [ 18.253414875313116, 45.950228885897012 ], [ 18.253414875313116, 45.949682812793391 ], [ 18.253305660692391, 45.949682812793391 ], [ 18.253305660692391, 45.949464383551941 ], [ 18.253196446071666, 45.949464383551941 ], [ 18.253196446071666, 45.949245954310491 ], [ 18.252978016830216, 45.949245954310491 ], [ 18.252978016830216, 45.948809095827599 ], [ 18.253087231450941, 45.948809095827599 ], [ 18.253087231450941, 45.94771694962035 ], [ 18.252978016830216, 45.94771694962035 ], [ 18.252978016830216, 45.947170876516729 ], [ 18.252868802209495, 45.947170876516729 ], [ 18.252868802209495, 45.946952447275287 ], [ 18.25275958758877, 45.946952447275287 ], [ 18.25275958758877, 45.946843232654558 ], [ 18.252650372968045, 45.946843232654558 ], [ 18.252650372968045, 45.946734018033837 ], [ 18.251558226760803, 45.946734018033837 ], [ 18.251558226760803, 45.946843232654558 ], [ 18.250793724415733, 45.946843232654558 ], [ 18.250793724415733, 45.946952447275287 ], [ 18.249592363587766, 45.946952447275287 ], [ 18.249592363587766, 45.946843232654558 ], [ 18.249483148967041, 45.946843232654558 ], [ 18.249483148967041, 45.946734018033837 ], [ 18.249373934346316, 45.946734018033837 ], [ 18.249373934346316, 45.946624803413108 ], [ 18.24915550510487, 45.946624803413108 ], [ 18.24915550510487, 45.946515588792387 ], [ 18.249046290484145, 45.946515588792387 ], [ 18.249046290484145, 45.946406374171659 ], [ 18.24893707586342, 45.946406374171659 ], [ 18.24893707586342, 45.946187944930216 ], [ 18.248827861242695, 45.946187944930216 ], [ 18.248827861242695, 45.945423442585145 ], [ 18.24871864662197, 45.945423442585145 ], [ 18.24871864662197, 45.944986584102246 ], [ 18.248609432001246, 45.944986584102246 ], [ 18.248609432001246, 45.944658940240075 ], [ 18.248500217380524, 45.944658940240075 ], [ 18.248500217380524, 45.944549725619346 ], [ 18.248391002759799, 45.944549725619346 ], [ 18.248391002759799, 45.943785223274283 ], [ 18.248500217380524, 45.943785223274283 ], [ 18.248500217380524, 45.943566794032833 ], [ 18.248609432001246, 45.943566794032833 ], [ 18.248609432001246, 45.943239150170655 ], [ 18.24871864662197, 45.943239150170655 ], [ 18.24871864662197, 45.943129935549933 ], [ 18.248827861242695, 45.943129935549933 ], [ 18.248827861242695, 45.943020720929212 ], [ 18.250029222070662, 45.943020720929212 ], [ 18.250029222070662, 45.942911506308484 ], [ 18.250466080553558, 45.942911506308484 ], [ 18.250466080553558, 45.943020720929212 ], [ 18.252868802209495, 45.943020720929212 ], [ 18.252868802209495, 45.942911506308484 ], [ 18.253742519175287, 45.942911506308484 ], [ 18.253742519175287, 45.943020720929212 ], [ 18.255162309244703, 45.943020720929212 ], [ 18.255162309244703, 45.942911506308484 ], [ 18.255599167727599, 45.942911506308484 ], [ 18.255599167727599, 45.942802291687762 ], [ 18.256800528555566, 45.942802291687762 ], [ 18.256800528555566, 45.942911506308484 ], [ 18.257237387038465, 45.942911506308484 ], [ 18.257237387038465, 45.943020720929212 ], [ 18.258657177107878, 45.943020720929212 ], [ 18.258657177107878, 45.943129935549933 ], [ 18.258875606349328, 45.943129935549933 ], [ 18.258875606349328, 45.943239150170655 ], [ 18.258766391728603, 45.943239150170655 ], [ 18.258766391728603, 45.943348364791383 ], [ 18.258875606349328, 45.943348364791383 ], [ 18.258875606349328, 45.943457579412105 ], [ 18.259094035590778, 45.943457579412105 ], [ 18.259094035590778, 45.943566794032833 ], [ 18.259203250211502, 45.943566794032833 ], [ 18.259203250211502, 45.943676008653554 ], [ 18.259312464832224, 45.943676008653554 ], [ 18.259312464832224, 45.943785223274283 ], [ 18.259421679452949, 45.943785223274283 ], [ 18.259421679452949, 45.943894437895004 ], [ 18.259640108694398, 45.943894437895004 ], [ 18.259640108694398, 45.944003652515725 ], [ 18.26051382566019, 45.944003652515725 ], [ 18.26051382566019, 45.944222081757175 ], [ 18.260623040280915, 45.944222081757175 ], [ 18.260623040280915, 45.944331296377904 ], [ 18.26051382566019, 45.944331296377904 ], [ 18.26051382566019, 45.944549725619346 ], [ 18.260404611039469, 45.944549725619346 ], [ 18.260404611039469, 45.944658940240075 ], [ 18.260295396418744, 45.944658940240075 ], [ 18.260295396418744, 45.944877369481524 ], [ 18.260186181798019, 45.944877369481524 ], [ 18.260186181798019, 45.945314227964417 ], [ 18.260295396418744, 45.945314227964417 ], [ 18.260295396418744, 45.945641871826595 ], [ 18.260404611039469, 45.945641871826595 ], [ 18.260404611039469, 45.945860301068038 ], [ 18.26051382566019, 45.945860301068038 ], [ 18.26051382566019, 45.946406374171659 ], [ 18.260623040280915, 45.946406374171659 ], [ 18.260623040280915, 45.947389305758179 ], [ 18.26073225490164, 45.947389305758179 ], [ 18.26073225490164, 45.94771694962035 ], [ 18.260841469522365, 45.94771694962035 ], [ 18.260841469522365, 45.9479353788618 ], [ 18.26095068414309, 45.9479353788618 ], [ 18.26095068414309, 45.948044593482528 ], [ 18.261059898763815, 45.948044593482528 ], [ 18.261059898763815, 45.948263022723971 ], [ 18.261169113384536, 45.948263022723971 ], [ 18.261169113384536, 45.948372237344699 ], [ 18.261278328005261, 45.948372237344699 ], [ 18.261278328005261, 45.948590666586149 ], [ 18.261387542625986, 45.948590666586149 ], [ 18.261387542625986, 45.948809095827599 ], [ 18.261496757246711, 45.948809095827599 ], [ 18.261496757246711, 45.949027525069042 ], [ 18.261605971867436, 45.949027525069042 ], [ 18.261605971867436, 45.94935516893122 ], [ 18.261715186488161, 45.94935516893122 ], [ 18.261715186488161, 45.949682812793391 ], [ 18.261824401108882, 45.949682812793391 ], [ 18.261824401108882, 45.950010456655562 ], [ 18.261933615729607, 45.950010456655562 ], [ 18.261933615729607, 45.950338100517733 ], [ 18.261824401108882, 45.950338100517733 ], [ 18.261824401108882, 45.950119671276283 ], [ 18.261715186488161, 45.950119671276283 ], [ 18.261715186488161, 45.949901242034841 ], [ 18.261605971867436, 45.949901242034841 ], [ 18.261605971867436, 45.949792027414112 ], [ 18.261496757246711, 45.949792027414112 ], [ 18.261496757246711, 45.950010456655562 ], [ 18.261059898763815, 45.950010456655562 ], [ 18.261059898763815, 45.949792027414112 ], [ 18.26095068414309, 45.949792027414112 ], [ 18.26095068414309, 45.949573598172663 ], [ 18.261059898763815, 45.949573598172663 ], [ 18.261059898763815, 45.949027525069042 ], [ 18.26095068414309, 45.949027525069042 ], [ 18.26095068414309, 45.948590666586149 ], [ 18.260841469522365, 45.948590666586149 ], [ 18.260841469522365, 45.948372237344699 ], [ 18.26073225490164, 45.948372237344699 ], [ 18.26073225490164, 45.948263022723971 ], [ 18.26051382566019, 45.948263022723971 ], [ 18.26051382566019, 45.94815380810325 ], [ 18.260404611039469, 45.94815380810325 ], [ 18.260404611039469, 45.948044593482528 ], [ 18.260295396418744, 45.948044593482528 ], [ 18.260295396418744, 45.9479353788618 ], [ 18.260186181798019, 45.9479353788618 ], [ 18.260186181798019, 45.947826164241079 ], [ 18.260076967177294, 45.947826164241079 ], [ 18.260076967177294, 45.947498520378907 ], [ 18.25996775255657, 45.947498520378907 ], [ 18.25996775255657, 45.947280091137458 ], [ 18.259858537935845, 45.947280091137458 ], [ 18.259858537935845, 45.947170876516729 ], [ 18.25996775255657, 45.947170876516729 ], [ 18.25996775255657, 45.946843232654558 ], [ 18.260076967177294, 45.946843232654558 ], [ 18.260076967177294, 45.946734018033837 ], [ 18.25996775255657, 45.946734018033837 ], [ 18.25996775255657, 45.946406374171659 ], [ 18.259858537935845, 45.946406374171659 ], [ 18.259858537935845, 45.946078730309488 ], [ 18.259749323315123, 45.946078730309488 ], [ 18.259749323315123, 45.945860301068038 ], [ 18.259640108694398, 45.945860301068038 ], [ 18.259640108694398, 45.945641871826595 ], [ 18.259749323315123, 45.945641871826595 ], [ 18.259749323315123, 45.945423442585145 ], [ 18.259858537935845, 45.945423442585145 ], [ 18.259858537935845, 45.944986584102246 ], [ 18.25996775255657, 45.944986584102246 ], [ 18.25996775255657, 45.944658940240075 ], [ 18.260076967177294, 45.944658940240075 ], [ 18.260076967177294, 45.944440510998625 ], [ 18.260186181798019, 45.944440510998625 ], [ 18.260186181798019, 45.944331296377904 ], [ 18.259858537935845, 45.944331296377904 ], [ 18.259858537935845, 45.944222081757175 ], [ 18.259640108694398, 45.944222081757175 ], [ 18.259640108694398, 45.944112867136454 ], [ 18.259421679452949, 45.944112867136454 ], [ 18.259421679452949, 45.944003652515725 ], [ 18.259312464832224, 45.944003652515725 ], [ 18.259312464832224, 45.943894437895004 ], [ 18.259203250211502, 45.943894437895004 ], [ 18.259203250211502, 45.943785223274283 ], [ 18.258984820970053, 45.943785223274283 ], [ 18.258984820970053, 45.943676008653554 ], [ 18.258875606349328, 45.943676008653554 ], [ 18.258875606349328, 45.943566794032833 ], [ 18.258766391728603, 45.943566794032833 ], [ 18.258766391728603, 45.943457579412105 ], [ 18.258547962487157, 45.943457579412105 ], [ 18.258547962487157, 45.943348364791383 ], [ 18.257783460142086, 45.943348364791383 ], [ 18.257783460142086, 45.943239150170655 ], [ 18.255053094623978, 45.943239150170655 ], [ 18.255053094623978, 45.943348364791383 ], [ 18.253742519175287, 45.943348364791383 ], [ 18.253742519175287, 45.943239150170655 ], [ 18.253196446071666, 45.943239150170655 ], [ 18.253196446071666, 45.943348364791383 ], [ 18.25232272910587, 45.943348364791383 ], [ 18.25232272910587, 45.943239150170655 ], [ 18.251776656002249, 45.943239150170655 ], [ 18.251776656002249, 45.943348364791383 ], [ 18.250684509795008, 45.943348364791383 ], [ 18.250684509795008, 45.943239150170655 ], [ 18.249701578208491, 45.943239150170655 ], [ 18.249701578208491, 45.943348364791383 ], [ 18.249264719725591, 45.943348364791383 ], [ 18.249264719725591, 45.943457579412105 ], [ 18.249046290484145, 45.943457579412105 ], [ 18.249046290484145, 45.943566794032833 ], [ 18.24893707586342, 45.943566794032833 ], [ 18.24893707586342, 45.943785223274283 ], [ 18.248827861242695, 45.943785223274283 ], [ 18.248827861242695, 45.943894437895004 ], [ 18.24871864662197, 45.943894437895004 ], [ 18.24871864662197, 45.944112867136454 ], [ 18.248609432001246, 45.944112867136454 ], [ 18.248609432001246, 45.944331296377904 ], [ 18.24871864662197, 45.944331296377904 ], [ 18.24871864662197, 45.944658940240075 ], [ 18.248827861242695, 45.944658940240075 ], [ 18.248827861242695, 45.944877369481524 ], [ 18.24893707586342, 45.944877369481524 ], [ 18.24893707586342, 45.945095798722967 ], [ 18.249046290484145, 45.945095798722967 ], [ 18.249046290484145, 45.945314227964417 ], [ 18.24915550510487, 45.945314227964417 ], [ 18.24915550510487, 45.945532657205867 ], [ 18.249264719725591, 45.945532657205867 ], [ 18.249264719725591, 45.945641871826595 ], [ 18.249373934346316, 45.945641871826595 ], [ 18.249373934346316, 45.945860301068038 ], [ 18.249264719725591, 45.945860301068038 ], [ 18.249264719725591, 45.946297159550937 ], [ 18.249373934346316, 45.946297159550937 ], [ 18.249373934346316, 45.946406374171659 ], [ 18.249483148967041, 45.946406374171659 ], [ 18.249483148967041, 45.946515588792387 ], [ 18.249592363587766, 45.946515588792387 ], [ 18.249592363587766, 45.946624803413108 ], [ 18.249701578208491, 45.946624803413108 ], [ 18.249701578208491, 45.946734018033837 ], [ 18.250466080553558, 45.946734018033837 ], [ 18.250466080553558, 45.946624803413108 ], [ 18.250902939036457, 45.946624803413108 ], [ 18.250902939036457, 45.946515588792387 ], [ 18.251339797519353, 45.946515588792387 ], [ 18.251339797519353, 45.946406374171659 ], [ 18.252650372968045, 45.946406374171659 ], [ 18.252650372968045, 45.946515588792387 ], [ 18.25275958758877, 45.946515588792387 ], [ 18.25275958758877, 45.946624803413108 ], [ 18.252868802209495, 45.946624803413108 ], [ 18.252868802209495, 45.946734018033837 ], [ 18.252978016830216, 45.946734018033837 ], [ 18.252978016830216, 45.946843232654558 ], [ 18.253087231450941, 45.946843232654558 ], [ 18.253087231450941, 45.946624803413108 ], [ 18.252978016830216, 45.946624803413108 ], [ 18.252978016830216, 45.946406374171659 ], [ 18.252868802209495, 45.946406374171659 ], [ 18.252868802209495, 45.946297159550937 ], [ 18.25275958758877, 45.946297159550937 ], [ 18.25275958758877, 45.946187944930216 ], [ 18.252650372968045, 45.946187944930216 ], [ 18.252650372968045, 45.946078730309488 ], [ 18.25254115834732, 45.946078730309488 ], [ 18.25254115834732, 45.945969515688766 ], [ 18.252978016830216, 45.945969515688766 ], [ 18.252978016830216, 45.945860301068038 ], [ 18.253960948416736, 45.945860301068038 ], [ 18.253960948416736, 45.945751086447316 ], [ 18.255380738486153, 45.945751086447316 ], [ 18.255380738486153, 45.945641871826595 ], [ 18.258001889383532, 45.945641871826595 ], [ 18.258001889383532, 45.945751086447316 ], [ 18.258657177107878, 45.945751086447316 ], [ 18.258657177107878, 45.945860301068038 ], [ 18.259203250211502, 45.945860301068038 ], [ 18.259203250211502, 45.945969515688766 ], [ 18.259312464832224, 45.945969515688766 ], [ 18.259312464832224, 45.946187944930216 ], [ 18.259203250211502, 45.946187944930216 ], [ 18.259203250211502, 45.946406374171659 ], [ 18.259094035590778, 45.946406374171659 ], [ 18.259094035590778, 45.946734018033837 ], [ 18.258984820970053, 45.946734018033837 ], [ 18.258984820970053, 45.946952447275287 ], [ 18.258875606349328, 45.946952447275287 ], [ 18.258875606349328, 45.947498520378907 ], [ 18.258984820970053, 45.947498520378907 ], [ 18.258984820970053, 45.94771694962035 ], [ 18.258766391728603, 45.94771694962035 ], [ 18.258766391728603, 45.947826164241079 ], [ 18.258657177107878, 45.947826164241079 ], [ 18.258657177107878, 45.9479353788618 ], [ 18.258547962487157, 45.9479353788618 ], [ 18.258547962487157, 45.94815380810325 ], [ 18.258438747866432, 45.94815380810325 ], [ 18.258438747866432, 45.948481451965421 ], [ 18.258329533245707, 45.948481451965421 ], [ 18.258329533245707, 45.948590666586149 ], [ 18.258001889383532, 45.948590666586149 ], [ 18.258001889383532, 45.948699881206871 ], [ 18.257892674762811, 45.948699881206871 ], [ 18.257892674762811, 45.948809095827599 ], [ 18.257783460142086, 45.948809095827599 ], [ 18.257783460142086, 45.94891831044832 ], [ 18.257674245521361, 45.94891831044832 ], [ 18.257674245521361, 45.94913673968977 ], [ 18.257565030900636, 45.94913673968977 ], [ 18.257565030900636, 45.94935516893122 ], [ 18.257455816279911, 45.94935516893122 ], [ 18.257455816279911, 45.949573598172663 ], [ 18.257346601659187, 45.949573598172663 ], [ 18.257346601659187, 45.949792027414112 ], [ 18.257237387038465, 45.949792027414112 ], [ 18.257237387038465, 45.949901242034841 ], [ 18.25712817241774, 45.949901242034841 ], [ 18.25712817241774, 45.950119671276283 ], [ 18.257018957797015, 45.950119671276283 ], [ 18.257018957797015, 45.950228885897012 ], [ 18.256909743176291, 45.950228885897012 ], [ 18.256909743176291, 45.950338100517733 ], [ 18.256800528555566, 45.950338100517733 ], [ 18.256800528555566, 45.950556529759183 ], [ 18.256691313934844, 45.950556529759183 ], [ 18.256691313934844, 45.950665744379911 ], [ 18.256582099314119, 45.950665744379911 ], [ 18.256582099314119, 45.950774959000633 ], [ 18.256472884693395, 45.950774959000633 ], [ 18.256472884693395, 45.950993388242082 ], [ 18.25636367007267, 45.950993388242082 ], [ 18.25636367007267, 45.951539461345703 ], [ 18.256254455451945, 45.951539461345703 ], [ 18.256254455451945, 45.951648675966425 ], [ 18.25614524083122, 45.951648675966425 ], [ 18.25614524083122, 45.951757890587153 ], [ 18.255708382348324, 45.951757890587153 ] ] ] } },
{ "type": "Feature", "properties": { "parcel_id": 117, "area_ha": 24.64, "pixels": 2464 }, "geometry": { "type": "Polygon", "coordinates": [ [ [ 18.266629844420752, 45.951648675966425 ], [ 18.266629844420752, 45.951539461345703 ], [ 18.266520629800027, 45.951539461345703 ], [ 18.266520629800027, 45.950993388242082 ], [ 18.266629844420752, 45.950993388242082 ], [ 18.266629844420752, 45.950884173621354 ], [ 18.266520629800027, 45.950884173621354 ], [ 18.266520629800027, 45.950665744379911 ], [ 18.266192985937852, 45.950665744379911 ], [ 18.266192985937852, 45.950556529759183 ], [ 18.265537698213507, 45.950556529759183 ], [ 18.265537698213507, 45.950447315138462 ], [ 18.265428483592785, 45.950447315138462 ], [ 18.265428483592785, 45.950338100517733 ], [ 18.26531926897206, 45.950338100517733 ], [ 18.26531926897206, 45.950119671276283 ], [ 18.265210054351336, 45.950119671276283 ], [ 18.265210054351336, 45.949901242034841 ], [ 18.265100839730611, 45.949901242034841 ], [ 18.265100839730611, 45.949573598172663 ], [ 18.264882410489164, 45.949573598172663 ], [ 18.264882410489164, 45.949682812793391 ], [ 18.264663981247715, 45.949682812793391 ], [ 18.264663981247715, 45.949901242034841 ], [ 18.26433633738554, 45.949901242034841 ], [ 18.26433633738554, 45.949245954310491 ], [ 18.264445552006265, 45.949245954310491 ], [ 18.264445552006265, 45.948809095827599 ], [ 18.264227122764819, 45.948809095827599 ], [ 18.264227122764819, 45.948699881206871 ], [ 18.264008693523369, 45.948699881206871 ], [ 18.264008693523369, 45.948590666586149 ], [ 18.263899478902644, 45.948590666586149 ], [ 18.263899478902644, 45.948481451965421 ], [ 18.263790264281919, 45.948481451965421 ], [ 18.263790264281919, 45.94815380810325 ], [ 18.263899478902644, 45.94815380810325 ], [ 18.263899478902644, 45.948044593482528 ], [ 18.264008693523369, 45.948044593482528 ], [ 18.264008693523369, 45.947826164241079 ], [ 18.264445552006265, 45.947826164241079 ], [ 18.264445552006265, 45.947607734999629 ], [ 18.26433633738554, 45.947607734999629 ], [ 18.26433633738554, 45.947498520378907 ], [ 18.264227122764819, 45.947498520378907 ], [ 18.264227122764819, 45.947389305758179 ], [ 18.264008693523369, 45.947389305758179 ], [ 18.264008693523369, 45.947280091137458 ], [ 18.263899478902644, 45.947280091137458 ], [ 18.263899478902644, 45.947170876516729 ], [ 18.263681049661194, 45.947170876516729 ], [ 18.263681049661194, 45.947061661896008 ], [ 18.263571835040473, 45.947061661896008 ], [ 18.263571835040473, 45.946952447275287 ], [ 18.263462620419748, 45.946952447275287 ], [ 18.263462620419748, 45.946624803413108 ], [ 18.263571835040473, 45.946624803413108 ], [ 18.263571835040473, 45.946515588792387 ], [ 18.263681049661194, 45.946515588792387 ], [ 18.263681049661194, 45.946406374171659 ], [ 18.263899478902644, 45.946406374171659 ], [ 18.263899478902644, 45.946297159550937 ], [ 18.264008693523369, 45.946297159550937 ], [ 18.264008693523369, 45.946078730309488 ], [ 18.263899478902644, 45.946078730309488 ], [ 18.263899478902644, 45.945860301068038 ], [ 18.263790264281919, 45.945860301068038 ], [ 18.263790264281919, 45.945423442585145 ], [ 18.263899478902644, 45.945423442585145 ], [ 18.263899478902644, 45.945205013343696 ], [ 18.263790264281919, 45.945205013343696 ], [ 18.263790264281919, 45.944986584102246 ], [ 18.263681049661194, 45.944986584102246 ], [ 18.263681049661194, 45.944877369481524 ], [ 18.263571835040473, 45.944877369481524 ], [ 18.263571835040473, 45.944768154860796 ], [ 18.263462620419748, 45.944768154860796 ], [ 18.263462620419748, 45.944549725619346 ], [ 18.263571835040473, 45.944549725619346 ], [ 18.263571835040473, 45.944440510998625 ], [ 18.263681049661194, 45.944440510998625 ], [ 18.263681049661194, 45.944331296377904 ], [ 18.26477319586844, 45.944331296377904 ], [ 18.26477319586844, 45.944440510998625 ], [ 18.265100839730611, 45.944440510998625 ], [ 18.265100839730611, 45.944331296377904 ], [ 18.265537698213507, 45.944331296377904 ], [ 18.265537698213507, 45.944222081757175 ], [ 18.266411415179302, 45.944222081757175 ], [ 18.266411415179302, 45.944112867136454 ], [ 18.26815884911089, 45.944112867136454 ], [ 18.26815884911089, 45.944222081757175 ], [ 18.268377278352339, 45.944222081757175 ], [ 18.268377278352339, 45.944331296377904 ], [ 18.268486492973064, 45.944331296377904 ], [ 18.268486492973064, 45.946843232654558 ], [ 18.268595707593789, 45.946843232654558 ], [ 18.268595707593789, 45.948481451965421 ], [ 18.268486492973064, 45.948481451965421 ], [ 18.268486492973064, 45.949573598172663 ], [ 18.268377278352339, 45.949573598172663 ], [ 18.268377278352339, 45.949901242034841 ], [ 18.268268063731615, 45.949901242034841 ], [ 18.268268063731615, 45.950665744379911 ], [ 18.26815884911089, 45.950665744379911 ], [ 18.26815884911089, 45.950774959000633 ], [ 18.268049634490165, 45.950774959000633 ], [ 18.268049634490165, 45.950884173621354 ], [ 18.267940419869444, 45.950884173621354 ], [ 18.267940419869444, 45.950993388242082 ], [ 18.268049634490165, 45.950993388242082 ], [ 18.268049634490165, 45.951211817483532 ], [ 18.26815884911089, 45.951211817483532 ], [ 18.26815884911089, 45.951430246724975 ], [ 18.268049634490165, 45.951430246724975 ], [ 18.268049634490165, 45.951539461345703 ], [ 18.267940419869444, 45.951539461345703 ], [ 18.267940419869444, 45.951648675966425 ], [ 18.267175917524373, 45.951648675966425 ], [ 18.267175917524373, 45.951539461345703 ], [ 18.266848273662198, 45.951539461345703 ], [ 18.266848273662198, 45.951648675966425 ], [ 18.266629844420752, 45.951648675966425 ] ] ] } },
{ "type": "Feature", "properties": { "parcel_id": 118, "area_ha": 14.71, "pixels": 1471 }, "geometry": { "type": "Polygon", "coordinates": [ [ [ 18.264117908144094, 45.950447315138462 ], [ 18.264117908144094, 45.950228885897012 ], [ 18.264008693523369, 45.950228885897012 ], [ 18.264008693523369, 45.950010456655562 ], [ 18.263899478902644, 45.950010456655562 ], [ 18.263899478902644, 45.949792027414112 ], [ 18.263790264281919, 45.949792027414112 ], [ 18.263790264281919, 45.949464383551941 ], [ 18.263681049661194, 45.949464383551941 ], [ 18.263681049661194, 45.94913673968977 ], [ 18.263571835040473, 45.94913673968977 ], [ 18.263571835040473, 45.949901242034841 ], [ 18.263462620419748, 45.949901242034841 ], [ 18.263462620419748, 45.949573598172663 ], [ 18.263353405799023, 45.949573598172663 ], [ 18.263353405799023, 45.949027525069042 ], [ 18.263462620419748, 45.949027525069042 ], [ 18.263462620419748, 45.948809095827599 ], [ 18.263353405799023, 45.948809095827599 ], [ 18.263353405799023, 45.948699881206871 ], [ 18.263244191178298, 45.948699881206871 ], [ 18.263244191178298, 45.948590666586149 ], [ 18.263134976557573, 45.948590666586149 ], [ 18.263134976557573, 45.948481451965421 ], [ 18.262916547316127, 45.948481451965421 ], [ 18.262916547316127, 45.948372237344699 ], [ 18.262807332695402, 45.948372237344699 ], [ 18.262807332695402, 45.948263022723971 ], [ 18.262698118074677, 45.948263022723971 ], [ 18.262698118074677, 45.94815380810325 ], [ 18.262588903453953, 45.94815380810325 ], [ 18.262588903453953, 45.948044593482528 ], [ 18.262370474212506, 45.948044593482528 ], [ 18.262370474212506, 45.947826164241079 ], [ 18.262261259591781, 45.947826164241079 ], [ 18.262261259591781, 45.94771694962035 ], [ 18.262152044971057, 45.94771694962035 ], [ 18.262152044971057, 45.947498520378907 ], [ 18.262042830350332, 45.947498520378907 ], [ 18.262042830350332, 45.947280091137458 ], [ 18.261933615729607, 45.947280091137458 ], [ 18.261933615729607, 45.947061661896008 ], [ 18.261824401108882, 45.947061661896008 ], [ 18.261824401108882, 45.946843232654558 ], [ 18.261715186488161, 45.946843232654558 ], [ 18.261715186488161, 45.946624803413108 ], [ 18.261605971867436, 45.946624803413108 ], [ 18.261605971867436, 45.944877369481524 ], [ 18.261715186488161, 45.944877369481524 ], [ 18.261715186488161, 45.944549725619346 ], [ 18.261824401108882, 45.944549725619346 ], [ 18.261824401108882, 45.944331296377904 ], [ 18.261933615729607, 45.944331296377904 ], [ 18.261933615729607, 45.944112867136454 ], [ 18.262152044971057, 45.944112867136454 ], [ 18.262152044971057, 45.944003652515725 ], [ 18.262807332695402, 45.944003652515725 ], [ 18.262807332695402, 45.943894437895004 ], [ 18.262698118074677, 45.943894437895004 ], [ 18.262698118074677, 45.943785223274283 ], [ 18.262261259591781, 45.943785223274283 ], [ 18.262261259591781, 45.943239150170655 ], [ 18.262479688833228, 45.943239150170655 ], [ 18.262479688833228, 45.943129935549933 ], [ 18.265100839730611, 45.943129935549933 ], [ 18.265100839730611, 45.943020720929212 ], [ 18.266302200558577, 45.943020720929212 ], [ 18.266302200558577, 45.943129935549933 ], [ 18.268704922214511, 45.943129935549933 ], [ 18.268704922214511, 45.943348364791383 ], [ 18.268814136835235, 45.943348364791383 ], [ 18.268814136835235, 45.943566794032833 ], [ 18.268704922214511, 45.943566794032833 ], [ 18.268704922214511, 45.943894437895004 ], [ 18.268595707593789, 45.943894437895004 ], [ 18.268595707593789, 45.944986584102246 ], [ 18.268704922214511, 45.944986584102246 ], [ 18.268704922214511, 45.94815380810325 ], [ 18.268814136835235, 45.94815380810325 ], [ 18.268814136835235, 45.949464383551941 ], [ 18.268704922214511, 45.949464383551941 ], [ 18.268704922214511, 45.949245954310491 ], [ 18.268595707593789, 45.949245954310491 ], [ 18.268595707593789, 45.946843232654558 ], [ 18.268486492973064, 45.946843232654558 ], [ 18.268486492973064, 45.944331296377904 ], [ 18.268377278352339, 45.944331296377904 ], [ 18.268377278352339, 45.944222081757175 ], [ 18.26815884911089, 45.944222081757175 ], [ 18.26815884911089, 45.944112867136454 ], [ 18.266411415179302, 45.944112867136454 ], [ 18.266411415179302, 45.944222081757175 ], [ 18.265537698213507, 45.944222081757175 ], [ 18.265537698213507, 45.944331296377904 ], [ 18.265100839730611, 45.944331296377904 ], [ 18.265100839730611, 45.944440510998625 ], [ 18.26477319586844, 45.944440510998625 ], [ 18.26477319586844, 45.944331296377904 ], [ 18.263681049661194, 45.944331296377904 ], [ 18.263681049661194, 45.944440510998625 ], [ 18.263571835040473, 45.944440510998625 ], [ 18.263571835040473, 45.944549725619346 ], [ 18.263462620419748, 45.944549725619346 ], [ 18.263462620419748, 45.944768154860796 ], [ 18.263571835040473, 45.944768154860796 ], [ 18.263571835040473, 45.944877369481524 ], [ 18.263681049661194, 45.944877369481524 ], [ 18.263681049661194, 45.944986584102246 ], [ 18.263790264281919, 45.944986584102246 ], [ 18.263790264281919, 45.945205013343696 ], [ 18.263899478902644, 45.945205013343696 ], [ 18.263899478902644, 45.945423442585145 ], [ 18.263790264281919, 45.945423442585145 ], [ 18.263790264281919, 45.945860301068038 ], [ 18.263899478902644, 45.945860301068038 ], [ 18.263899478902644, 45.946078730309488 ], [ 18.264008693523369, 45.946078730309488 ], [ 18.264008693523369, 45.946297159550937 ], [ 18.263899478902644, 45.946297159550937 ], [ 18.263899478902644, 45.946406374171659 ], [ 18.263681049661194, 45.946406374171659 ], [ 18.263681049661194, 45.946515588792387 ], [ 18.263571835040473, 45.946515588792387 ], [ 18.263571835040473, 45.946624803413108 ], [ 18.263462620419748, 45.946624803413108 ], [ 18.263462620419748, 45.946952447275287 ], [ 18.263571835040473, 45.946952447275287 ], [ 18.263571835040473, 45.947061661896008 ], [ 18.263681049661194, 45.947061661896008 ], [ 18.263681049661194, 45.947170876516729 ], [ 18.263899478902644, 45.947170876516729 ], [ 18.263899478902644, 45.947280091137458 ], [ 18.264008693523369, 45.947280091137458 ], [ 18.264008693523369, 45.947389305758179 ], [ 18.264227122764819, 45.947389305758179 ], [ 18.264227122764819, 45.947498520378907 ], [ 18.26433633738554, 45.947498520378907 ], [ 18.26433633738554, 45.947607734999629 ], [ 18.264445552006265, 45.947607734999629 ], [ 18.264445552006265, 45.947826164241079 ], [ 18.264008693523369, 45.947826164241079 ], [ 18.264008693523369, 45.948044593482528 ], [ 18.263899478902644, 45.948044593482528 ], [ 18.263899478902644, 45.94815380810325 ], [ 18.263790264281919, 45.94815380810325 ], [ 18.263790264281919, 45.948481451965421 ], [ 18.263899478902644, 45.948481451965421 ], [ 18.263899478902644, 45.948590666586149 ], [ 18.264008693523369, 45.948590666586149 ], [ 18.264008693523369, 45.948699881206871 ], [ 18.264227122764819, 45.948699881206871 ], [ 18.264227122764819, 45.948809095827599 ], [ 18.264445552006265, 45.948809095827599 ], [ 18.264445552006265, 45.949245954310491 ], [ 18.26433633738554, 45.949245954310491 ], [ 18.26433633738554, 45.950119671276283 ], [ 18.264227122764819, 45.950119671276283 ], [ 18.264227122764819, 45.950447315138462 ], [ 18.264117908144094, 45.950447315138462 ] ] ] } },
{ "type": "Feature", "properties": { "parcel_id": 119, "area_ha": 14.17, "pixels": 1417 }, "geometry": { "type": "Polygon", "coordinates": [ [ [ 18.269032566076685, 45.950447315138462 ], [ 18.269032566076685, 45.950338100517733 ], [ 18.26892335145596, 45.950338100517733 ], [ 18.26892335145596, 45.949901242034841 ], [ 18.268814136835235, 45.949901242034841 ], [ 18.268814136835235, 45.94815380810325 ], [ 18.268704922214511, 45.94815380810325 ], [ 18.268704922214511, 45.944986584102246 ], [ 18.268595707593789, 45.944986584102246 ], [ 18.268595707593789, 45.943894437895004 ], [ 18.268704922214511, 45.943894437895004 ], [ 18.268704922214511, 45.943566794032833 ], [ 18.268814136835235, 45.943566794032833 ], [ 18.268814136835235, 45.943348364791383 ], [ 18.268704922214511, 45.943348364791383 ], [ 18.268704922214511, 45.943239150170655 ], [ 18.269032566076685, 45.943239150170655 ], [ 18.269032566076685, 45.943129935549933 ], [ 18.272199790077689, 45.943129935549933 ], [ 18.272199790077689, 45.943020720929212 ], [ 18.275803872561589, 45.943020720929212 ], [ 18.275803872561589, 45.943129935549933 ], [ 18.278425023458972, 45.943129935549933 ], [ 18.278425023458972, 45.943239150170655 ], [ 18.278534238079697, 45.943239150170655 ], [ 18.278534238079697, 45.943566794032833 ], [ 18.278425023458972, 45.943566794032833 ], [ 18.278425023458972, 45.943676008653554 ], [ 18.278315808838247, 45.943676008653554 ], [ 18.278315808838247, 45.943785223274283 ], [ 18.277769735734626, 45.943785223274283 ], [ 18.277769735734626, 45.943676008653554 ], [ 18.277660521113901, 45.943676008653554 ], [ 18.277660521113901, 45.943566794032833 ], [ 18.276786804148109, 45.943566794032833 ], [ 18.276786804148109, 45.943676008653554 ], [ 18.27634994566521, 45.943676008653554 ], [ 18.27634994566521, 45.943785223274283 ], [ 18.276240731044485, 45.943785223274283 ], [ 18.276240731044485, 45.944112867136454 ], [ 18.274165653250726, 45.944112867136454 ], [ 18.274165653250726, 45.944222081757175 ], [ 18.273619580147106, 45.944222081757175 ], [ 18.273619580147106, 45.944658940240075 ], [ 18.273728794767827, 45.944658940240075 ], [ 18.273728794767827, 45.944768154860796 ], [ 18.273401150905656, 45.944768154860796 ], [ 18.273401150905656, 45.944658940240075 ], [ 18.273182721664206, 45.944658940240075 ], [ 18.273182721664206, 45.944549725619346 ], [ 18.27296429242276, 45.944549725619346 ], [ 18.27296429242276, 45.944440510998625 ], [ 18.272855077802035, 45.944440510998625 ], [ 18.272855077802035, 45.944331296377904 ], [ 18.271872146215514, 45.944331296377904 ], [ 18.271872146215514, 45.944440510998625 ], [ 18.271544502353343, 45.944440510998625 ], [ 18.271544502353343, 45.944331296377904 ], [ 18.269469424559581, 45.944331296377904 ], [ 18.269469424559581, 45.944440510998625 ], [ 18.269360209938856, 45.944440510998625 ], [ 18.269360209938856, 45.944549725619346 ], [ 18.269250995318135, 45.944549725619346 ], [ 18.269250995318135, 45.946843232654558 ], [ 18.269360209938856, 45.946843232654558 ], [ 18.269360209938856, 45.949027525069042 ], [ 18.269469424559581, 45.949027525069042 ], [ 18.269469424559581, 45.949682812793391 ], [ 18.269578639180306, 45.949682812793391 ], [ 18.269578639180306, 45.949792027414112 ], [ 18.270015497663202, 45.949792027414112 ], [ 18.270015497663202, 45.949682812793391 ], [ 18.270452356146102, 45.949682812793391 ], [ 18.270452356146102, 45.949573598172663 ], [ 18.271107643870447, 45.949573598172663 ], [ 18.271107643870447, 45.949464383551941 ], [ 18.271435287732618, 45.949464383551941 ], [ 18.271435287732618, 45.94935516893122 ], [ 18.271872146215514, 45.94935516893122 ], [ 18.271872146215514, 45.949245954310491 ], [ 18.272418219319139, 45.949245954310491 ], [ 18.272418219319139, 45.94913673968977 ], [ 18.272636648560585, 45.94913673968977 ], [ 18.272636648560585, 45.949027525069042 ], [ 18.273182721664206, 45.949027525069042 ], [ 18.273182721664206, 45.94891831044832 ], [ 18.273401150905656, 45.94891831044832 ], [ 18.273401150905656, 45.949027525069042 ], [ 18.273619580147106, 45.949027525069042 ], [ 18.273619580147106, 45.94891831044832 ], [ 18.275585443320139, 45.94891831044832 ], [ 18.275585443320139, 45.949027525069042 ], [ 18.27634994566521, 45.949027525069042 ], [ 18.27634994566521, 45.94891831044832 ], [ 18.276786804148109, 45.94891831044832 ], [ 18.276786804148109, 45.948809095827599 ], [ 18.277878950355351, 45.948809095827599 ], [ 18.277878950355351, 45.94891831044832 ], [ 18.277551306493176, 45.94891831044832 ], [ 18.277551306493176, 45.949027525069042 ], [ 18.276786804148109, 45.949027525069042 ], [ 18.276786804148109, 45.94913673968977 ], [ 18.276459160285935, 45.94913673968977 ], [ 18.276459160285935, 45.949245954310491 ], [ 18.275585443320139, 45.949245954310491 ], [ 18.275585443320139, 45.94935516893122 ], [ 18.272855077802035, 45.94935516893122 ], [ 18.272855077802035, 45.949464383551941 ], [ 18.27252743393986, 45.949464383551941 ], [ 18.27252743393986, 45.949573598172663 ], [ 18.272199790077689, 45.949573598172663 ], [ 18.272199790077689, 45.949682812793391 ], [ 18.271653716974068, 45.949682812793391 ], [ 18.271653716974068, 45.949792027414112 ], [ 18.271216858491169, 45.949792027414112 ], [ 18.271216858491169, 45.949901242034841 ], [ 18.270452356146102, 45.949901242034841 ], [ 18.270452356146102, 45.950010456655562 ], [ 18.269906283042481, 45.950010456655562 ], [ 18.269906283042481, 45.950119671276283 ], [ 18.269687853801031, 45.950119671276283 ], [ 18.269687853801031, 45.950228885897012 ], [ 18.269469424559581, 45.950228885897012 ], [ 18.269469424559581, 45.950338100517733 ], [ 18.269250995318135, 45.950338100517733 ], [ 18.269250995318135, 45.950447315138462 ], [ 18.269032566076685, 45.950447315138462 ] ] ] } },
{ "type": "Feature", "properties": { "parcel_id": 120, "area_ha": 7.81, "pixels": 781 }, "geometry": { "type": "Polygon", "coordinates": [ [ [ 18.253305660692391, 45.950338100517733 ], [ 18.253305660692391, 45.950119671276283 ], [ 18.253196446071666, 45.950119671276283 ], [ 18.253196446071666, 45.949901242034841 ], [ 18.253087231450941, 45.949901242034841 ], [ 18.253087231450941, 45.949573598172663 ], [ 18.252978016830216, 45.949573598172663 ], [ 18.252978016830216, 45.949464383551941 ], [ 18.25232272910587, 45.949464383551941 ], [ 18.25232272910587, 45.949573598172663 ], [ 18.251230582898629, 45.949573598172663 ], [ 18.251230582898629, 45.949682812793391 ], [ 18.250356865932837, 45.949682812793391 ], [ 18.250356865932837, 45.949573598172663 ], [ 18.250247651312112, 45.949573598172663 ], [ 18.250247651312112, 45.949464383551941 ], [ 18.250138436691387, 45.949464383551941 ], [ 18.250138436691387, 45.94891831044832 ], [ 18.250247651312112, 45.94891831044832 ], [ 18.250247651312112, 45.94815380810325 ], [ 18.250138436691387, 45.94815380810325 ], [ 18.250138436691387, 45.9479353788618 ], [ 18.250029222070662, 45.9479353788618 ], [ 18.250029222070662, 45.947826164241079 ], [ 18.249920007449937, 45.947826164241079 ], [ 18.249920007449937, 45.94771694962035 ], [ 18.249810792829212, 45.94771694962035 ], [ 18.249810792829212, 45.947607734999629 ], [ 18.249701578208491, 45.947607734999629 ], [ 18.249701578208491, 45.947498520378907 ], [ 18.249592363587766, 45.947498520378907 ], [ 18.249592363587766, 45.947280091137458 ], [ 18.249483148967041, 45.947280091137458 ], [ 18.249483148967041, 45.947061661896008 ], [ 18.249373934346316, 45.947061661896008 ], [ 18.249373934346316, 45.946952447275287 ], [ 18.249264719725591, 45.946952447275287 ], [ 18.249264719725591, 45.946843232654558 ], [ 18.24915550510487, 45.946843232654558 ], [ 18.24915550510487, 45.946734018033837 ], [ 18.249046290484145, 45.946734018033837 ], [ 18.249046290484145, 45.946624803413108 ], [ 18.248827861242695, 45.946624803413108 ], [ 18.248827861242695, 45.946406374171659 ], [ 18.24871864662197, 45.946406374171659 ], [ 18.24871864662197, 45.945969515688766 ], [ 18.248609432001246, 45.945969515688766 ], [ 18.248609432001246, 45.945205013343696 ], [ 18.248500217380524, 45.945205013343696 ], [ 18.248500217380524, 45.944986584102246 ], [ 18.248391002759799, 45.944986584102246 ], [ 18.248391002759799, 45.944768154860796 ], [ 18.248281788139074, 45.944768154860796 ], [ 18.248281788139074, 45.944549725619346 ], [ 18.24817257351835, 45.944549725619346 ], [ 18.24817257351835, 45.944003652515725 ], [ 18.248281788139074, 45.944003652515725 ], [ 18.248281788139074, 45.943348364791383 ], [ 18.248609432001246, 45.943348364791383 ], [ 18.248609432001246, 45.943566794032833 ], [ 18.248500217380524, 45.943566794032833 ], [ 18.248500217380524, 45.943785223274283 ], [ 18.248391002759799, 45.943785223274283 ], [ 18.248391002759799, 45.944549725619346 ], [ 18.248500217380524, 45.944549725619346 ], [ 18.248500217380524, 45.944658940240075 ], [ 18.248609432001246, 45.944658940240075 ], [ 18.248609432001246, 45.944986584102246 ], [ 18.24871864662197, 45.944986584102246 ], [ 18.24871864662197, 45.945423442585145 ], [ 18.248827861242695, 45.945423442585145 ], [ 18.248827861242695, 45.946187944930216 ], [ 18.24893707586342, 45.946187944930216 ], [ 18.24893707586342, 45.946406374171659 ], [ 18.249046290484145, 45.946406374171659 ], [ 18.249046290484145, 45.946515588792387 ], [ 18.24915550510487, 45.946515588792387 ], [ 18.24915550510487, 45.946624803413108 ], [ 18.249373934346316, 45.946624803413108 ], [ 18.249373934346316, 45.946734018033837 ], [ 18.249483148967041, 45.946734018033837 ], [ 18.249483148967041, 45.946843232654558 ], [ 18.249592363587766, 45.946843232654558 ], [ 18.249592363587766, 45.946952447275287 ], [ 18.250793724415733, 45.946952447275287 ], [ 18.250793724415733, 45.946843232654558 ], [ 18.251558226760803, 45.946843232654558 ], [ 18.251558226760803, 45.946734018033837 ], [ 18.252650372968045, 45.946734018033837 ], [ 18.252650372968045, 45.946843232654558 ], [ 18.25275958758877, 45.946843232654558 ], [ 18.25275958758877, 45.946952447275287 ], [ 18.252868802209495, 45.946952447275287 ], [ 18.252868802209495, 45.947170876516729 ], [ 18.252978016830216, 45.947170876516729 ], [ 18.252978016830216, 45.94771694962035 ], [ 18.253087231450941, 45.94771694962035 ], [ 18.253087231450941, 45.948809095827599 ], [ 18.252978016830216, 45.948809095827599 ], [ 18.252978016830216, 45.949245954310491 ], [ 18.253196446071666, 45.949245954310491 ], [ 18.253196446071666, 45.949464383551941 ], [ 18.253305660692391, 45.949464383551941 ], [ 18.253305660692391, 45.949682812793391 ], [ 18.253414875313116, 45.949682812793391 ], [ 18.253414875313116, 45.950338100517733 ], [ 18.253305660692391, 45.950338100517733 ] ] ] } },
{ "type": "Feature", "properties": { "parcel_id": 121, "area_ha": 14.79, "pixels": 1479 }, "geometry": { "type": "Polygon", "coordinates": [ [ [ 18.24456849103445, 45.950010456655562 ], [ 18.24456849103445, 45.949901242034841 ], [ 18.244459276413725, 45.949901242034841 ], [ 18.244459276413725, 45.949792027414112 ], [ 18.244350061793, 45.949792027414112 ], [ 18.244350061793, 45.949682812793391 ], [ 18.244240847172275, 45.949682812793391 ], [ 18.244240847172275, 45.949573598172663 ], [ 18.244022417930829, 45.949573598172663 ], [ 18.244022417930829, 45.949464383551941 ], [ 18.243913203310104, 45.949464383551941 ], [ 18.243913203310104, 45.94935516893122 ], [ 18.243694774068654, 45.94935516893122 ], [ 18.243694774068654, 45.949245954310491 ], [ 18.242821057102862, 45.949245954310491 ], [ 18.242821057102862, 45.94891831044832 ], [ 18.242930271723584, 45.94891831044832 ], [ 18.242930271723584, 45.948809095827599 ], [ 18.243476344827208, 45.948809095827599 ], [ 18.243476344827208, 45.94891831044832 ], [ 18.243803988689379, 45.94891831044832 ], [ 18.243803988689379, 45.949027525069042 ], [ 18.243913203310104, 45.949027525069042 ], [ 18.243913203310104, 45.94913673968977 ], [ 18.244022417930829, 45.94913673968977 ], [ 18.244022417930829, 45.949245954310491 ], [ 18.244459276413725, 45.949245954310491 ], [ 18.244459276413725, 45.94913673968977 ], [ 18.24456849103445, 45.94913673968977 ], [ 18.24456849103445, 45.949027525069042 ], [ 18.244677705655175, 45.949027525069042 ], [ 18.244677705655175, 45.948590666586149 ], [ 18.244786920275896, 45.948590666586149 ], [ 18.244786920275896, 45.948372237344699 ], [ 18.244896134896621, 45.948372237344699 ], [ 18.244896134896621, 45.94815380810325 ], [ 18.245005349517346, 45.94815380810325 ], [ 18.245005349517346, 45.9479353788618 ], [ 18.245114564138071, 45.9479353788618 ], [ 18.245114564138071, 45.94771694962035 ], [ 18.245223778758795, 45.94771694962035 ], [ 18.245223778758795, 45.947389305758179 ], [ 18.24533299337952, 45.947389305758179 ], [ 18.24533299337952, 45.947061661896008 ], [ 18.245442208000242, 45.947061661896008 ], [ 18.245442208000242, 45.946734018033837 ], [ 18.245551422620967, 45.946734018033837 ], [ 18.245551422620967, 45.946406374171659 ], [ 18.245442208000242, 45.946406374171659 ], [ 18.245442208000242, 45.946187944930216 ], [ 18.24533299337952, 45.946187944930216 ], [ 18.24533299337952, 45.946078730309488 ], [ 18.245114564138071, 45.946078730309488 ], [ 18.245114564138071, 45.945969515688766 ], [ 18.245223778758795, 45.945969515688766 ], [ 18.245223778758795, 45.945860301068038 ], [ 18.24533299337952, 45.945860301068038 ], [ 18.24533299337952, 45.945751086447316 ], [ 18.245769851862416, 45.945751086447316 ], [ 18.245769851862416, 45.945532657205867 ], [ 18.245879066483141, 45.945532657205867 ], [ 18.245879066483141, 45.945314227964417 ], [ 18.245988281103866, 45.945314227964417 ], [ 18.245988281103866, 45.944986584102246 ], [ 18.246097495724587, 45.944986584102246 ], [ 18.246097495724587, 45.944768154860796 ], [ 18.246206710345312, 45.944768154860796 ], [ 18.246206710345312, 45.944658940240075 ], [ 18.246315924966037, 45.944658940240075 ], [ 18.246315924966037, 45.944440510998625 ], [ 18.246425139586762, 45.944440510998625 ], [ 18.246425139586762, 45.944331296377904 ], [ 18.246534354207487, 45.944331296377904 ], [ 18.246534354207487, 45.944222081757175 ], [ 18.246643568828212, 45.944222081757175 ], [ 18.246643568828212, 45.944003652515725 ], [ 18.246752783448933, 45.944003652515725 ], [ 18.246752783448933, 45.943785223274283 ], [ 18.246643568828212, 45.943785223274283 ], [ 18.246643568828212, 45.943676008653554 ], [ 18.246534354207487, 45.943676008653554 ], [ 18.246534354207487, 45.943566794032833 ], [ 18.246425139586762, 45.943566794032833 ], [ 18.246425139586762, 45.943457579412105 ], [ 18.246315924966037, 45.943457579412105 ], [ 18.246315924966037, 45.943020720929212 ], [ 18.247408071173279, 45.943020720929212 ], [ 18.247408071173279, 45.943129935549933 ], [ 18.2479541442769, 45.943129935549933 ], [ 18.2479541442769, 45.943020720929212 ], [ 18.248500217380524, 45.943020720929212 ], [ 18.248500217380524, 45.942911506308484 ], [ 18.248827861242695, 45.942911506308484 ], [ 18.248827861242695, 45.942802291687762 ], [ 18.254070163037461, 45.942802291687762 ], [ 18.254070163037461, 45.942911506308484 ], [ 18.254725450761807, 45.942911506308484 ], [ 18.254725450761807, 45.942802291687762 ], [ 18.255162309244703, 45.942802291687762 ], [ 18.255162309244703, 45.943020720929212 ], [ 18.253742519175287, 45.943020720929212 ], [ 18.253742519175287, 45.942911506308484 ], [ 18.252868802209495, 45.942911506308484 ], [ 18.252868802209495, 45.943020720929212 ], [ 18.250466080553558, 45.943020720929212 ], [ 18.250466080553558, 45.942911506308484 ], [ 18.250029222070662, 45.942911506308484 ], [ 18.250029222070662, 45.943020720929212 ], [ 18.248827861242695, 45.943020720929212 ], [ 18.248827861242695, 45.943129935549933 ], [ 18.24871864662197, 45.943129935549933 ], [ 18.24871864662197, 45.943239150170655 ], [ 18.248609432001246, 45.943239150170655 ], [ 18.248609432001246, 45.943348364791383 ], [ 18.248281788139074, 45.943348364791383 ], [ 18.248281788139074, 45.944003652515725 ], [ 18.24817257351835, 45.944003652515725 ], [ 18.24817257351835, 45.943894437895004 ], [ 18.248063358897625, 45.943894437895004 ], [ 18.248063358897625, 45.944331296377904 ], [ 18.2479541442769, 45.944331296377904 ], [ 18.2479541442769, 45.944440510998625 ], [ 18.248063358897625, 45.944440510998625 ], [ 18.248063358897625, 45.944877369481524 ], [ 18.247844929656178, 45.944877369481524 ], [ 18.247844929656178, 45.944986584102246 ], [ 18.247735715035454, 45.944986584102246 ], [ 18.247735715035454, 45.945205013343696 ], [ 18.247626500414729, 45.945205013343696 ], [ 18.247626500414729, 45.945532657205867 ], [ 18.247735715035454, 45.945532657205867 ], [ 18.247735715035454, 45.945751086447316 ], [ 18.248063358897625, 45.945751086447316 ], [ 18.248063358897625, 45.945641871826595 ], [ 18.248281788139074, 45.945641871826595 ], [ 18.248281788139074, 45.945532657205867 ], [ 18.248391002759799, 45.945532657205867 ], [ 18.248391002759799, 45.945751086447316 ], [ 18.248500217380524, 45.945751086447316 ], [ 18.248500217380524, 45.947170876516729 ], [ 18.248391002759799, 45.947170876516729 ], [ 18.248391002759799, 45.947280091137458 ], [ 18.248281788139074, 45.947280091137458 ], [ 18.248281788139074, 45.947389305758179 ], [ 18.24817257351835, 45.947389305758179 ], [ 18.24817257351835, 45.947498520378907 ], [ 18.248063358897625, 45.947498520378907 ], [ 18.248063358897625, 45.947607734999629 ], [ 18.2479541442769, 45.947607734999629 ], [ 18.2479541442769, 45.94771694962035 ], [ 18.247735715035454, 45.94771694962035 ], [ 18.247735715035454, 45.947826164241079 ], [ 18.247626500414729, 45.947826164241079 ], [ 18.247626500414729, 45.948263022723971 ], [ 18.247517285794004, 45.948263022723971 ], [ 18.247517285794004, 45.948699881206871 ], [ 18.247408071173279, 45.948699881206871 ], [ 18.247408071173279, 45.94913673968977 ], [ 18.247298856552554, 45.94913673968977 ], [ 18.247298856552554, 45.949573598172663 ], [ 18.247189641931833, 45.949573598172663 ], [ 18.247189641931833, 45.949682812793391 ], [ 18.247080427311108, 45.949682812793391 ], [ 18.247080427311108, 45.949573598172663 ], [ 18.246971212690383, 45.949573598172663 ], [ 18.246971212690383, 45.949464383551941 ], [ 18.246752783448933, 45.949464383551941 ], [ 18.246752783448933, 45.94935516893122 ], [ 18.245551422620967, 45.94935516893122 ], [ 18.245551422620967, 45.949464383551941 ], [ 18.245223778758795, 45.949464383551941 ], [ 18.245223778758795, 45.949573598172663 ], [ 18.245005349517346, 45.949573598172663 ], [ 18.245005349517346, 45.949682812793391 ], [ 18.244896134896621, 45.949682812793391 ], [ 18.244896134896621, 45.949792027414112 ], [ 18.244786920275896, 45.949792027414112 ], [ 18.244786920275896, 45.949901242034841 ], [ 18.244677705655175, 45.949901242034841 ], [ 18.244677705655175, 45.950010456655562 ], [ 18.24456849103445, 45.950010456655562 ] ] ] } },
{ "type": "Feature", "properties": { "parcel_id": 122, "area_ha": 23.02, "pixels": 2302 }, "geometry": { "type": "Polygon", "coordinates": [ [ [ 18.269578639180306, 45.949792027414112 ], [ 18.269578639180306, 45.949682812793391 ], [ 18.269469424559581, 45.949682812793391 ], [ 18.269469424559581, 45.949027525069042 ], [ 18.269360209938856, 45.949027525069042 ], [ 18.269360209938856, 45.946843232654558 ], [ 18.269250995318135, 45.946843232654558 ], [ 18.269250995318135, 45.944549725619346 ], [ 18.269360209938856, 45.944549725619346 ], [ 18.269360209938856, 45.944440510998625 ], [ 18.269469424559581, 45.944440510998625 ], [ 18.269469424559581, 45.944331296377904 ], [ 18.271544502353343, 45.944331296377904 ], [ 18.271544502353343, 45.944440510998625 ], [ 18.271872146215514, 45.944440510998625 ], [ 18.271872146215514, 45.944331296377904 ], [ 18.272855077802035, 45.944331296377904 ], [ 18.272855077802035, 45.944440510998625 ], [ 18.27296429242276, 45.944440510998625 ], [ 18.27296429242276, 45.944549725619346 ], [ 18.273182721664206, 45.944549725619346 ], [ 18.273182721664206, 45.944658940240075 ], [ 18.273401150905656, 45.944658940240075 ], [ 18.273401150905656, 45.944768154860796 ], [ 18.274165653250726, 45.944768154860796 ], [ 18.274165653250726, 45.944877369481524 ], [ 18.274384082492173, 45.944877369481524 ], [ 18.274384082492173, 45.944986584102246 ], [ 18.274493297112897, 45.944986584102246 ], [ 18.274493297112897, 45.945095798722967 ], [ 18.274602511733622, 45.945095798722967 ], [ 18.274602511733622, 45.945751086447316 ], [ 18.274711726354347, 45.945751086447316 ], [ 18.274711726354347, 45.945969515688766 ], [ 18.274930155595797, 45.945969515688766 ], [ 18.274930155595797, 45.946078730309488 ], [ 18.275039370216518, 45.946078730309488 ], [ 18.275039370216518, 45.946187944930216 ], [ 18.275148584837243, 45.946187944930216 ], [ 18.275148584837243, 45.946515588792387 ], [ 18.275257799457968, 45.946515588792387 ], [ 18.275257799457968, 45.947280091137458 ], [ 18.275367014078693, 45.947280091137458 ], [ 18.275367014078693, 45.948809095827599 ], [ 18.275257799457968, 45.948809095827599 ], [ 18.275257799457968, 45.94891831044832 ], [ 18.273619580147106, 45.94891831044832 ], [ 18.273619580147106, 45.949027525069042 ], [ 18.273401150905656, 45.949027525069042 ], [ 18.273401150905656, 45.94891831044832 ], [ 18.273182721664206, 45.94891831044832 ], [ 18.273182721664206, 45.949027525069042 ], [ 18.272636648560585, 45.949027525069042 ], [ 18.272636648560585, 45.94913673968977 ], [ 18.272418219319139, 45.94913673968977 ], [ 18.272418219319139, 45.949245954310491 ], [ 18.271872146215514, 45.949245954310491 ], [ 18.271872146215514, 45.94935516893122 ], [ 18.271435287732618, 45.94935516893122 ], [ 18.271435287732618, 45.949464383551941 ], [ 18.271107643870447, 45.949464383551941 ], [ 18.271107643870447, 45.949573598172663 ], [ 18.270452356146102, 45.949573598172663 ], [ 18.270452356146102, 45.949682812793391 ], [ 18.270015497663202, 45.949682812793391 ], [ 18.270015497663202, 45.949792027414112 ], [ 18.269578639180306, 45.949792027414112 ] ] ] } },
{ "type": "Feature", "properties": { "parcel_id": 123, "area_ha": 14.7, "pixels": 1470 }, "geometry": { "type": "Polygon", "coordinates": [ [ [ 18.242493413240688, 45.949464383551941 ], [ 18.242493413240688, 45.94935516893122 ], [ 18.242384198619963, 45.94935516893122 ], [ 18.242384198619963, 45.949245954310491 ], [ 18.241838125516342, 45.949245954310491 ], [ 18.241838125516342, 45.94913673968977 ], [ 18.241728910895617, 45.94913673968977 ], [ 18.241728910895617, 45.948372237344699 ], [ 18.241619696274892, 45.948372237344699 ], [ 18.241619696274892, 45.94815380810325 ], [ 18.241510481654171, 45.94815380810325 ], [ 18.241510481654171, 45.948044593482528 ], [ 18.241292052412721, 45.948044593482528 ], [ 18.241292052412721, 45.9479353788618 ], [ 18.241073623171271, 45.9479353788618 ], [ 18.241073623171271, 45.947826164241079 ], [ 18.24096440855055, 45.947826164241079 ], [ 18.24096440855055, 45.94771694962035 ], [ 18.240855193929825, 45.94771694962035 ], [ 18.240855193929825, 45.947607734999629 ], [ 18.2407459793091, 45.947607734999629 ], [ 18.2407459793091, 45.947280091137458 ], [ 18.240855193929825, 45.947280091137458 ], [ 18.240855193929825, 45.947170876516729 ], [ 18.24096440855055, 45.947170876516729 ], [ 18.24096440855055, 45.947061661896008 ], [ 18.241073623171271, 45.947061661896008 ], [ 18.241073623171271, 45.946952447275287 ], [ 18.241182837791996, 45.946952447275287 ], [ 18.241182837791996, 45.946843232654558 ], [ 18.241401267033446, 45.946843232654558 ], [ 18.241401267033446, 45.946734018033837 ], [ 18.241510481654171, 45.946734018033837 ], [ 18.241510481654171, 45.946515588792387 ], [ 18.241619696274892, 45.946515588792387 ], [ 18.241619696274892, 45.946297159550937 ], [ 18.241728910895617, 45.946297159550937 ], [ 18.241728910895617, 45.946187944930216 ], [ 18.241619696274892, 45.946187944930216 ], [ 18.241619696274892, 45.945969515688766 ], [ 18.241510481654171, 45.945969515688766 ], [ 18.241510481654171, 45.945641871826595 ], [ 18.241401267033446, 45.945641871826595 ], [ 18.241401267033446, 45.945423442585145 ], [ 18.241510481654171, 45.945423442585145 ], [ 18.241510481654171, 45.945205013343696 ], [ 18.241728910895617, 45.945205013343696 ], [ 18.241728910895617, 45.945095798722967 ], [ 18.242165769378516, 45.945095798722967 ], [ 18.242165769378516, 45.944986584102246 ], [ 18.242384198619963, 45.944986584102246 ], [ 18.242384198619963, 45.944877369481524 ], [ 18.244240847172275, 45.944877369481524 ], [ 18.244240847172275, 45.944768154860796 ], [ 18.24456849103445, 45.944768154860796 ], [ 18.24456849103445, 45.944658940240075 ], [ 18.244896134896621, 45.944658940240075 ], [ 18.244896134896621, 45.944549725619346 ], [ 18.24533299337952, 45.944549725619346 ], [ 18.24533299337952, 45.944440510998625 ], [ 18.245660637241691, 45.944440510998625 ], [ 18.245660637241691, 45.944331296377904 ], [ 18.245988281103866, 45.944331296377904 ], [ 18.245988281103866, 45.944112867136454 ], [ 18.246206710345312, 45.944112867136454 ], [ 18.246206710345312, 45.943785223274283 ], [ 18.246315924966037, 45.943785223274283 ], [ 18.246315924966037, 45.943457579412105 ], [ 18.246425139586762, 45.943457579412105 ], [ 18.246425139586762, 45.943566794032833 ], [ 18.246534354207487, 45.943566794032833 ], [ 18.246534354207487, 45.943676008653554 ], [ 18.246643568828212, 45.943676008653554 ], [ 18.246643568828212, 45.943785223274283 ], [ 18.246752783448933, 45.943785223274283 ], [ 18.246752783448933, 45.944003652515725 ], [ 18.246643568828212, 45.944003652515725 ], [ 18.246643568828212, 45.944222081757175 ], [ 18.246534354207487, 45.944222081757175 ], [ 18.246534354207487, 45.944331296377904 ], [ 18.246425139586762, 45.944331296377904 ], [ 18.246425139586762, 45.944440510998625 ], [ 18.246315924966037, 45.944440510998625 ], [ 18.246315924966037, 45.944658940240075 ], [ 18.246206710345312, 45.944658940240075 ], [ 18.246206710345312, 45.944768154860796 ], [ 18.246097495724587, 45.944768154860796 ], [ 18.246097495724587, 45.944986584102246 ], [ 18.245988281103866, 45.944986584102246 ], [ 18.245988281103866, 45.945314227964417 ], [ 18.245879066483141, 45.945314227964417 ], [ 18.245879066483141, 45.945532657205867 ], [ 18.245769851862416, 45.945532657205867 ], [ 18.245769851862416, 45.945751086447316 ], [ 18.24533299337952, 45.945751086447316 ], [ 18.24533299337952, 45.945860301068038 ], [ 18.245223778758795, 45.945860301068038 ], [ 18.245223778758795, 45.945969515688766 ], [ 18.245114564138071, 45.945969515688766 ], [ 18.245114564138071, 45.946078730309488 ], [ 18.24533299337952, 45.946078730309488 ], [ 18.24533299337952, 45.946187944930216 ], [ 18.245442208000242, 45.946187944930216 ], [ 18.245442208000242, 45.946406374171659 ], [ 18.245551422620967, 45.946406374171659 ], [ 18.245551422620967, 45.946734018033837 ], [ 18.245442208000242, 45.946734018033837 ], [ 18.245442208000242, 45.947061661896008 ], [ 18.24533299337952, 45.947061661896008 ], [ 18.24533299337952, 45.947389305758179 ], [ 18.245223778758795, 45.947389305758179 ], [ 18.245223778758795, 45.94771694962035 ], [ 18.245114564138071, 45.94771694962035 ], [ 18.245114564138071, 45.9479353788618 ], [ 18.245005349517346, 45.9479353788618 ], [ 18.245005349517346, 45.94815380810325 ], [ 18.244896134896621, 45.94815380810325 ], [ 18.244896134896621, 45.948372237344699 ], [ 18.244786920275896, 45.948372237344699 ], [ 18.244786920275896, 45.948590666586149 ], [ 18.244677705655175, 45.948590666586149 ], [ 18.244677705655175, 45.949027525069042 ], [ 18.24456849103445, 45.949027525069042 ], [ 18.24456849103445, 45.94913673968977 ], [ 18.244459276413725, 45.94913673968977 ], [ 18.244459276413725, 45.949245954310491 ], [ 18.244022417930829, 45.949245954310491 ], [ 18.244022417930829, 45.94913673968977 ], [ 18.243913203310104, 45.94913673968977 ], [ 18.243913203310104, 45.949027525069042 ], [ 18.243803988689379, 45.949027525069042 ], [ 18.243803988689379, 45.94891831044832 ], [ 18.243476344827208, 45.94891831044832 ], [ 18.243476344827208, 45.948809095827599 ], [ 18.242930271723584, 45.948809095827599 ], [ 18.242930271723584, 45.94891831044832 ], [ 18.242821057102862, 45.94891831044832 ], [ 18.242821057102862, 45.949245954310491 ], [ 18.243367130206483, 45.949245954310491 ], [ 18.243367130206483, 45.94935516893122 ], [ 18.243039486344308, 45.94935516893122 ], [ 18.243039486344308, 45.949464383551941 ], [ 18.242493413240688, 45.949464383551941 ] ] ] } },
{ "type": "Feature", "properties": { "parcel_id": 124, "area_ha": 10.77, "pixels": 1077 }, "geometry": { "type": "Polygon", "coordinates": [ [ [ 18.24096440855055, 45.94913673968977 ], [ 18.24096440855055, 45.949027525069042 ], [ 18.240855193929825, 45.949027525069042 ], [ 18.240855193929825, 45.94891831044832 ], [ 18.240636764688375, 45.94891831044832 ], [ 18.240636764688375, 45.948809095827599 ], [ 18.24052755006765, 45.948809095827599 ], [ 18.24052755006765, 45.948699881206871 ], [ 18.240199906205479, 45.948699881206871 ], [ 18.240199906205479, 45.948590666586149 ], [ 18.239981476964029, 45.948590666586149 ], [ 18.239981476964029, 45.948481451965421 ], [ 18.239872262343304, 45.948481451965421 ], [ 18.239872262343304, 45.948372237344699 ], [ 18.23976304772258, 45.948372237344699 ], [ 18.23976304772258, 45.948263022723971 ], [ 18.239653833101858, 45.948263022723971 ], [ 18.239653833101858, 45.9479353788618 ], [ 18.239326189239684, 45.9479353788618 ], [ 18.239326189239684, 45.948044593482528 ], [ 18.238889330756788, 45.948044593482528 ], [ 18.238889330756788, 45.94815380810325 ], [ 18.238452472273892, 45.94815380810325 ], [ 18.238452472273892, 45.947826164241079 ], [ 18.238561686894613, 45.947826164241079 ], [ 18.238561686894613, 45.947170876516729 ], [ 18.238452472273892, 45.947170876516729 ], [ 18.238452472273892, 45.946952447275287 ], [ 18.238343257653167, 45.946952447275287 ], [ 18.238343257653167, 45.946734018033837 ], [ 18.238452472273892, 45.946734018033837 ], [ 18.238452472273892, 45.946297159550937 ], [ 18.238561686894613, 45.946297159550937 ], [ 18.238561686894613, 45.946187944930216 ], [ 18.238452472273892, 45.946187944930216 ], [ 18.238452472273892, 45.945969515688766 ], [ 18.238343257653167, 45.945969515688766 ], [ 18.238343257653167, 45.945314227964417 ], [ 18.238452472273892, 45.945314227964417 ], [ 18.238452472273892, 45.944986584102246 ], [ 18.238343257653167, 45.944986584102246 ], [ 18.238343257653167, 45.944549725619346 ], [ 18.238452472273892, 45.944549725619346 ], [ 18.238452472273892, 45.944003652515725 ], [ 18.238561686894613, 45.944003652515725 ], [ 18.238561686894613, 45.943457579412105 ], [ 18.238452472273892, 45.943457579412105 ], [ 18.238452472273892, 45.943348364791383 ], [ 18.238343257653167, 45.943348364791383 ], [ 18.238343257653167, 45.943239150170655 ], [ 18.238234043032442, 45.943239150170655 ], [ 18.238234043032442, 45.943129935549933 ], [ 18.238015613790992, 45.943129935549933 ], [ 18.238015613790992, 45.943020720929212 ], [ 18.237469540687371, 45.943020720929212 ], [ 18.237469540687371, 45.943129935549933 ], [ 18.23637739448013, 45.943129935549933 ], [ 18.23637739448013, 45.943239150170655 ], [ 18.236268179859405, 45.943239150170655 ], [ 18.236268179859405, 45.943348364791383 ], [ 18.23615896523868, 45.943348364791383 ], [ 18.23615896523868, 45.944658940240075 ], [ 18.236049750617955, 45.944658940240075 ], [ 18.236049750617955, 45.947280091137458 ], [ 18.235940535997234, 45.947280091137458 ], [ 18.235940535997234, 45.94771694962035 ], [ 18.235831321376509, 45.94771694962035 ], [ 18.235831321376509, 45.949027525069042 ], [ 18.235722106755784, 45.949027525069042 ], [ 18.235722106755784, 45.947170876516729 ], [ 18.235831321376509, 45.947170876516729 ], [ 18.235831321376509, 45.945641871826595 ], [ 18.235722106755784, 45.945641871826595 ], [ 18.235722106755784, 45.945314227964417 ], [ 18.235831321376509, 45.945314227964417 ], [ 18.235831321376509, 45.943239150170655 ], [ 18.235940535997234, 45.943239150170655 ], [ 18.235940535997234, 45.943020720929212 ], [ 18.236049750617955, 45.943020720929212 ], [ 18.236049750617955, 45.942911506308484 ], [ 18.236595823721576, 45.942911506308484 ], [ 18.236595823721576, 45.942802291687762 ], [ 18.238234043032442, 45.942802291687762 ], [ 18.238234043032442, 45.942911506308484 ], [ 18.239872262343304, 45.942911506308484 ], [ 18.239872262343304, 45.942802291687762 ], [ 18.241182837791996, 45.942802291687762 ], [ 18.241182837791996, 45.942911506308484 ], [ 18.242493413240688, 45.942911506308484 ], [ 18.242493413240688, 45.942802291687762 ], [ 18.244677705655175, 45.942802291687762 ], [ 18.244677705655175, 45.942911506308484 ], [ 18.242711842482137, 45.942911506308484 ], [ 18.242711842482137, 45.943020720929212 ], [ 18.242493413240688, 45.943020720929212 ], [ 18.242493413240688, 45.943129935549933 ], [ 18.241073623171271, 45.943129935549933 ], [ 18.241073623171271, 45.943020720929212 ], [ 18.240309120826204, 45.943020720929212 ], [ 18.240309120826204, 45.943129935549933 ], [ 18.240199906205479, 45.943129935549933 ], [ 18.240199906205479, 45.943239150170655 ], [ 18.239981476964029, 45.943239150170655 ], [ 18.239981476964029, 45.943348364791383 ], [ 18.239872262343304, 45.943348364791383 ], [ 18.239872262343304, 45.943676008653554 ], [ 18.23976304772258, 45.943676008653554 ], [ 18.23976304772258, 45.943785223274283 ], [ 18.239653833101858, 45.943785223274283 ], [ 18.239653833101858, 45.943894437895004 ], [ 18.239544618481133, 45.943894437895004 ], [ 18.239544618481133, 45.944112867136454 ], [ 18.239653833101858, 45.944112867136454 ], [ 18.239653833101858, 45.944331296377904 ], [ 18.23976304772258, 45.944331296377904 ], [ 18.23976304772258, 45.944440510998625 ], [ 18.239872262343304, 45.944440510998625 ], [ 18.239872262343304, 45.944549725619346 ], [ 18.239981476964029, 45.944549725619346 ], [ 18.239981476964029, 45.945205013343696 ], [ 18.239872262343304, 45.945205013343696 ], [ 18.239872262343304, 45.945860301068038 ], [ 18.23976304772258, 45.945860301068038 ], [ 18.23976304772258, 45.946187944930216 ], [ 18.239872262343304, 45.946187944930216 ], [ 18.239872262343304, 45.946297159550937 ], [ 18.239981476964029, 45.946297159550937 ], [ 18.239981476964029, 45.946515588792387 ], [ 18.240090691584754, 45.946515588792387 ], [ 18.240090691584754, 45.946843232654558 ], [ 18.240199906205479, 45.946843232654558 ], [ 18.240199906205479, 45.947061661896008 ], [ 18.240309120826204, 45.947061661896008 ], [ 18.240309120826204, 45.947170876516729 ], [ 18.240418335446925, 45.947170876516729 ], [ 18.240418335446925, 45.947280091137458 ], [ 18.24052755006765, 45.947280091137458 ], [ 18.24052755006765, 45.947389305758179 ], [ 18.2407459793091, 45.947389305758179 ], [ 18.2407459793091, 45.947607734999629 ], [ 18.240855193929825, 45.947607734999629 ], [ 18.240855193929825, 45.94771694962035 ], [ 18.24096440855055, 45.94771694962035 ], [ 18.24096440855055, 45.947826164241079 ], [ 18.241073623171271, 45.947826164241079 ], [ 18.241073623171271, 45.9479353788618 ], [ 18.241292052412721, 45.9479353788618 ], [ 18.241292052412721, 45.948044593482528 ], [ 18.241510481654171, 45.948044593482528 ], [ 18.241510481654171, 45.94815380810325 ], [ 18.241619696274892, 45.94815380810325 ], [ 18.241619696274892, 45.948372237344699 ], [ 18.241728910895617, 45.948372237344699 ], [ 18.241728910895617, 45.94913673968977 ], [ 18.24096440855055, 45.94913673968977 ] ] ] } },
{ "type": "Feature", "properties": { "parcel_id": 125, "area_ha": 18.31, "pixels": 1831 }, "geometry": { "type": "Polygon", "coordinates": [ [ [ 18.275585443320139, 45.949027525069042 ], [ 18.275585443320139, 45.94891831044832 ], [ 18.275257799457968, 45.94891831044832 ], [ 18.275257799457968, 45.948809095827599 ], [ 18.275367014078693, 45.948809095827599 ], [ 18.275367014078693, 45.947280091137458 ], [ 18.275257799457968, 45.947280091137458 ], [ 18.275257799457968, 45.946515588792387 ], [ 18.275148584837243, 45.946515588792387 ], [ 18.275148584837243, 45.946187944930216 ], [ 18.275039370216518, 45.946187944930216 ], [ 18.275039370216518, 45.946078730309488 ], [ 18.275148584837243, 45.946078730309488 ], [ 18.275148584837243, 45.945969515688766 ], [ 18.275476228699418, 45.945969515688766 ], [ 18.275476228699418, 45.945860301068038 ], [ 18.275913087182314, 45.945860301068038 ], [ 18.275913087182314, 45.945751086447316 ], [ 18.277114448010281, 45.945751086447316 ], [ 18.277114448010281, 45.945641871826595 ], [ 18.27733287725173, 45.945641871826595 ], [ 18.27733287725173, 45.945532657205867 ], [ 18.277442091872455, 45.945532657205867 ], [ 18.277442091872455, 45.945423442585145 ], [ 18.277660521113901, 45.945423442585145 ], [ 18.277660521113901, 45.945314227964417 ], [ 18.277878950355351, 45.945314227964417 ], [ 18.277878950355351, 45.945205013343696 ], [ 18.277988164976076, 45.945205013343696 ], [ 18.277988164976076, 45.945095798722967 ], [ 18.278206594217522, 45.945095798722967 ], [ 18.278206594217522, 45.944986584102246 ], [ 18.278425023458972, 45.944986584102246 ], [ 18.278425023458972, 45.944877369481524 ], [ 18.278534238079697, 45.944877369481524 ], [ 18.278534238079697, 45.944768154860796 ], [ 18.278643452700422, 45.944768154860796 ], [ 18.278643452700422, 45.944658940240075 ], [ 18.278752667321143, 45.944658940240075 ], [ 18.278752667321143, 45.944112867136454 ], [ 18.278861881941868, 45.944112867136454 ], [ 18.278861881941868, 45.944222081757175 ], [ 18.279080311183318, 45.944222081757175 ], [ 18.279080311183318, 45.944331296377904 ], [ 18.279954028149113, 45.944331296377904 ], [ 18.279954028149113, 45.944440510998625 ], [ 18.28017245739056, 45.944440510998625 ], [ 18.28017245739056, 45.944549725619346 ], [ 18.28093695973563, 45.944549725619346 ], [ 18.28093695973563, 45.944658940240075 ], [ 18.281373818218526, 45.944658940240075 ], [ 18.281373818218526, 45.944768154860796 ], [ 18.281592247459976, 45.944768154860796 ], [ 18.281592247459976, 45.944986584102246 ], [ 18.281701462080701, 45.944986584102246 ], [ 18.281701462080701, 45.945641871826595 ], [ 18.281592247459976, 45.945641871826595 ], [ 18.281592247459976, 45.946078730309488 ], [ 18.281701462080701, 45.946078730309488 ], [ 18.281701462080701, 45.947061661896008 ], [ 18.281592247459976, 45.947061661896008 ], [ 18.281592247459976, 45.947170876516729 ], [ 18.281483032839251, 45.947170876516729 ], [ 18.281483032839251, 45.947280091137458 ], [ 18.281264603597801, 45.947280091137458 ], [ 18.281264603597801, 45.947389305758179 ], [ 18.28115538897708, 45.947389305758179 ], [ 18.28115538897708, 45.947498520378907 ], [ 18.281046174356355, 45.947498520378907 ], [ 18.281046174356355, 45.947607734999629 ], [ 18.280827745114905, 45.947607734999629 ], [ 18.280827745114905, 45.94771694962035 ], [ 18.28071853049418, 45.94771694962035 ], [ 18.28071853049418, 45.947826164241079 ], [ 18.280500101252734, 45.947826164241079 ], [ 18.280500101252734, 45.9479353788618 ], [ 18.280390886632009, 45.9479353788618 ], [ 18.280390886632009, 45.948044593482528 ], [ 18.280281672011284, 45.948044593482528 ], [ 18.280281672011284, 45.94815380810325 ], [ 18.280063242769835, 45.94815380810325 ], [ 18.280063242769835, 45.948263022723971 ], [ 18.279735598907664, 45.948263022723971 ], [ 18.279735598907664, 45.948372237344699 ], [ 18.279298740424768, 45.948372237344699 ], [ 18.279298740424768, 45.948481451965421 ], [ 18.279080311183318, 45.948481451965421 ], [ 18.279080311183318, 45.948590666586149 ], [ 18.278752667321143, 45.948590666586149 ], [ 18.278752667321143, 45.948699881206871 ], [ 18.277988164976076, 45.948699881206871 ], [ 18.277988164976076, 45.948809095827599 ], [ 18.276786804148109, 45.948809095827599 ], [ 18.276786804148109, 45.94891831044832 ], [ 18.27634994566521, 45.94891831044832 ], [ 18.27634994566521, 45.949027525069042 ], [ 18.275585443320139, 45.949027525069042 ] ] ] } },
{ "type": "Feature", "properties": { "parcel_id": 126, "area_ha": 10.11, "pixels": 1011 }, "geometry": { "type": "Polygon", "coordinates": [ [ [ 18.28071853049418, 45.947826164241079 ], [ 18.28071853049418, 45.94771694962035 ], [ 18.280827745114905, 45.94771694962035 ], [ 18.280827745114905, 45.947607734999629 ], [ 18.281046174356355, 45.947607734999629 ], [ 18.281046174356355, 45.947498520378907 ], [ 18.28115538897708, 45.947498520378907 ], [ 18.28115538897708, 45.947389305758179 ], [ 18.281264603597801, 45.947389305758179 ], [ 18.281264603597801, 45.947280091137458 ], [ 18.281483032839251, 45.947280091137458 ], [ 18.281483032839251, 45.947170876516729 ], [ 18.281592247459976, 45.947170876516729 ], [ 18.281592247459976, 45.947061661896008 ], [ 18.281701462080701, 45.947061661896008 ], [ 18.281701462080701, 45.946078730309488 ], [ 18.281592247459976, 45.946078730309488 ], [ 18.281592247459976, 45.945641871826595 ], [ 18.281701462080701, 45.945641871826595 ], [ 18.281701462080701, 45.944986584102246 ], [ 18.281592247459976, 45.944986584102246 ], [ 18.281592247459976, 45.944768154860796 ], [ 18.281373818218526, 45.944768154860796 ], [ 18.281373818218526, 45.944658940240075 ], [ 18.28093695973563, 45.944658940240075 ], [ 18.28093695973563, 45.944549725619346 ], [ 18.28017245739056, 45.944549725619346 ], [ 18.28017245739056, 45.944440510998625 ], [ 18.283558110633013, 45.944440510998625 ], [ 18.283558110633013, 45.944331296377904 ], [ 18.284104183736634, 45.944331296377904 ], [ 18.284104183736634, 45.944440510998625 ], [ 18.286943763875463, 45.944440510998625 ], [ 18.286943763875463, 45.944549725619346 ], [ 18.287052978496188, 45.944549725619346 ], [ 18.287052978496188, 45.946078730309488 ], [ 18.286943763875463, 45.946078730309488 ], [ 18.286943763875463, 45.946406374171659 ], [ 18.284104183736634, 45.946406374171659 ], [ 18.284104183736634, 45.946515588792387 ], [ 18.283012037529392, 45.946515588792387 ], [ 18.283012037529392, 45.946624803413108 ], [ 18.282902822908667, 45.946624803413108 ], [ 18.282902822908667, 45.946734018033837 ], [ 18.282793608287943, 45.946734018033837 ], [ 18.282793608287943, 45.946843232654558 ], [ 18.282575179046493, 45.946843232654558 ], [ 18.282575179046493, 45.946952447275287 ], [ 18.282465964425771, 45.946952447275287 ], [ 18.282465964425771, 45.947061661896008 ], [ 18.282138320563597, 45.947061661896008 ], [ 18.282138320563597, 45.947170876516729 ], [ 18.282029105942872, 45.947170876516729 ], [ 18.282029105942872, 45.947280091137458 ], [ 18.281810676701426, 45.947280091137458 ], [ 18.281810676701426, 45.947389305758179 ], [ 18.281701462080701, 45.947389305758179 ], [ 18.281701462080701, 45.947498520378907 ], [ 18.281373818218526, 45.947498520378907 ], [ 18.281373818218526, 45.947607734999629 ], [ 18.28115538897708, 45.947607734999629 ], [ 18.28115538897708, 45.94771694962035 ], [ 18.28093695973563, 45.94771694962035 ], [ 18.28093695973563, 45.947826164241079 ], [ 18.28071853049418, 45.947826164241079 ] ] ] } },
{ "type": "Feature", "properties": { "parcel_id": 127, "area_ha": 11.51, "pixels": 1151 }, "geometry": { "type": "Polygon", "coordinates": [ [ [ 18.234848389789988, 45.947389305758179 ], [ 18.234848389789988, 45.947280091137458 ], [ 18.233756243582746, 45.947280091137458 ], [ 18.233756243582746, 45.941491716239071 ], [ 18.236814252963025, 45.941491716239071 ], [ 18.236814252963025, 45.941710145480521 ], [ 18.23692346758375, 45.941710145480521 ], [ 18.23692346758375, 45.942037789342692 ], [ 18.237032682204475, 45.942037789342692 ], [ 18.237032682204475, 45.942256218584141 ], [ 18.2371418968252, 45.942256218584141 ], [ 18.2371418968252, 45.942802291687762 ], [ 18.236595823721576, 45.942802291687762 ], [ 18.236595823721576, 45.942911506308484 ], [ 18.236049750617955, 45.942911506308484 ], [ 18.236049750617955, 45.943020720929212 ], [ 18.235940535997234, 45.943020720929212 ], [ 18.235940535997234, 45.943239150170655 ], [ 18.235831321376509, 45.943239150170655 ], [ 18.235831321376509, 45.945314227964417 ], [ 18.235722106755784, 45.945314227964417 ], [ 18.235722106755784, 45.945641871826595 ], [ 18.235831321376509, 45.945641871826595 ], [ 18.235831321376509, 45.947170876516729 ], [ 18.235722106755784, 45.947170876516729 ], [ 18.235722106755784, 45.947280091137458 ], [ 18.235612892135059, 45.947280091137458 ], [ 18.235612892135059, 45.947389305758179 ], [ 18.234848389789988, 45.947389305758179 ] ] ] } },
{ "type": "Feature", "properties": { "parcel_id": 128, "area_ha": 7.41, "pixels": 741 }, "geometry": { "type": "Polygon", "coordinates": [ [ [ 18.24052755006765, 45.947389305758179 ], [ 18.24052755006765, 45.947280091137458 ], [ 18.240418335446925, 45.947280091137458 ], [ 18.240418335446925, 45.947170876516729 ], [ 18.240309120826204, 45.947170876516729 ], [ 18.240309120826204, 45.947061661896008 ], [ 18.240199906205479, 45.947061661896008 ], [ 18.240199906205479, 45.946843232654558 ], [ 18.240090691584754, 45.946843232654558 ], [ 18.240090691584754, 45.946515588792387 ], [ 18.239981476964029, 45.946515588792387 ], [ 18.239981476964029, 45.946297159550937 ], [ 18.239872262343304, 45.946297159550937 ], [ 18.239872262343304, 45.946187944930216 ], [ 18.23976304772258, 45.946187944930216 ], [ 18.23976304772258, 45.945860301068038 ], [ 18.239872262343304, 45.945860301068038 ], [ 18.239872262343304, 45.945205013343696 ], [ 18.239981476964029, 45.945205013343696 ], [ 18.239981476964029, 45.944549725619346 ], [ 18.239872262343304, 45.944549725619346 ], [ 18.239872262343304, 45.944440510998625 ], [ 18.23976304772258, 45.944440510998625 ], [ 18.23976304772258, 45.944331296377904 ], [ 18.239653833101858, 45.944331296377904 ], [ 18.239653833101858, 45.944112867136454 ], [ 18.239544618481133, 45.944112867136454 ], [ 18.239544618481133, 45.943894437895004 ], [ 18.239653833101858, 45.943894437895004 ], [ 18.239653833101858, 45.943785223274283 ], [ 18.23976304772258, 45.943785223274283 ], [ 18.23976304772258, 45.943676008653554 ], [ 18.239872262343304, 45.943676008653554 ], [ 18.239872262343304, 45.943348364791383 ], [ 18.239981476964029, 45.943348364791383 ], [ 18.239981476964029, 45.943239150170655 ], [ 18.240199906205479, 45.943239150170655 ], [ 18.240199906205479, 45.943129935549933 ], [ 18.240309120826204, 45.943129935549933 ], [ 18.240309120826204, 45.943020720929212 ], [ 18.241073623171271, 45.943020720929212 ], [ 18.241073623171271, 45.943129935549933 ], [ 18.242493413240688, 45.943129935549933 ], [ 18.242493413240688, 45.943020720929212 ], [ 18.242711842482137, 45.943020720929212 ], [ 18.242711842482137, 45.942911506308484 ], [ 18.246206710345312, 45.942911506308484 ], [ 18.246206710345312, 45.943020720929212 ], [ 18.246315924966037, 45.943020720929212 ], [ 18.246315924966037, 45.943348364791383 ], [ 18.246097495724587, 45.943348364791383 ], [ 18.246097495724587, 45.943239150170655 ], [ 18.245879066483141, 45.943239150170655 ], [ 18.245879066483141, 45.943129935549933 ], [ 18.244350061793, 45.943129935549933 ], [ 18.244350061793, 45.943020720929212 ], [ 18.242821057102862, 45.943020720929212 ], [ 18.242821057102862, 45.943239150170655 ], [ 18.242711842482137, 45.943239150170655 ], [ 18.242711842482137, 45.943348364791383 ], [ 18.242602627861412, 45.943348364791383 ], [ 18.242602627861412, 45.943566794032833 ], [ 18.242165769378516, 45.943566794032833 ], [ 18.242165769378516, 45.943676008653554 ], [ 18.241728910895617, 45.943676008653554 ], [ 18.241728910895617, 45.943785223274283 ], [ 18.241510481654171, 45.943785223274283 ], [ 18.241510481654171, 45.943894437895004 ], [ 18.241401267033446, 45.943894437895004 ], [ 18.241401267033446, 45.944112867136454 ], [ 18.241510481654171, 45.944112867136454 ], [ 18.241510481654171, 45.944222081757175 ], [ 18.241619696274892, 45.944222081757175 ], [ 18.241619696274892, 45.944331296377904 ], [ 18.242821057102862, 45.944331296377904 ], [ 18.242821057102862, 45.944440510998625 ], [ 18.242930271723584, 45.944440510998625 ], [ 18.242930271723584, 45.944658940240075 ], [ 18.243039486344308, 45.944658940240075 ], [ 18.243039486344308, 45.944768154860796 ], [ 18.243257915585758, 45.944768154860796 ], [ 18.243257915585758, 45.944877369481524 ], [ 18.242384198619963, 45.944877369481524 ], [ 18.242384198619963, 45.944986584102246 ], [ 18.242165769378516, 45.944986584102246 ], [ 18.242165769378516, 45.945095798722967 ], [ 18.241728910895617, 45.945095798722967 ], [ 18.241728910895617, 45.945205013343696 ], [ 18.241510481654171, 45.945205013343696 ], [ 18.241510481654171, 45.945423442585145 ], [ 18.241401267033446, 45.945423442585145 ], [ 18.241401267033446, 45.945641871826595 ], [ 18.241510481654171, 45.945641871826595 ], [ 18.241510481654171, 45.945969515688766 ], [ 18.241619696274892, 45.945969515688766 ], [ 18.241619696274892, 45.946187944930216 ], [ 18.241728910895617, 45.946187944930216 ], [ 18.241728910895617, 45.946297159550937 ], [ 18.241619696274892, 45.946297159550937 ], [ 18.241619696274892, 45.946515588792387 ], [ 18.241510481654171, 45.946515588792387 ], [ 18.241510481654171, 45.946734018033837 ], [ 18.241401267033446, 45.946734018033837 ], [ 18.241401267033446, 45.946843232654558 ], [ 18.241182837791996, 45.946843232654558 ], [ 18.241182837791996, 45.946952447275287 ], [ 18.241073623171271, 45.946952447275287 ], [ 18.241073623171271, 45.947061661896008 ], [ 18.24096440855055, 45.947061661896008 ], [ 18.24096440855055, 45.947170876516729 ], [ 18.240855193929825, 45.947170876516729 ], [ 18.240855193929825, 45.947280091137458 ], [ 18.2407459793091, 45.947280091137458 ], [ 18.2407459793091, 45.947389305758179 ], [ 18.24052755006765, 45.947389305758179 ] ] ] } },
{ "type": "Feature", "properties": { "parcel_id": 129, "area_ha": 13.35, "pixels": 1335 }, "geometry": { "type": "Polygon", "coordinates": [ [ [ 18.287380622358363, 45.946952447275287 ], [ 18.287380622358363, 45.946406374171659 ], [ 18.287271407737638, 45.946406374171659 ], [ 18.287271407737638, 45.945532657205867 ], [ 18.287380622358363, 45.945532657205867 ], [ 18.287380622358363, 45.944768154860796 ], [ 18.287271407737638, 45.944768154860796 ], [ 18.287271407737638, 45.944331296377904 ], [ 18.287380622358363, 45.944331296377904 ], [ 18.287380622358363, 45.942911506308484 ], [ 18.287271407737638, 45.942911506308484 ], [ 18.287271407737638, 45.942802291687762 ], [ 18.287052978496188, 45.942802291687762 ], [ 18.287052978496188, 45.942693077067034 ], [ 18.286397690771842, 45.942693077067034 ], [ 18.286397690771842, 45.942802291687762 ], [ 18.285414759185326, 45.942802291687762 ], [ 18.285414759185326, 45.942693077067034 ], [ 18.283012037529392, 45.942693077067034 ], [ 18.283012037529392, 45.941928574721963 ], [ 18.283121252150117, 45.941928574721963 ], [ 18.283121252150117, 45.941491716239071 ], [ 18.2893464855314, 45.941491716239071 ], [ 18.2893464855314, 45.946624803413108 ], [ 18.28912805628995, 45.946624803413108 ], [ 18.28912805628995, 45.946734018033837 ], [ 18.28836355394488, 45.946734018033837 ], [ 18.28836355394488, 45.946843232654558 ], [ 18.287708266220534, 45.946843232654558 ], [ 18.287708266220534, 45.946952447275287 ], [ 18.287380622358363, 45.946952447275287 ] ] ] } },
{ "type": "Feature", "properties": { "parcel_id": 130, "area_ha": 13.17, "pixels": 1317 }, "geometry": { "type": "Polygon", "coordinates": [ [ [ 18.252978016830216, 45.946843232654558 ], [ 18.252978016830216, 45.946734018033837 ], [ 18.252868802209495, 45.946734018033837 ], [ 18.252868802209495, 45.946624803413108 ], [ 18.25275958758877, 45.946624803413108 ], [ 18.25275958758877, 45.946515588792387 ], [ 18.252650372968045, 45.946515588792387 ], [ 18.252650372968045, 45.946406374171659 ], [ 18.251339797519353, 45.946406374171659 ], [ 18.251339797519353, 45.946515588792387 ], [ 18.250902939036457, 45.946515588792387 ], [ 18.250902939036457, 45.946624803413108 ], [ 18.250466080553558, 45.946624803413108 ], [ 18.250466080553558, 45.946734018033837 ], [ 18.249701578208491, 45.946734018033837 ], [ 18.249701578208491, 45.946624803413108 ], [ 18.249592363587766, 45.946624803413108 ], [ 18.249592363587766, 45.946515588792387 ], [ 18.249483148967041, 45.946515588792387 ], [ 18.249483148967041, 45.946406374171659 ], [ 18.249373934346316, 45.946406374171659 ], [ 18.249373934346316, 45.946297159550937 ], [ 18.249264719725591, 45.946297159550937 ], [ 18.249264719725591, 45.945860301068038 ], [ 18.249373934346316, 45.945860301068038 ], [ 18.249373934346316, 45.945641871826595 ], [ 18.249264719725591, 45.945641871826595 ], [ 18.249264719725591, 45.945532657205867 ], [ 18.24915550510487, 45.945532657205867 ], [ 18.24915550510487, 45.945314227964417 ], [ 18.249046290484145, 45.945314227964417 ], [ 18.249046290484145, 45.945095798722967 ], [ 18.24893707586342, 45.945095798722967 ], [ 18.24893707586342, 45.944877369481524 ], [ 18.248827861242695, 45.944877369481524 ], [ 18.248827861242695, 45.944658940240075 ], [ 18.24871864662197, 45.944658940240075 ], [ 18.24871864662197, 45.944331296377904 ], [ 18.248609432001246, 45.944331296377904 ], [ 18.248609432001246, 45.944112867136454 ], [ 18.24871864662197, 45.944112867136454 ], [ 18.24871864662197, 45.943894437895004 ], [ 18.248827861242695, 45.943894437895004 ], [ 18.248827861242695, 45.943785223274283 ], [ 18.24893707586342, 45.943785223274283 ], [ 18.24893707586342, 45.943566794032833 ], [ 18.249046290484145, 45.943566794032833 ], [ 18.249046290484145, 45.943457579412105 ], [ 18.249264719725591, 45.943457579412105 ], [ 18.249264719725591, 45.943348364791383 ], [ 18.249701578208491, 45.943348364791383 ], [ 18.249701578208491, 45.943239150170655 ], [ 18.250684509795008, 45.943239150170655 ], [ 18.250684509795008, 45.943348364791383 ], [ 18.251776656002249, 45.943348364791383 ], [ 18.251776656002249, 45.943239150170655 ], [ 18.25232272910587, 45.943239150170655 ], [ 18.25232272910587, 45.943348364791383 ], [ 18.253196446071666, 45.943348364791383 ], [ 18.253196446071666, 45.943239150170655 ], [ 18.253742519175287, 45.943239150170655 ], [ 18.253742519175287, 45.943348364791383 ], [ 18.254179377658186, 45.943348364791383 ], [ 18.254179377658186, 45.943457579412105 ], [ 18.254070163037461, 45.943457579412105 ], [ 18.254070163037461, 45.943676008653554 ], [ 18.253960948416736, 45.943676008653554 ], [ 18.253960948416736, 45.943894437895004 ], [ 18.254070163037461, 45.943894437895004 ], [ 18.254070163037461, 45.944222081757175 ], [ 18.254179377658186, 45.944222081757175 ], [ 18.254179377658186, 45.945314227964417 ], [ 18.254288592278908, 45.945314227964417 ], [ 18.254288592278908, 45.945751086447316 ], [ 18.253960948416736, 45.945751086447316 ], [ 18.253960948416736, 45.945860301068038 ], [ 18.252978016830216, 45.945860301068038 ], [ 18.252978016830216, 45.945969515688766 ], [ 18.25254115834732, 45.945969515688766 ], [ 18.25254115834732, 45.946078730309488 ], [ 18.252650372968045, 45.946078730309488 ], [ 18.252650372968045, 45.946187944930216 ], [ 18.25275958758877, 45.946187944930216 ], [ 18.25275958758877, 45.946297159550937 ], [ 18.252868802209495, 45.946297159550937 ], [ 18.252868802209495, 45.946406374171659 ], [ 18.252978016830216, 45.946406374171659 ], [ 18.252978016830216, 45.946624803413108 ], [ 18.253087231450941, 45.946624803413108 ], [ 18.253087231450941, 45.946843232654558 ], [ 18.252978016830216, 45.946843232654558 ] ] ] } },
{ "type": "Feature", "properties": { "parcel_id": 131, "area_ha": 6.17, "pixels": 617 }, "geometry": { "type": "Polygon", "coordinates": [ [ [ 18.274930155595797, 45.946078730309488 ], [ 18.274930155595797, 45.945969515688766 ], [ 18.274711726354347, 45.945969515688766 ], [ 18.274711726354347, 45.945751086447316 ], [ 18.274602511733622, 45.945751086447316 ], [ 18.274602511733622, 45.945095798722967 ], [ 18.274493297112897, 45.945095798722967 ], [ 18.274493297112897, 45.944986584102246 ], [ 18.274384082492173, 45.944986584102246 ], [ 18.274384082492173, 45.944877369481524 ], [ 18.274165653250726, 45.944877369481524 ], [ 18.274165653250726, 45.944768154860796 ], [ 18.273728794767827, 45.944768154860796 ], [ 18.273728794767827, 45.944658940240075 ], [ 18.273619580147106, 45.944658940240075 ], [ 18.273619580147106, 45.944222081757175 ], [ 18.274165653250726, 45.944222081757175 ], [ 18.274165653250726, 45.944112867136454 ], [ 18.276240731044485, 45.944112867136454 ], [ 18.276240731044485, 45.943894437895004 ], [ 18.27656837490666, 45.943894437895004 ], [ 18.27656837490666, 45.943785223274283 ], [ 18.277114448010281, 45.943785223274283 ], [ 18.277114448010281, 45.943676008653554 ], [ 18.277442091872455, 45.943676008653554 ], [ 18.277442091872455, 45.943785223274283 ], [ 18.277551306493176, 45.943785223274283 ], [ 18.277551306493176, 45.943894437895004 ], [ 18.277769735734626, 45.943894437895004 ], [ 18.277769735734626, 45.944003652515725 ], [ 18.278643452700422, 45.944003652515725 ], [ 18.278643452700422, 45.944112867136454 ], [ 18.278752667321143, 45.944112867136454 ], [ 18.278752667321143, 45.944658940240075 ], [ 18.278643452700422, 45.944658940240075 ], [ 18.278643452700422, 45.944768154860796 ], [ 18.278534238079697, 45.944768154860796 ], [ 18.278534238079697, 45.944877369481524 ], [ 18.278425023458972, 45.944877369481524 ], [ 18.278425023458972, 45.944986584102246 ], [ 18.278206594217522, 45.944986584102246 ], [ 18.278206594217522, 45.945095798722967 ], [ 18.277988164976076, 45.945095798722967 ], [ 18.277988164976076, 45.945205013343696 ], [ 18.277878950355351, 45.945205013343696 ], [ 18.277878950355351, 45.945314227964417 ], [ 18.277660521113901, 45.945314227964417 ], [ 18.277660521113901, 45.945423442585145 ], [ 18.277442091872455, 45.945423442585145 ], [ 18.277442091872455, 45.945532657205867 ], [ 18.27733287725173, 45.945532657205867 ], [ 18.27733287725173, 45.945641871826595 ], [ 18.277114448010281, 45.945641871826595 ], [ 18.277114448010281, 45.945751086447316 ], [ 18.275913087182314, 45.945751086447316 ], [ 18.275913087182314, 45.945860301068038 ], [ 18.275476228699418, 45.945860301068038 ], [ 18.275476228699418, 45.945969515688766 ], [ 18.275148584837243, 45.945969515688766 ], [ 18.275148584837243, 45.946078730309488 ], [ 18.274930155595797, 45.946078730309488 ] ] ] } },
{ "type": "Feature", "properties": { "parcel_id": 132, "area_ha": 11.05, "pixels": 1105 }, "geometry": { "type": "Polygon", "coordinates": [ [ [ 18.258657177107878, 45.945860301068038 ], [ 18.258657177107878, 45.945751086447316 ], [ 18.258001889383532, 45.945751086447316 ], [ 18.258001889383532, 45.945641871826595 ], [ 18.255380738486153, 45.945641871826595 ], [ 18.255380738486153, 45.945751086447316 ], [ 18.254288592278908, 45.945751086447316 ], [ 18.254288592278908, 45.945314227964417 ], [ 18.254179377658186, 45.945314227964417 ], [ 18.254179377658186, 45.944222081757175 ], [ 18.254070163037461, 45.944222081757175 ], [ 18.254070163037461, 45.943894437895004 ], [ 18.253960948416736, 45.943894437895004 ], [ 18.253960948416736, 45.943676008653554 ], [ 18.254070163037461, 45.943676008653554 ], [ 18.254070163037461, 45.943457579412105 ], [ 18.254179377658186, 45.943457579412105 ], [ 18.254179377658186, 45.943348364791383 ], [ 18.255053094623978, 45.943348364791383 ], [ 18.255053094623978, 45.943239150170655 ], [ 18.257783460142086, 45.943239150170655 ], [ 18.257783460142086, 45.943348364791383 ], [ 18.258547962487157, 45.943348364791383 ], [ 18.258547962487157, 45.943457579412105 ], [ 18.258766391728603, 45.943457579412105 ], [ 18.258766391728603, 45.943566794032833 ], [ 18.258875606349328, 45.943566794032833 ], [ 18.258875606349328, 45.943676008653554 ], [ 18.258984820970053, 45.943676008653554 ], [ 18.258984820970053, 45.943785223274283 ], [ 18.259203250211502, 45.943785223274283 ], [ 18.259203250211502, 45.943894437895004 ], [ 18.259312464832224, 45.943894437895004 ], [ 18.259312464832224, 45.944003652515725 ], [ 18.259421679452949, 45.944003652515725 ], [ 18.259421679452949, 45.944112867136454 ], [ 18.259640108694398, 45.944112867136454 ], [ 18.259640108694398, 45.944222081757175 ], [ 18.259858537935845, 45.944222081757175 ], [ 18.259858537935845, 45.944331296377904 ], [ 18.260186181798019, 45.944331296377904 ], [ 18.260186181798019, 45.944440510998625 ], [ 18.260076967177294, 45.944440510998625 ], [ 18.260076967177294, 45.944658940240075 ], [ 18.25996775255657, 45.944658940240075 ], [ 18.25996775255657, 45.944986584102246 ], [ 18.259858537935845, 45.944986584102246 ], [ 18.259858537935845, 45.945423442585145 ], [ 18.259749323315123, 45.945423442585145 ], [ 18.259749323315123, 45.945641871826595 ], [ 18.259640108694398, 45.945641871826595 ], [ 18.259640108694398, 45.945751086447316 ], [ 18.259203250211502, 45.945751086447316 ], [ 18.259203250211502, 45.945860301068038 ], [ 18.258657177107878, 45.945860301068038 ] ] ] } },
{ "type": "Feature", "properties": { "parcel_id": 133, "area_ha": 5.22, "pixels": 522 }, "geometry": { "type": "Polygon", "coordinates": [ [ [ 18.243257915585758, 45.944877369481524 ], [ 18.243257915585758, 45.944768154860796 ], [ 18.243039486344308, 45.944768154860796 ], [ 18.243039486344308, 45.944658940240075 ], [ 18.242930271723584, 45.944658940240075 ], [ 18.242930271723584, 45.944440510998625 ], [ 18.242821057102862, 45.944440510998625 ], [ 18.242821057102862, 45.944331296377904 ], [ 18.241619696274892, 45.944331296377904 ], [ 18.241619696274892, 45.944222081757175 ], [ 18.241510481654171, 45.944222081757175 ], [ 18.241510481654171, 45.944112867136454 ], [ 18.241401267033446, 45.944112867136454 ], [ 18.241401267033446, 45.943894437895004 ], [ 18.241510481654171, 45.943894437895004 ], [ 18.241510481654171, 45.943785223274283 ], [ 18.241728910895617, 45.943785223274283 ], [ 18.241728910895617, 45.943676008653554 ], [ 18.242165769378516, 45.943676008653554 ], [ 18.242165769378516, 45.943566794032833 ], [ 18.242602627861412, 45.943566794032833 ], [ 18.242602627861412, 45.943348364791383 ], [ 18.242711842482137, 45.943348364791383 ], [ 18.242711842482137, 45.943239150170655 ], [ 18.242821057102862, 45.943239150170655 ], [ 18.242821057102862, 45.943020720929212 ], [ 18.244350061793, 45.943020720929212 ], [ 18.244350061793, 45.943129935549933 ], [ 18.245879066483141, 45.943129935549933 ], [ 18.245879066483141, 45.943239150170655 ], [ 18.246097495724587, 45.943239150170655 ], [ 18.246097495724587, 45.943348364791383 ], [ 18.246315924966037, 45.943348364791383 ], [ 18.246315924966037, 45.943785223274283 ], [ 18.246206710345312, 45.943785223274283 ], [ 18.246206710345312, 45.944112867136454 ], [ 18.245988281103866, 45.944112867136454 ], [ 18.245988281103866, 45.944331296377904 ], [ 18.245660637241691, 45.944331296377904 ], [ 18.245660637241691, 45.944440510998625 ], [ 18.24533299337952, 45.944440510998625 ], [ 18.24533299337952, 45.944549725619346 ], [ 18.244896134896621, 45.944549725619346 ], [ 18.244896134896621, 45.944658940240075 ], [ 18.24456849103445, 45.944658940240075 ], [ 18.24456849103445, 45.944768154860796 ], [ 18.244240847172275, 45.944768154860796 ], [ 18.244240847172275, 45.944877369481524 ], [ 18.243257915585758, 45.944877369481524 ] ] ] } },
{ "type": "Feature", "properties": { "parcel_id": 134, "area_ha": 6.14, "pixels": 614 }, "geometry": { "type": "Polygon", "coordinates": [ [ [ 18.247408071173279, 45.943129935549933 ], [ 18.247408071173279, 45.943020720929212 ], [ 18.246206710345312, 45.943020720929212 ], [ 18.246206710345312, 45.942911506308484 ], [ 18.244677705655175, 45.942911506308484 ], [ 18.244677705655175, 45.942802291687762 ], [ 18.242493413240688, 45.942802291687762 ], [ 18.242493413240688, 45.942911506308484 ], [ 18.242056554757792, 45.942911506308484 ], [ 18.242056554757792, 45.942802291687762 ], [ 18.242274983999238, 45.942802291687762 ], [ 18.242274983999238, 45.942693077067034 ], [ 18.242384198619963, 45.942693077067034 ], [ 18.242384198619963, 45.942583862446313 ], [ 18.242493413240688, 45.942583862446313 ], [ 18.242493413240688, 45.941491716239071 ], [ 18.247626500414729, 45.941491716239071 ], [ 18.247626500414729, 45.943020720929212 ], [ 18.247735715035454, 45.943020720929212 ], [ 18.247735715035454, 45.943129935549933 ], [ 18.247408071173279, 45.943129935549933 ] ] ] } },
{ "type": "Feature", "properties": { "parcel_id": 135, "area_ha": 6.36, "pixels": 636 }, "geometry": { "type": "Polygon", "coordinates": [ [ [ 18.247735715035454, 45.943129935549933 ], [ 18.247735715035454, 45.943020720929212 ], [ 18.247626500414729, 45.943020720929212 ], [ 18.247626500414729, 45.941491716239071 ], [ 18.253305660692391, 45.941491716239071 ], [ 18.253305660692391, 45.942365433204863 ], [ 18.253196446071666, 45.942365433204863 ], [ 18.253196446071666, 45.942583862446313 ], [ 18.253087231450941, 45.942583862446313 ], [ 18.253087231450941, 45.942693077067034 ], [ 18.25275958758877, 45.942693077067034 ], [ 18.25275958758877, 45.942802291687762 ], [ 18.248827861242695, 45.942802291687762 ], [ 18.248827861242695, 45.942911506308484 ], [ 18.248500217380524, 45.942911506308484 ], [ 18.248500217380524, 45.943020720929212 ], [ 18.2479541442769, 45.943020720929212 ], [ 18.2479541442769, 45.943129935549933 ], [ 18.247735715035454, 45.943129935549933 ] ] ] } },
{ "type": "Feature", "properties": { "parcel_id": 136, "area_ha": 8.4, "pixels": 840 }, "geometry": { "type": "Polygon", "coordinates": [ [ [ 18.26095068414309, 45.943129935549933 ], [ 18.26095068414309, 45.943020720929212 ], [ 18.26051382566019, 45.943020720929212 ], [ 18.26051382566019, 45.942911506308484 ], [ 18.259640108694398, 45.942911506308484 ], [ 18.259640108694398, 45.942802291687762 ], [ 18.259530894073674, 45.942802291687762 ], [ 18.259530894073674, 45.942583862446313 ], [ 18.259421679452949, 45.942583862446313 ], [ 18.259421679452949, 45.941491716239071 ], [ 18.266520629800027, 45.941491716239071 ], [ 18.266520629800027, 45.942474647825591 ], [ 18.266629844420752, 45.942474647825591 ], [ 18.266629844420752, 45.942693077067034 ], [ 18.266848273662198, 45.942693077067034 ], [ 18.266848273662198, 45.942802291687762 ], [ 18.264227122764819, 45.942802291687762 ], [ 18.264227122764819, 45.942911506308484 ], [ 18.263244191178298, 45.942911506308484 ], [ 18.263244191178298, 45.942802291687762 ], [ 18.262479688833228, 45.942802291687762 ], [ 18.262479688833228, 45.942911506308484 ], [ 18.262042830350332, 45.942911506308484 ], [ 18.262042830350332, 45.943020720929212 ], [ 18.261824401108882, 45.943020720929212 ], [ 18.261824401108882, 45.943129935549933 ], [ 18.26095068414309, 45.943129935549933 ] ] ] } },
{ "type": "Feature", "properties": { "parcel_id": 137, "area_ha": 7.23, "pixels": 723 }, "geometry": { "type": "Polygon", "coordinates": [ [ [ 18.259094035590778, 45.943020720929212 ], [ 18.259094035590778, 45.942911506308484 ], [ 18.256800528555566, 45.942911506308484 ], [ 18.256800528555566, 45.942802291687762 ], [ 18.255599167727599, 45.942802291687762 ], [ 18.255599167727599, 45.942911506308484 ], [ 18.255162309244703, 45.942911506308484 ], [ 18.255162309244703, 45.942802291687762 ], [ 18.254725450761807, 45.942802291687762 ], [ 18.254725450761807, 45.942911506308484 ], [ 18.254070163037461, 45.942911506308484 ], [ 18.254070163037461, 45.942802291687762 ], [ 18.25275958758877, 45.942802291687762 ], [ 18.25275958758877, 45.942693077067034 ], [ 18.253087231450941, 45.942693077067034 ], [ 18.253087231450941, 45.942583862446313 ], [ 18.253196446071666, 45.942583862446313 ], [ 18.253196446071666, 45.942365433204863 ], [ 18.253305660692391, 45.942365433204863 ], [ 18.253305660692391, 45.941491716239071 ], [ 18.259421679452949, 45.941491716239071 ], [ 18.259421679452949, 45.942583862446313 ], [ 18.259530894073674, 45.942583862446313 ], [ 18.259530894073674, 45.942802291687762 ], [ 18.259640108694398, 45.942802291687762 ], [ 18.259640108694398, 45.942911506308484 ], [ 18.259530894073674, 45.942911506308484 ], [ 18.259530894073674, 45.943020720929212 ], [ 18.259094035590778, 45.943020720929212 ] ] ] } },
{ "type": "Feature", "properties": { "parcel_id": 138, "area_ha": 6.22, "pixels": 622 }, "geometry": { "type": "Polygon", "coordinates": [ [ [ 18.238234043032442, 45.942911506308484 ], [ 18.238234043032442, 45.942802291687762 ], [ 18.2371418968252, 45.942802291687762 ], [ 18.2371418968252, 45.942256218584141 ], [ 18.237032682204475, 45.942256218584141 ], [ 18.237032682204475, 45.942037789342692 ], [ 18.23692346758375, 45.942037789342692 ], [ 18.23692346758375, 45.941710145480521 ], [ 18.236814252963025, 45.941710145480521 ], [ 18.236814252963025, 45.941491716239071 ], [ 18.242493413240688, 45.941491716239071 ], [ 18.242493413240688, 45.942583862446313 ], [ 18.242384198619963, 45.942583862446313 ], [ 18.242384198619963, 45.942693077067034 ], [ 18.242274983999238, 45.942693077067034 ], [ 18.242274983999238, 45.942802291687762 ], [ 18.242056554757792, 45.942802291687762 ], [ 18.242056554757792, 45.942911506308484 ], [ 18.241182837791996, 45.942911506308484 ], [ 18.241182837791996, 45.942802291687762 ], [ 18.239872262343304, 45.942802291687762 ], [ 18.239872262343304, 45.942911506308484 ], [ 18.238234043032442, 45.942911506308484 ] ] ] } },
{ "type": "Feature", "properties": { "parcel_id": 139, "area_ha": 8.72, "pixels": 872 }, "geometry": { "type": "Polygon", "coordinates": [ [ [ 18.266848273662198, 45.942802291687762 ], [ 18.266848273662198, 45.942693077067034 ], [ 18.266629844420752, 45.942693077067034 ], [ 18.266629844420752, 45.942474647825591 ], [ 18.266520629800027, 45.942474647825591 ], [ 18.266520629800027, 45.941491716239071 ], [ 18.274493297112897, 45.941491716239071 ], [ 18.274493297112897, 45.942693077067034 ], [ 18.274602511733622, 45.942693077067034 ], [ 18.274602511733622, 45.942802291687762 ], [ 18.266848273662198, 45.942802291687762 ] ] ] } },
{ "type": "Feature", "properties": { "parcel_id": 140, "area_ha": 9.14, "pixels": 914 }, "geometry": { "type": "Polygon", "coordinates": [ [ [ 18.274602511733622, 45.942802291687762 ], [ 18.274602511733622, 45.942693077067034 ], [ 18.274493297112897, 45.942693077067034 ], [ 18.274493297112897, 45.941491716239071 ], [ 18.283121252150117, 45.941491716239071 ], [ 18.283121252150117, 45.941928574721963 ], [ 18.283012037529392, 45.941928574721963 ], [ 18.283012037529392, 45.942693077067034 ], [ 18.280281672011284, 45.942693077067034 ], [ 18.280281672011284, 45.942802291687762 ], [ 18.274602511733622, 45.942802291687762 ] ] ] } }
]
}
